LOCODE,LAT,LON
AEAUH,24.4667,54.3667
AEAMU,25.8667,55.0167
AEARP,25.5333,55.55
AEFJR,25.1167,56.3333
AEJAZ,25.7167,55.8
AEAJP,26.0333,56.05
AERUW,24.1167,52.7333
AEDBP,25.6167,56.2667
AEDXB,25.25,55.2667
AEFRP,25.25,55.25
AEHZP,25.3,55.3167
AEHSN,24.9,54.9
AEQWE,25.0,55.05
AEKLB,25.0667,56.35
AEKLF,25.3333,56.35
AEMKH,25.35,55.3667
AEKHL,24.8333,54.6667
AEMRP,25.2667,55.2833
AEMZD,24.5167,54.3667
AEAMF,24.3833,54.4833
AERKP,25.8167,55.95
AERMC,25.95,56.05
AERKT,25.7833,55.95
AERWP,24.1,52.7167
AESHJ,25.35,55.3833
AEQIW,25.5833,55.5833
AEYAS,24.4958385,54.6040121
AEZUR,24.8833,53.0667
AEJEA,25.0,55.05
AEAJM,25.4052165,55.5136433
AEDAS,25.15,52.8833333
AEDUJ,25.115,55.1375
AEEND,24.317,54.45
AEHTL,25.983,55.933
AEJED,24.1915137,52.6126027
AEMBS,24.5779154,53.3056266
AEMSA,25.967,56.067
AEPRA,25.284755,55.2756505
AERFA,24.0535567,53.4122052
AESID,24.533,54.4
AEULR,24.433,54.5
AFDHD,36.65,66.9833
AFQLT,32.1,66.8833
AFRKH,34.1298683,71.0839469
AZKMZ,41.4591168,48.8020626
AZQDG,40.25,49.6
AZSHI,39.9167,48.9167
AZSUQ,40.5833,49.6667
AZBAK,40.408005,49.86735
BDASJ,24.0333,91.0167
BDBNP,23.05,88.9
BDCGP,22.3333,91.8333
BDMUN,23.5449195,90.5296275
BDPGN,23.65,90.45
BDPAY,21.9333,90.2667
BDMGL,22.4942196,89.6016171
BHAHD,26.2333,50.65
BHGBQ,26.25,50.6
BHKBS,26.2,50.6167
BHMIN,26.2,50.6167
BHSIT,26.1333,50.6167
BHMSP,26.2,50.61667
BNBWN,4.8833,114.9333
BNKUB,4.5831986,114.2212174
BNMUA,5.0333206,115.0732883
CCCCK,-12.0,96.8333
CNAPP,21.3833,109.8333
CNAQG,30.5167,117.0333
CNANQ,36.4167,119.1833
CNANT,31.3,121.15
CNAJG,27.5833,120.45
CNBCO,25.4667,105.7833
CNBDG,31.0333,110.3833
CNBCG,25.4333,105.8
CNBMJ,19.7,109.2167
CNIMA,35.0167,118.6
CNBYG,30.4333,111.5167
CNBSD,31.4167,121.4833
CNBSP,19.0,108.6167
CNBIH,21.4667,109.1167
CNBIJ,22.9167,113.2
CNSXB,21.3667,110.25
CNPHB,22.6167,114.85
CNBHX,33.7167,119.6167
CNBYN,27.25,120.3333
CNDBX,21.5167,111.0
CNBZG,38.45,118.4333
CNGSA,34.85,118.05
CNCGW,23.4833,111.3167
CNCFD,38.95,118.5333
CNCJG,30.7833,121.4
CNCDH,40.4167,124.8
CNCSH,28.2,112.9833
CNCGS,31.65,120.7167
CNCZX,31.7833,119.9667
CNCHU,31.6,117.85
CNCHY,23.2667,116.6
CNCOZ,23.6667,116.6333
CNCUN,22.95,113.2333
CNCNG,40.9667,117.9333
CNCLJ,29.4333,113.15
CNCHX,31.9167,120.2333
CNCWN,22.4833,113.8833
CNCHI,30.65,117.4667
CNCGM,31.6333,121.4
CNCQI,29.5833,106.55
CNCHZ,32.3167,118.2833
CNCIX,30.1667,121.2333
CNDCB,22.5333,113.8667
CNDDD,24.5333,118.3167
CNDFG,33.1833,120.4667
CNDAL,38.9167,121.6
CNDLD,39.7333,123.7167
CNDMY,25.1833,119.6
CNDDZ,40.1333,124.3667
CNDHU,25.3667,109.4333
CNDPG,22.6,114.5
CNDAS,38.9,121.6
CNDAX,29.8833,121.95
CNDAY,22.6667,114.6667
CNDEF,26.2167,109.1167
CNDEZ,37.4333,116.2833
CNDDW,26.2333,119.6167
CNDFA,19.05,108.9333
CNDGN,39.8833,124.1333
CNDGG,23.0333,113.75
CNDNG,22.95,115.6333
CNDJK,33.6667,108.6667
CNDJT,20.3333,110.4167
CNDGP,21.7167,112.2167
CNDSH,24.6667,118.4667
CNDOX,21.4833,107.9833
CNDYN,37.4167,118.6833
CNDOU,22.2,113.2833
CNEZH,30.4,114.8167
CNFAN,21.7667,108.35
CNFCH,36.7,121.2333
CNFKI,23.05,112.45
CNFUJ,47.25,132.0333
CNFLG,29.7,107.3333
CNFNG,22.65,113.7833
CNFUY,48.35,134.3
CNFZH,26.0833,119.3
CNGAO,32.3,119.85
CNGON,21.9167,113.25
CNGLN,36.3167,103.9333
CNGOM,22.8833,112.8333
CNGGK,23.6333,117.2333
CNGOG,22.7833,113.8667
CNTSG,22.25,112.8
CNGHI,21.9667,112.8
CNGGZ,23.1333,113.2333
CNGUG,23.1,109.6
CNGUI,25.2667,110.2833
CNGIS,22.1333,113.8167
CNGZE,22.6,113.1667
CNHKO,20.0333,110.3333
CNHXG,20.25,108.8333
CNHIG,20.0333,110.1667
CNHME,28.6667,121.4333
CNHRN,45.7333,126.6
CNHEB,39.8833,115.2667
CNHEK,50.2333,127.4833
CNHST,50.2,119.3833
CNENP,22.2,112.3167
CNHNI,23.1667,114.6167
CNHSN,22.7667,112.95
CNHTG,22.65,113.1333
CNBLX,23.1667,114.2667
CNHOU,22.9333,113.6333
CNHZU,24.8833,118.6667
CNHCN,47.0167,130.7
CNHIJ,23.05,112.45
CNHLI,40.3667,115.5
CNAIN,33.6333,119.0167
CNHUH,38.35,117.35
CNHGJ,25.1,107.3333
CNHUN,23.0833,113.5
CNHSI,30.2,115.1
CNANG,29.55,121.5667
CNHYN,28.6333,121.25
CNHID,22.9833,114.7
CNHUI,23.0833,114.3667
CNHUL,45.7833,132.95
CNHUD,40.75,120.85
CNHMN,22.8333,113.6667
CNHZH,30.8667,120.1
CNFKJ,23.45,111.5
CNJMN,22.5833,113.0667
CNJIS,21.6333,108.2667
CNJGY,25.4667,119.3
CNJIA,31.9,120.2833
CNJAX,30.7667,120.75
CNJAY,48.8667,130.3667
CNJIZ,22.8667,116.05
CNHLJ,23.0333,116.3
CNJOG,22.0167,100.8
CNJIJ,32.0333,120.2833
CNJGU,22.5167,113.0167
CNJZK,30.3,112.2667
CNPTJ,25.5,119.7833
CNJNZ,41.1167,121.15
CNJUJ,22.8333,113.0
CNJIU,29.7167,115.9667
CNJUZ,24.0333,117.7
CNJRG,31.9167,119.1667
CNKFG,34.7833,114.3333
CNLZO,37.1667,119.95
CNLSN,35.0667,119.3667
CNLXI,29.2,119.4667
CNLIH,23.0167,115.2667
CNLYG,34.7167,119.4333
CNLIZ,24.7667,112.35
CNLLI,27.6667,113.4833
CNLNH,28.85,121.1167
CNLUI,40.0667,116.75
CNLUD,23.0667,112.0
CNLZL,20.9,110.0667
CNLZH,23.3167,109.4
CNLGU,40.7667,115.5667
CNLGI,26.4667,113.2667
CNLKU,37.65,120.35
CNLGY,37.4333,122.6333
CNLUN,31.7333,116.4833
CNLFN,22.95,115.6333
CNLUH,30.8167,122.6167
CNLUB,47.5667,130.8167
CNLSH,38.6833,121.1833
CNLUS,32.05,121.6167
CNLUZ,28.9,105.4
CNMAA,31.7167,118.4667
CNMAC,19.95,110.0167
CNSHM,23.35,112.6833
CNMJS,30.6667,122.4
CNMWN,22.45,113.8833
CNMAW,25.9833,119.45
CNMSA,24.7,117.0667
CNMIY,40.3667,116.8333
CNMOH,53.0167,122.45
CNNAN,23.4333,117.6833
CNNAH,23.0167,113.15
CNNJK,23.1167,111.8
CNNJI,32.05,118.7667
CNNIN,22.8,108.3167
CNNSA,22.75,113.5833
CNNTG,32.0167,120.85
CNZNZ,20.9167,110.5833
CNNBO,29.8667,121.55
CNNBG,29.9167,121.6667
CNNGB,29.8667,121.55
CNNUD,36.3833,120.8667
CNPAJ,41.1167,122.05
CNPLI,37.8,120.75
CNPXM,22.1,113.1667
CNPGZ,23.0333,113.2
CNPJS,34.3351999,118.01246
CNPDG,31.2333,121.5
CNPUT,24.4333,119.0167
CNPYG,35.7,115.0
CNQSN,22.2333,113.5167
CNQAW,36.05,120.2167
CNLJQ,26.2,119.5167
CNQIN,36.05,120.3167
CNQIG,34.6833,115.7667
CNQLN,19.55,110.8167
CNQGS,41.3667,126.5167
CNQGY,23.7,113.0167
CNSHP,39.9167,119.5833
CNQSA,21.5833,108.4667
CNQZL,24.9333,118.6
CNQZJ,24.9333,118.6
CNJDR,23.5833,116.4333
CNROH,46.8,134.0
CNRPG,23.6667,117.0
CNRZH,35.3833,119.5333
CNRCG,37.15,122.3833
CNROQ,22.7833,113.2667
CNSIQ,26.9667,119.6833
CNSAM,26.2333,117.6167
CNSNS,26.9333,120.2167
CNSJQ,23.1667,112.8667
CNSYA,33.7833,120.25
CNSZA,22.05,113.35
CNNDS,26.65,119.5167
CNSAT,21.6,112.7833
CNSGH,31.2333,121.4833
CNSHA,31.2333,121.4833
CNSGU,30.0,120.8667
CNSXJ,42.8667,90.1667
CNSTG,23.4167,116.7667
CNSAW,28.05,121.2
CNSWE,22.7833,115.35
CNHSC,24.8,113.6167
CNSPA,21.5,111.4833
CNSTI,23.9833,113.9
CNSHT,23.05,113.4333
CNSHK,22.4833,113.9167
CNSNH,24.6167,118.6667
CNSNZ,22.55,114.1167
CNSEY,33.7667,120.25
CNSHD,36.8667,122.4333
CNSIJ,24.6167,118.4333
CNSJU,36.3667,119.55
CNSLO,23.0167,113.5
CNSPI,30.3167,116.65
CNXSP,29.4833,121.85
CNPNY,22.95,113.3667
CNSHH,24.7333,118.6333
CNSTB,21.5833,109.55
CNSAN,23.0,113.0833
CNSDG,21.5167,111.0
CNSIK,22.2333,110.9333
CNSUD,22.8333,113.25
CNSHL,22.8,106.8
CNSKS,39.2833,122.5667
CNSYM,22.8,100.9667
CNSGJ,31.0167,121.2333
CNSON,25.6833,119.5833
CNSBN,47.3,131.85
CNSNN,30.5333,105.5333
CNSUW,49.4167,127.3167
CNSZH,31.3167,120.6167
CNTAC,31.45,121.1
CNTJG,26.0833,119.5
CNTAP,21.0333,110.1667
CNTPW,37.2667,119.8333
CNTZO,32.4833,119.9
CNTZU,32.5,119.9
CNTGG,39.0167,117.65
CNTGS,39.6,118.1833
CNQNH,19.2333,110.4667
CNTNJ,39.0333,117.2
CNTNG,38.9833,117.75
CNTXG,38.9833,117.7
CNTOJ,47.65,132.5
CNTOL,30.9333,117.8
CNTXZ,30.6333,120.5667
CNWIH,22.5833,113.1333
CNWAS,21.9333,113.7167
CNWAZ,22.1833,113.5167
CNWEF,36.7167,119.1
CNWEI,37.5167,122.1167
CNWEG,37.5,122.1667
CNWIT,24.5333,118.6
CNLMG,28.4167,121.9833
CNWSH,23.3667,104.25
CNWZO,28.0167,120.65
CNWHU,21.45,110.75
CNNHN,30.5833,114.2833
CNWHI,31.3167,118.3667
CNWUK,22.85,115.65
CNWXS,31.5667,120.3
CNWUZ,23.4833,111.3333
CNFQX,25.7,119.3833
CNXAM,24.45,118.1
CNXMG,24.35,118.2
CNXIA,34.2833,108.95
CNXTA,27.85,112.9
CNXZI,24.7667,118.7667
CNXTN,29.3333,104.8833
CNXCU,25.2,119.95
CNXAO,22.6667,113.2167
CNXOT,23.0833,112.9833
CNXIJ,21.2833,114.8667
CNLSX,18.5,110.0167
CNXGA,23.0333,113.1
CNXIN,22.5333,113.0167
CNXNA,22.9833,113.5333
CNXIT,23.1167,113.6167
CNING,32.1333,114.05
CNXYI,19.7333,109.2833
CNXTO,21.65,111.7833
CNXYG,25.2333,118.95
CNXUK,49.55,128.4667
CNYJI,21.8333,111.9667
CNYKG,32.55,121.4
CNYPG,19.7,109.2
CNYNG,32.2167,119.8167
CNYZH,32.3833,119.4333
CNYAT,37.4635299,121.44801
CNYTG,37.55,121.4167
CNYTN,26.85,119.8667
CNYIK,40.65,122.2167
CNLJY,21.6167,110.2833
CNYIZ,32.2667,119.1667
CNYFU,24.9833,109.9833
CNYYA,29.3667,113.1
CNYUH,28.1333,121.2333
CNYZU,23.1,113.4167
CNZJB,22.55,113.45
CNZJG,31.8667,120.5333
CNZGS,34.1167,118.3167
CNZGW,26.7,119.5833
CNZZU,24.5167,117.65
CNZNG,21.0833,110.5
CNZDO,46.0667,125.9833
CNZHG,32.55,116.6333
CNZQG,23.05,112.45
CNZPO,21.5667,111.85
CNZPU,30.5833,121.0833
CNZEL,23.5833,117.1
CNZPG,31.6333,118.3833
CNZHE,32.1833,119.45
CNZSN,22.5167,113.3667
CNZGT,23.0833,113.65
CNZHH,39.6833,122.9667
CNZUH,22.2833,113.5667
CNZLO,23.3667,113.3333
CNTAO,36.05,120.3333333
CNXMN,24.45,118.0333333
CNTSN,39.1,117.1666667
CNDLC,38.91666667,121.6666667
CNHUA,23.0566,113.5281
CNFOC,26.05,119.3
CNASW,36.35,120.667
CNBAO,31.2131001,121.5063355
CNBAY,40.230636,122.107814
CNBEI,29.933,121.883
CNBEN,41.28333,123.75
CNCAN,23.12911,113.264385
CNCDE,29.01667,111.66667
CNCGU,31.7666,120.95
CNCIV,22.267,113.067
CNCMG,31.63333,121.38333
CNDAG,38.926984,121.654095
CNDCD,28.45,121.8666667
CNDDG,40.000787,124.354451
CNDFE,32.48333,120.0
CNDGY,37.45,118.48333
CNDJA,35.6,119.767
CNDLP,38.9,121.6
CNDOO,33.63333,108.63333
CNDOP,23.25,115.017
CNDQD,36.067117,120.382612
CNDSN,23.701262,117.430061
CNDXG,38.8828623,121.5278118
CNFCE,36.7,121.23333
CNFOS,23.03333,113.1
CNFZP,25.974642,119.509221
CNGAS,23.28333,115.66667
CNGTE,24.18333,113.4
CNGUT,22.567,114.433
CNGZG,23.114346,113.281455
CNGZP,23.1576366,113.4110535
CNHAP,31.231763,121.484443
CNHAS,23.810227,108.8868
CNHHA,38.36667,117.35
CNHHT,27.1,120.3
CNHMP,31.8195372,121.1249149
CNHOP,23.1,113.41667
CNHSK,30.007232,115.336359
CNHXD,30.199378,122.644701
CNJXN,22.705124,113.316811
CNLZU,28.88333,105.45
CNMAJ,30.017,122.1
CNMBI,23.117,115.083
CNMOG,23.05,112.733
CNMSH,41.304958,123.776572
CNMSN,30.07544,103.848538
CNNEG,23.1,113.417
CNNHS,23.035339,113.226513
CNNJP,32.0750616,118.7706532
CNNKG,32.2125,118.812
CNPLA,37.8,120.75
CNQDG,36.014189,120.20202
CNQHE,37.0399299,115.66718
CNQPU,31.15,121.1
CNQZH,21.979933,108.654146
CNRIA,27.778657,120.655148
CNSBU,22.3666,112.7166
CNSHC,26.314775,116.346995
CNSHG,31.366365,121.61475
CNSHQ,34.414172,115.65637
CNSIN,24.0,113.88333
CNSJI,30.71666667,122.4833333
CNSNW,22.302496,113.363816
CNSTP,23.302822,116.774468
CNSUN,40.11667,116.63333
CNSZP,22.4760219,113.9127408
CNSZX,22.543096,114.057865
CNTAG,31.43333,121.08333
CNTGU,39.029528,117.661226
CNTIZ,32.455778,119.923116
CNTJP,38.982173,117.746172
CNWAI,22.58333,113.13333
CNWFG,36.706774,119.161756
CNWGQ,31.3510027,121.5850272
CNWNZ,27.9110235,120.8554106
CNWUC,23.083,113.417
CNWUH,30.580882,114.29635
CNWUO,23.476963,111.279115
CNWUP,30.4969304,114.3939601
CNXAN,24.633,118.25
CNXCG,30.995032,105.900818
CNXFN,32.01667,112.15
CNXGG,38.98333,117.48333
CNXHK,20.028061,110.309418
CNXHO,23.083,113.433
CNXIU,25.25,119.03333
CNXIZ,22.265811,113.543785
CNXMH,24.485792,118.031683
CNXMP,24.356536,118.206734
CNXSA,23.1,113.25
CNXXY,27.1,120.317
CNYAN,30.61667,122.05
CNYBN,28.76667,104.56667
CNYCG,30.691966,111.286471
CNYGN,25.941937,117.365053
CNYGS,24.466675,112.626495
CNYIB,28.753105,104.642964
CNYNT,37.539058,121.368981
CNYON,23.41667,112.4
CNYSA,30.6174595,122.0852074
CNYSN,24.466675,112.626495
CNYTP,37.41058,121.378119
CNYUF,22.93333,112.03333
CNZAP,30.6,121.06667
CNZGL,21.93333,113.21667
CNZOS,29.985295,122.207215
CNZXN,30.29956,108.039002
CNZYO,27.883,121.117
CXFFC,-10.4167,105.7167
CYAKT,34.6,32.95
CYDHK,34.9833,33.75
CYFMG,35.1,33.95
CYKAR,35.1333,32.8333
CYKYR,35.3333,33.3333
CYLCA,34.9167,33.6167
CYLAT,35.0333,32.4
CYLMS,34.6833,33.05
CYMOI,34.7333,33.2
CYNIC,35.1667,33.3667
CYPFO,34.7667,32.4167
CYVAS,34.7167,33.3167
CYZYY,34.7333,33.3333
CYANM,34.983,34.0
CYARA,34.95,33.58333
CYAVA,34.9968356,33.3694007
CYAYI,34.98333,34.0
CYERG,35.0541055,33.2436859
CYGEO,34.9,32.31667
CYKAP,35.0596159,34.0093716
CYKYP,34.9413934,32.9680834
CYLAR,34.91667,33.63333
CYLFS,34.88333,33.63333
CYLIM,34.65,33.01667
CYLIO,35.0,33.88333
CYLOP,34.66667,33.05
CYNOU,34.8548144,33.5468888
CYORM,34.9923198,33.7791944
CYPAR,35.03333,34.03333
CYPOM,35.16667,32.55
CYPOT,34.96667,33.9
CYPSI,35.05,33.25
CYPYR,35.18333,32.66667
CYTRI,35.05,34.01667
CYXLT,35.0153362,33.7407024
CYXYL,34.96667,33.83333
CYZER,35.13333,32.83333
CYZYG,34.73333,33.33333
GEIES,41.75,45.1667
GEKUL,42.2667,41.6333
GEABK,43.0,41.0
GEBUS,41.6167547,41.6367455
GEPTI,42.1582596,41.67137
GESUP,42.01667,41.71667
HKABD,22.25,114.15
HKCWB,22.2833,114.1833
HKHKC,22.3667,114.1167
HKKWN,22.3,114.1667
HKTST,22.3,114.1667
HKWNI,22.2833,114.1667
HKHKG,22.3,114.1666667
IDAGR,0.85,122.7833
IDANO,5.2333,105.6
IDANR,-6.0667,105.8833
IDBPN,-1.2833,116.8333
IDBLH,5.8167,95.3333
IDBTM,1.0833,104.0333
IDBUR,1.1667,104.0167
IDBAM,-0.9667,102.7333
IDBTW,-3.45,115.9833
IDBLT,-2.8333,107.9167
IDBEN,-8.8667,116.7167
IDBOA,-8.7667,115.2167
IDBYQ,3.5,117.8
IDSZA,-6.2,106.35
IDCXP,-7.7333,109.0
IDCBN,-6.7333,108.5667
IDCIW,-6.0167,105.95
IDDAS,-0.5,104.55
IDDMA,-2.3333,140.1333
IDDOB,-5.75,134.2167
IDDOG,-1.5333,122.25
IDSDA,1.0167,103.5667
IDGTS,-8.6333,115.2
IDGRE,-7.15,112.65
IDINA,-2.1333,132.1667
IDJPU,-6.1833,106.8333
IDJKT,-6.1333,106.8333
IDJWA,-7.7333,112.5
IDDJJ,-2.5333,140.7
IDJEP,-6.5833,110.65
IDJIP,-7.9,110.3833
IDKBH,-8.2167,124.5167
IDKSO,-7.6167,113.8833
IDKSE,-0.789275,113.921327
IDKAU,1.1833,127.9
IDKDW,-2.5333,110.2
IDKOJ,-6.3,106.3833
IDKMD,-8.5833,119.5
IDKUA,4.5333,98.0167
IDKTJ,3.35,99.4833
IDKUM,-2.7333,111.7167
IDLBO,-8.5,119.8833
IDLAH,-0.6167,127.4833
IDLBR,-8.7333,116.0667
IDLBM,1.0,104.2667
IDLTT,0.7667,117.7333
IDMDR,-6.85,112.95
IDMAK,-5.1167,119.4
IDMGB,-8.4833,115.5167
IDMKJ,2.1333,117.7333
IDCTO,-6.0833,106.9167
IDNIP,1.1167,103.55
IDPDG,-0.95,100.35
IDPPO,-3.0833,120.2333
IDPAL,-0.8833,119.85
IDPAZ,-7.6333,112.9
IDPBB,-8.45,117.3667
IDPER,1.0667,102.8667
IDPWG,0.6333,101.6167
IDPLA,-2.9833,104.8
IDPUM,-4.0333,121.5833
IDPBJ,-0.3,115.8667
IDPUT,-3.2833,116.15
IDRNI,3.9167,108.3833
IDSAP,-8.5667,118.9833
IDSKP,1.1333,103.9333
IDSRG,-6.9667,110.4833
IDSZH,-0.95,117.15
IDSTN,-3.2833,116.1667
IDSID,0.9,127.4833
IDSUB,-7.2333,112.75
IDTJQ,-2.75,107.65
IDTJB,1.0,103.4333
IDTNJ,0.9167,104.45
IDTAN,1.05,104.2333
IDTRH,-5.5667,105.3667
IDTBR,-1.0,100.3667
IDTBL,-3.0,106.5
IDUDG,4.0167,106.4667
IDWGP,-9.65,120.2667
IDAKE,1.05,127.967
IDAMP,-8.3405389,115.0919509
IDAMQ,-3.6255302,128.1054495
IDANG,-3.65,130.833
IDAPN,-0.867,121.583
IDASI,-6.65,140.417
IDBDJ,-3.3186067,114.5943784
IDBET,4.133,105.133
IDBGD,-2.733,112.55
IDBGG,-1.591,123.4991
IDBIK,-1.1833,136.0666
IDBIR,-4.817,119.483
IDBIT,1.4403744,125.1216524
IDBJU,-8.1166,114.4
IDBLW,3.784303,98.694221
IDBMU,-8.4166,118.7166
IDBNT,4.167,106.233
IDBTN,-6.4058172,106.0640179
IDBXT,0.1,117.4833
IDCER,-8.817,116.817
IDDJB,-1.6,103.616667
IDDUM,1.6833,101.45
IDELA,-5.65,133.117
IDENO,-0.533,103.4
IDEXS,-1.8,105.133
IDFKQ,-2.9333,132.3166
IDFTG,0.817,102.4
IDGEE,0.833,128.317
IDGTO,0.6999372,122.4467238
IDJBK,-6.25,107.15
IDJBT,-0.883,104.067
IDJOR,-4.183,115.1
IDKDI,-3.9984597,122.5129742
IDKGH,5.25,97.033
IDKHY,-8.483,116.667
IDKID,0.8533655,104.5946633
IDKNL,-1.967,121.333
IDKNT,5.017,105.95
IDKOE,-10.1771997,123.6070329
IDKOK,-2.7,132.433
IDKOL,-4.05,121.567
IDKPL,-0.9,103.8
IDKRG,-1.167,116.783
IDLKI,-3.3,128.05
IDLOM,-8.5,116.667
IDLUW,-0.938828,122.792801
IDMAI,0.883,134.317
IDMAR,-2.983,114.767
IDMBK,0.4,103.783
IDMES,3.5951956,98.6722227
IDMIT,-1.567,130.517
IDMKQ,-8.4991117,140.4049814
IDMKW,-0.8614531,134.0620421
IDMOF,-8.6245515,122.2146964
IDMOR,0.783,128.217
IDMOW,-1.867,121.5
IDMRK,-5.9349331,106.0064628
IDMSB,-1.583,99.2
IDMSK,-0.8,103.917
IDMUW,-0.9349425,114.8985047
IDNPL,-3.217,116.267
IDNTA,1.15,103.6
IDPGA,-6.917,115.917
IDPGM,-0.8,122.617
IDPIR,-3.067,128.183
IDPJK,3.96667,100.08333
IDPLM,-2.9760735,104.7754307
IDPMK,-4.8,136.767
IDPNG,-0.3269444,104.4677778
IDPNJ,-5.4641159,105.3218997
IDPNK,-0.0263303,109.3425039
IDPOT,-8.517,116.833
IDPTL,-0.673877,119.8641634
IDREO,-8.317,120.5
IDSBM,1.117,128.167
IDSDJ,-7.4497718,112.7015495
IDSEP,-7.183,115.783
IDSGU,0.117,110.6
IDSLG,1.7368371,98.7851121
IDSMQ,-2.5394654,112.9586863
IDSOQ,-0.8761629,131.255828
IDSRI,-0.5016166,117.1264753
IDSUA,2.05,117.7
IDSUK,-6.9277361,106.9299579
IDSUM,-7.05,113.95
IDSUN,-8.867,116.55
IDSWT,-1.35,131.0
IDTAB,-3.683,114.417
IDTAR,-3.267,116.083
IDTBO,1.7145909,127.9678652
IDTBU,0.833,128.25
IDTER,3.217,106.217
IDTES,-6.96667,110.48333
IDTJP,-7.2,112.71667
IDTLI,0.8768231,120.7579834
IDTME,0.033,117.517
IDTMK,-4.75,136.55
IDTPN,-3.183,116.267
IDTPP,-6.1,106.88333
IDTRK,3.3273599,117.5785049
IDTTE,0.7957999,127.3613533
IDTUA,-5.633,132.733
IDTZD,1.1846911,124.575545
IDUTC,-6.2087634,106.845599
IDUTE,-6.2087634,106.845599
IDWAI,-3.067,126.533
IDWED,0.333,127.883
IDWSS,-3.567,126.167
ILAKK,32.9167,35.0667
ILBGV,32.5167,34.9333
IL8UH,33.1667,35.4333
ILHFA,32.8,34.9833
ILMSP,32.8,34.9833
ILJUL,31.6833,34.65
ILKY7,31.8333,34.9167
ILKFV,32.3667,34.8667
ILM8A,32.0333,34.9
ILAS2,31.7833,35.3167
ILNAB,32.2167,35.25
ILNAT,32.3333,34.8667
ILOFR,31.95,35.25
ILTLV,32.05,34.75
ILTIB,32.8,35.5333
ILASH,31.83333333,34.63333333
ILAKL,31.6687885,34.5742523
ILAST,31.817,34.65
ILETH,29.557669,34.951925
ILHAD,32.433672,34.919217
ILHBT,32.8,34.983
ILMLE,31.931566,34.872938
INALF,9.4833,76.3167
INATU,12.7333,79.95
INBPT,12.9833,78.1833
INBDH,25.4167,82.5667
INBRU,21.7,72.9667
INBHU,21.7667,72.1333
INMAA,13.0833,80.2833
INCOK,9.9667,76.2333
INDMA,20.8,86.9
INDMQ,20.8167,86.95
INDIG,18.25,72.9667
INEKM,9.9833,76.2833
INERO,11.35,77.7333
INGGV,17.65,83.25
INGRR,22.5167,88.3
INHZA,21.0833,72.6167
INJBD,20.85,71.3667
INIXJ,32.7,74.85
INJDG,21.8833,70.0333
INIXY,23.0333,70.2167
INKAR,10.95,78.0833
INKAT,13.3,80.35
INKTP,13.3,80.3833
INKHO,23.05,72.9333
INCCU,22.5667,88.35
INCCJ,11.25,75.7667
INLNG,21.7333,84.0167
INIXM,9.9333,78.1167
INMAH,11.7,75.5333
INMDV,22.8333,69.3667
INMRM,15.4,73.7833
INMOB,22.8167,70.8333
INMDK,20.75,70.6667
INBOM,18.9667,72.8167
INMUG,25.3833,86.4667
INNPT,10.7833,79.8167
INNGC,8.1667,77.4333
INICD,28.6,77.2
INNTU,8.75,78.2167
INNHV,18.95,72.9667
INNEE,8.9333,76.5333
INORS,20.2333,84.2667
INPRT,20.3167,86.6167
INPAV,20.9667,71.55
INPNY,11.9167,79.8167
INPPV,20.9333,71.5167
INPST,22.4,69.1667
INBPQ,26.3,86.9667
INROZ,22.5667,70.0333
INSAM,17.05,82.1833
INSIK,22.4333,69.8333
INSKK,27.3516407,88.3239309
INSIL,26.7167,88.4167
INSTV,21.1667,72.8333
INTAD,14.5167,74.35
INTHN,19.2,72.9667
INKTK,15.2,76.6833
INZUM,16.5,77.0833
INTUT,8.7833,78.1333
INURA,18.8833,72.9333
INBDQ,22.3,73.2
INVTZ,17.7,83.3
INWAD,18.9833,73.75
INNSA,19.0330488,73.02966
INMUN,22.756025,69.636455
INBLR,12.98333333,77.58333333
INAMD,23.03,72.58
INAIS,11.117,72.733
INBDR,13.866,74.6333
INBED,22.4977692,70.0445662
INBEY,11.173585,75.8040022
INBFR,28.35,77.31667
INBHM,17.8875169,83.4456801
INCDL,11.75,79.75
INCHI,13.2074794,77.9884958
INCNN,11.8744775,75.3703662
INDAH,21.7129335,72.582009
INENR,13.2666,80.35
INERN,9.98333,76.28333
INGAN,21.083,72.633
INGND,28.817,77.883
INGNO,28.467,77.517
INHAL,22.0666742,88.0698118
INIXE,12.9141417,74.8559568
INJAK,23.218611,68.716944
INJNP,18.95,72.95
INKAK,16.9890648,82.2474648
INKAL,25.0345221,86.5981031
INKPI,10.067,73.633
INKRI,14.2886008,80.1248476
INMRI,21.467,72.233
INNAV,21.5177091,70.3163535
INNML,12.9477532,74.8214693
INPPT,20.25,86.583
INSWA,30.85,75.95
INVIG,17.6411439,82.6712877
INVIZ,17.7,83.25
IQHIL,32.4833,44.4333
IQTQD,33.3333,43.5833
IQBGW,33.3333,44.3833
IQOSM,36.3489278,43.157736
IQNJF,31.9833,44.3
IQNSR,31.05,46.25
IQSAM,34.2,43.8667
IQTJI,33.5167,44.2667
IQUQR,30.0333,47.9333
IQZAO,37.1333,42.7
IRAMP,36.0833,52.3667
IRASA,27.4667,52.6
IRBND,27.1833,56.2667
IRAMD,36.7833,53.35
IRBKM,30.4333,49.1
IRBMR,30.55,49.1833
IRNEK,36.8667,53.5333
IRBAZ,37.4667,49.4667
IRBKK,30.4333,49.1
IRBRG,36.7833,53.95
IRMRX,30.5333,49.1667
IRBPA,27.1667,52.9
IRBUZ,28.9667,50.8333
IRDAY,27.8333,51.9333
IRBIK,30.4167,49.0667
IRKSH,34.3,47.05
IRSRP,27.1167,56.0667
IRTMB,27.7167,52.1667
IRBAM,26.85,54.367
IRCYT,29.033,49.467
IRFKR,36.7,52.55
IRKHO,30.4256219,48.1891185
IRNKA,36.833,53.267
IRSBR,32.9926532,47.7596484
IRSRA,27.733,52.15
IRZBR,25.296878,60.6459285
JODAH,31.9,35.9667
JOAQJ,29.5333,35.0
JOAQB,29.5167,35.0
JPAIO,34.7833,134.4667
JPAIG,34.3333,132.5333
JPAMX,34.7167,135.4167
JPOMA,35.6167,139.7833
JPARI,35.6333,139.7833
JPASI,35.5333,139.7
JPAUI,34.5167,133.5833
JPATA,36.4167,136.4167
JPCHG,35.3167,139.4
JPCYU,35.0,137.05
JPFKU,41.4667,140.25
JPFMS,31.4667,131.2167
JPFKM,33.35,129.8
JPFST,27.0441569,128.4508166
JPFTS,35.5833,140.3833
JPGOO,33.8833,135.15
JPGKA,26.35,127.8667
JPHKT,33.6,130.4167
JPHMR,35.7667,139.3
JPHTO,24.4667,123.7667
JPHGN,32.0333,129.9167
JPHIU,35.3167,139.35
JPICO,31.7167,130.2667
JPZKA,33.65,130.6833
JPIKK,33.3833,129.4333
JPIZW,35.25,136.7833
JPISG,24.3333,124.15
JPICW,43.35,141.5
JPIKW,26.4167,127.8167
JPJTS,37.15,138.2333
JPKAU,36.0333,140.2167
JPASU,33.6167,130.4833
JPKKX,28.3167,129.9833
JPKTN,39.2833,141.1167
JPKKJ,33.8333,130.8333
JPKSF,33.4167,131.6167
JPUKB,34.6833,135.1667
JPKOH,24.3333,123.9833
JPKOK,33.8,130.8833
JPAPP,32.8833,130.7833
JPMMD,25.8333,131.2333
JPMJR,34.0333,131.5833
JPMYI,36.4333,139.1667
JPMMY,24.7833,125.3
JPMYT,34.0167,133.8
JPMOJ,33.9,130.9667
JPMYX,31.8167,130.2667
JPNGA,35.85,139.9
JPNOA,26.5833,127.9667
JPNMC,35.5833,138.5833
JPNAN,34.0,131.5333
JPSXZ,36.9833,136.9
JPNAI,35.6667,140.0167
JPXCA,42.3667,142.3167
JPOSG,33.2833,130.2
JPOMC,36.8333,138.4167
JPAOM,37.0167,137.8
JPNOJ,33.5333,130.4833
JPOPA,35.3,139.6167
JPOSA,34.6667,135.5
JPOSM,33.0667,129.6167
JPRYA,35.0607672,136.1244806
JPHSG,33.0833,133.1
JPSSS,32.9333,129.65
JPSYD,34.0833,131.1833
JPSEN,31.8167,130.25
JPSEI,35.4833,136.9167
JPSDJ,38.1333,140.9167
JPSBH,44.1786188,142.4001131
JPSHG,35.6,139.7167
JPSHJ,36.5667,138.0667
JPSUK,32.9167,132.7167
JPTKH,32.3667,130.0
JPTNY,31.2833,130.3167
JPTBT,33.8833,130.8333
JPTBO,33.4833,129.9333
JPTOC,35.5667,140.3667
JPTYO,35.6833,139.75
JPTOX,34.5167,139.2667
JPTOA,33.9167,133.0833
JPTYA,35.0833,137.1667
JPTUB,37.65,138.9333
JPTUZ,34.05,132.2
JPTTK,35.5465011,139.5789316
JPUUN,35.2833,132.9
JPWAM,33.8833,130.8167
JPYCH,35.7333,140.1
JPYWT,33.85,130.8
JPYOK,35.45,139.65
JPYOS,35.2833,139.6667
JPYRO,35.3,136.55
JPYHI,34.1333,133.0333
JPAXZ,35.2833,139.5833
JPNGO,35.08333333,136.8833333
JPABA,44.0206319,144.2733983
JPAFG,39.883,139.95
JPASA,36.5482687,136.6896784
JPAXT,39.7199668,140.1034795
JPBKW,36.483,139.0
JPCHB,35.6074041,140.1065366
JPCHO,35.7346813,140.8266406
JPCHW,26.383,127.917
JPCNS,35.543745,139.4450726
JPFKY,34.4859845,133.3624239
JPFTX,36.8,137.117
JPGTK,35.233,136.85
JPHBK,33.983,130.75
JPHEI,26.2584803,127.744592
JPHHE,40.5122055,141.4882743
JPHIC,36.3966506,140.5347934
JPHIJ,34.3852894,132.4553055
JPHKD,41.7686961,140.7290599
JPHMD,34.8993937,132.0802638
JPHMM,34.7108344,137.7261258
JPHOF,34.033,131.567
JPHSM,32.4230672,131.6722509
JPHTC,36.5991273,140.6504712
JPICK,35.7219115,139.9310099
JPIHA,33.975095,133.284764
JPIMA,34.8802249,132.1908526
JPIMB,34.0662024,132.9977906
JPIMI,33.2650014,129.8804221
JPISI,43.19897,141.315016
JPIWK,34.1667451,132.2191641
JPIYM,33.9804152,133.5490295
JPKAE,33.1037584,130.0985898
JPKAO,33.4659909,135.8503892
JPKBU,31.8522211,130.4525374
JPKCZ,33.5481246,133.2521507
JPKIJ,37.9161244,139.0363708
JPKIS,39.2758046,141.8857275
JPKIT,31.9110956,131.4238934
JPKJK,35.1952974,133.0692446
JPKMJ,32.80394,130.709
JPKNM,33.9,130.917
JPKNZ,36.5610309,136.6566474
JPKOJ,31.5968539,130.5571392
JPKOM,34.0047412,134.5907301
JPKSM,35.9656835,140.6447937
JPKUH,42.9849413,144.3818041
JPKWS,35.5308325,139.7029125
JPMAI,35.4666,135.35
JPMIJ,35.6894875,139.6917064
JPMIK,35.1406987,139.6189289
JPMIZ,34.51543,133.7354835
JPMUR,42.3151792,140.9737666
JPMYJ,33.8393515,132.7653057
JPNAG,35.5578659,133.2812605
JPNAH,26.2125758,127.6790208
JPNAO,37.1858604,138.2550381
JPNAY,32.8251889,129.8750453
JPNGS,32.7503334,129.8778888
JPNGY,34.933,135.7
JPNIH,37.9248713,139.0925911
JPNIK,39.383,140.083
JPNKM,26.2443195,127.729637
JPNTO,34.733,139.533
JPNTY,33.8391574,132.7655752
JPOIT,33.2396084,131.6095148
JPOJO,34.6862971,135.5196609
JPOMZ,34.6379987,138.1280864
JPONA,36.9424912,140.8924708
JPOSO,31.9383034,131.4355808
JPOTK,34.2376953,132.2221691
JPOTR,43.1902372,140.994172
JPOTU,35.0178929,135.8546074
JPOUK,35.327579,133.4795912
JPRBN,42.45,141.167
JPSBS,31.4955583,131.0454228
JPSDS,38.336164,140.826428
JPSET,32.933,129.633
JPSGM,38.31437,141.0220608
JPSHS,33.9575297,130.9411759
JPSKT,38.9147809,139.8366436
JPSMJ,33.867,130.983
JPSMN,35.5396534,133.2316204
JPSMZ,35.0989605,138.9027677
JPSSU,34.433,135.25
JPSSZ,34.833,138.183
JPSTS,31.8,130.3
JPSUZ,33.400745,133.282953
JPTAK,34.342542,134.0465405
JPTAM,34.4919434,133.945987
JPTHS,34.7688528,137.3916837
JPTKS,34.08666,134.552549
JPTKY,34.0756731,131.8252971
JPTMK,42.6312464,141.6031222
JPTOM,33.9199704,134.6595018
JPTOS,36.7666,137.1166
JPTOY,36.6958223,137.2137211
JPTRG,35.6459465,136.0556972
JPTSZ,32.7816335,132.9549889
JPTXD,34.0,131.767
JPTYP,33.2181131,129.427781
JPUBJ,33.9515554,131.2468161
JPUBK,32.199155,130.0203404
JPUSA,33.4510447,133.4417973
JPWAK,34.2303678,135.1707405
JPYAT,32.5083376,130.6018162
JPYKK,34.9651064,136.6244121
JPYMG,34.1859563,131.4706493
JPYOC,32.36709660000001,130.3500788
KHKOS,10.6,103.5167
KHTKH,11.4833,104.95
KHPNH,11.5563738,104.9282099
KHSHV,10.63333,103.5
KHSIH,10.63333,103.5
KPRIW,40.3167,128.6333
KPSIN,40.0667,128.2667
KPSGN,38.7667,125.5833
KPTCH,40.4167,128.9333
KPGEN,39.1538529,127.4460001
KRAWL,33.45,126.3167
KRBIN,36.1167,126.4833
KRBOR,36.3167,126.5
KRBUK,37.5,129.1333
KRPUS,35.1333,129.05
KRCJA,33.95,126.3
KRDBL,34.75,126.4333
KRDCN,36.3167,126.5
KRDHS,34.6833,125.4333
KRTSN,37.0,126.3667
KRTJI,36.9667,126.7833
KRTGH,37.4833,129.1167
KRGGH,34.0667,125.0833
KRGDO,34.3,126.5167
KRKCN,35.0833,129.0
KRGGU,36.35,129.3833
KRKJE,34.85,128.5833
KRGMD,34.0167,127.3
KRKHN,34.8833,128.6167
KRKUV,35.9833,126.7167
KRGRP,35.9833,129.55
KRKAN,34.9333,127.7
KRGIN,37.5333,126.6
KRHLM,33.4167,126.25
KRHDO,34.65,125.1833
KRHPO,36.6667,129.45
KRHHP,34.3,126.6667
KRHSN,33.2333,126.3333
KRINC,37.45,126.6167
KRCHG,36.0,126.6833
KRCHA,33.5,126.5167
KRCHF,35.1333,128.65
KRJMJ,37.8833,128.8333
KRJHA,34.7833,128.3667
KRKDO,34.5333,128.4333
KRKWA,33.5,126.5333
KRMAS,35.2,128.5667
KRMIP,35.5167,129.4333
KRMOK,34.8,126.3833
KRMUK,37.5333,129.1
KRNRD,34.3833,127.25
KRNDS,34.5167,127.1333
KROKK,37.6,129.0333
KROKP,34.8833,128.7
KRONS,35.4333,129.35
KRKPO,36.0333,129.3667
KRPTK,36.9667,127.1
KRSUK,37.4333,129.1833
KRSCP,34.9167,128.0667
KRSWD,35.65,126.1333
KRSPO,33.2333,126.55
KRSSP,33.45,126.9167
KRSEL,37.5167,126.9333
KRSMA,34.4333,126.85
KRSHG,36.0833,129.55
KRSHO,38.2,128.5833
KRSGG,34.8333,126.2167
KRSBU,35.0833,129.15
KRSUO,37.25,127.2333
KRTAN,36.7167,126.2667
KRTGA,37.5333,129.1
KRTYG,34.8333,128.4167
KRULL,37.4667,130.9
KRUSN,35.5333,129.3167
KRWND,34.3,126.75
KRYPD,37.65,125.7
KRYOS,34.75,127.7167
KRYOC,36.65,128.45
KRANJ,34.95,128.433
KRBJG,35.15,129.05
KRBNP,35.083,128.817
KRGUN,37.333,126.983
KRICH,37.45,126.61667
KRKKN,35.907757,127.766922
KRPNC,35.1,129.03333
KRWSN,39.15,127.41667
KWSAL,29.3333,48.0833
KWDOH,29.3833,47.8
KWMIB,29.0167,48.1667
KWMEA,29.0667,48.15
KWMZR,28.7167,48.4
KWSMY,29.3333,48.0833
KWSWK,29.35,47.9333
KZAAU,43.65,51.15
KZBTN,44.5333,50.25
KZTAU,50.05,72.95
LBACT,34.15,35.6333
LBBEY,33.8333,35.4833
LBBYL,34.1167,35.65
LBDRA,33.9167,35.5667
LBSAY,33.55,35.3667
LBZUK,33.9667,35.6333
LBBRU,33.8852731,35.6386901
LBKYE,34.4345947,35.8361633
LKCMB,6.9167,79.85
LKHBA,6.1167,81.1167
LKKCT,5.9833,80.3333
LKMAW,6.0266294,80.360993
LKOLU,7.2833,81.85
LKGAL,6.0535185,80.2209773
MMKYA,16.5667,95.7833
MMTEN,12.0833,99.0167
MMTLA,16.65,96.25
MMRGN,16.8660694,96.195132
MOMFM,22.2,113.5333
MVBAL,5.1333,72.95
MVCPP,4.1667,73.45
MVHID,4.0333,72.9167
MVHTP,-0.6333,73.1
MVHHE,4.1833,73.5167
MVKUL,6.6167,73.05
MVKDP,6.6167,73.0667
MVMMP,3.4667,72.8333
MVMGP,4.1833,73.45
MVMLE,4.1667,73.5
MVMCP,4.1667,73.5
MVRGI,3.6,72.7
MVVHP,4.1833,73.4333
MYBTK,1.8667,103.6167
MYBAK,3.4667,101.6333
MYTJH,4.4667,101.05
MYBTW,5.25,100.4167
MYBTM,5.2833,100.2833
MYBEA,5.3333,115.75
MYHUM,3.8833,100.9333
MYJEL,5.4,100.3167
MYTKP,1.35,103.5833
MYTLA,1.4667,104.0167
MYKPN,3.2167,101.6333
MYKET,4.5167,103.45
MYKSS,5.9457664,100.3641409
MYBST,5.8333,102.5667
MYDGN,4.7833,103.4333
MYKSL,3.3333,101.05
MYLGK,6.3667,99.8
MYMBK,5.7167,100.4167
MYMEN,3.1333,103.45
MYNII,2.8167,101.8
MYPEN,5.4167,100.3167
MYPND,1.55,110.3833
MYPGG,1.3667,104.1167
MYRAI,5.3833,100.3833
MYXPQ,3.0167,101.3667
MYPKG,3.0,101.4
MYBRU,2.5833,111.3333
MYLAU,2.9333,101.3167
MYSIP,3.95,113.5333
MYSAM,1.55,111.5333
MYSAR,2.1167,111.5167
MYSGM,2.5,102.8167
MYSNR,1.6,110.4333
MYSEP,2.7,101.75
MYSGG,2.25,102.0833
MYSUP,2.25,102.1333
MYSUW,3.0833,101.6167
MYTAI,1.4833,103.6833
MYTBI,1.3333,103.55
MYTGE,3.9833,103.4167
MYTAG,6.2833,99.7833
MYTMP,2.1333,111.35
MYTPP,1.3667,103.55
MYASQ,4.4167,100.9833
MYTUB,3.1333,113.7
MYABU,6.117,105.283
MYANG,5.083,104.683
MYBGR,6.95,104.1
MYBKI,5.980408,116.0734568
MYBTU,3.171322,113.0419069
MYCEN,5.567,104.55
MYKCH,1.553504,110.3592927
MYKEM,4.2338358,103.3638015
MYKKH,6.105552,100.291428
MYKUA,3.7633859,103.2201828
MYLBU,5.2831456,115.230825
MYLPK,3.032328,101.36291
MYLUM,4.236302,100.6322198
MYMAN,4.15,100.617
MYMBS,5.3,115.367
MYMKZ,2.19257,102.253
MYMUA,2.048817,102.5715532
MYMUD,7.583,102.983
MYMYY,4.399493,113.9913832
MYNIL,2.802455,101.7988711
MYPAN,3.688114,100.99435
MYPAS,1.356738,104.1294229
MYPBK,3.0,101.4
MYPDI,2.52254,101.7962932
MYPGU,1.470288,103.9029689
MYPJK,3.96667,100.08333
MYPKK,6.1991001,102.0889679
MYPMT,6.117,105.017
MYSBW,2.287284,111.830535
MYSDK,5.839444,118.1171729
MYSUM,2.333,111.833
MYTAS,4.022424,101.0206249
MYTWU,4.244651,117.8911861
OMSUW,23.85,57.4333
OMDQM,19.65,57.7
OMFAH,23.6833,58.5
OMMFH,23.6333,58.5167
OMSTQ,23.6167,58.55
OMMCT,23.6,58.5833
OMQAL,22.7,59.3667
OMSHI,24.7333,56.4667
OMOFC,22.65,59.4333
OMOPQ,23.60917,58.5517028
OMQUO,21.4735329,55.975413
OMSLL,17.0506675,54.1065864
OMSOH,24.3460959,56.7075141
OMSUL,23.617,58.633
PHABU,18.4333,121.45
PHAMU,18.3167,122.05
PHARA,8.8833,126.3
PHATI,13.9833,121.9
PHBLC,8.1539618,117.1264753
PHBGS,8.75,124.7833
PHBSO,20.45,121.9667
PHBTG,13.75,121.05
PHBAU,13.8,121.0
PHBNG,16.5167,120.3167
PHBIN,14.3333,121.0833
PHBOA,13.4333,121.8333
PHBOG,11.05,124.0
PHBOS,7.8667,126.35
PHBRP,8.7667,117.8333
PHBUR,14.8333,121.9667
PHCAJ,12.3667,122.6833
PHCBY,12.0667,124.6
PHCUG,11.4333,124.4167
PHCPC,11.3,124.65
PHCST,13.8833,121.55
PHCSI,11.6,122.7
PHDNO,10.5333,124.0333
PHENI,9.7638429,118.7473298
PHGES,6.1167,125.15
PHGGG,9.5833,125.6833
PHGGM,13.7667,124.3833
PHAQE,10.7,121.9667
PHHIM,10.0833,122.8667
PHBCT,6.7,121.9667
PHJAS,8.65,124.75
PHKAS,7.7833,122.75
PHKLM,6.55,124.05
PHLAC,10.4167,122.9167
PHLAB,8.0667,122.5167
PHLGU,10.3,123.8833
PHLAO,18.1833,120.5833
PHLPU,10.3167,123.95
PHLZB,9.1167,123.6333
PHLGP,13.1333,123.75
PHLEY,11.3667,124.4833
PHLUC,14.4667,120.6167
PHLUG,8.3333,124.25
PHLNO,8.8667,125.05
PHMAB,8.95,124.7833
PHNOP,10.3,124.0
PHMTI,16.4167,121.1
PHMKC,14.55,121.0333
PHMLB,6.5333,121.8667
PHMHT,8.7833,126.2833
PHMDN,8.9167,125.0167
PHMNT,14.6167,121.05
PHNUG,14.0667,120.6333
PHOPO,8.5167,124.5667
PHPPP,16.6167,120.3167
PHPSL,18.55,120.9167
PHPIS,14.5833,121.0
PHPDC,8.5167,123.35
PHPLL,14.7,121.9333
PHIRN,18.3667,122.1
PHSJI,12.35,121.0833
PHSMR,12.0667,121.4
PHTBC,13.35,123.7333
PHTTO,9.55,125.8167
PHTGO,8.5333,124.75
PHTAL,10.1333,124.3167
PHTAN,9.45,123.2167
PHVTL,7.3667,122.2833
PHMNL,14.58333333,120.9666667
PHAJU,11.167,123.033
PHALB,10.967,124.633
PHALC,9.683,123.5
PHAST,6.883,125.45
PHBAC,9.233,123.3
PHBAT,9.183,118.35
PHBCD,10.6666,122.9333
PHBOR,11.967,121.917
PHCDN,9.917,125.667
PHCEB,10.607936,123.8857747
PHCGI,14.383,120.583
PHCGY,8.4542363,124.6318977
PHCRA,11.3,124.683
PHDVO,7.190708,125.455341
PHGHE,9.617,124.3
PHGHG,10.117,123.283
PHGUN,11.033,125.717
PHHIL,10.367,124.75
PHHMH,10.75,125.7
PHLNA,9.25,123.583
PHMNI,11.0,125.65
PHMNN,14.6163986,120.9584279
PHMNS,14.5833333,120.95
PHMTP,9.55,123.15
PHNGT,13.75,121.05
PHODI,12.4,121.983
PHORL,8.483,123.8
PHPAN,7.3,125.683
PHPGA,13.5,120.933
PHPGB,13.967,121.683
PHROM,12.567,122.267
PHSFS,14.7910576,120.2397336
PHSLM,17.783,120.417
PHTON,9.95,123.967
PKKIA,24.8167,66.9667
PKBQM,24.7667,67.3333
PKKHI,24.81666667,66.98333333
PKKBA,24.133,67.433
PKKCT,24.835865,66.9831639
PKPCT,30.375321,69.345116
QARUS,26.2333,51.3333
QASLW,24.7333,50.75
QARLF,25.9333,51.5333
QAUMS,24.9833,51.5333
QADOH,25.2854473,51.5310398
QAHAL,25.6666667,52.4166667
RUABK,44.8667,38.15
RUSAK,50.9,142.15
RUAMV,69.7667,61.6667
RUAGK,52.5333,103.8833
RUBGV,47.3167,40.3833
RUBKT,48.1667,40.7833
RUBOS,49.65,142.1667
RUOLB,43.723141,135.2273801
RUCHA,50.9333,143.6
RUCHB,54.9667,60.3667
RUDHA,55.8667,53.5
RUEKO,64.7,40.6333
RUPOK,51.5,46.1167
RUGVY,57.3,39.85
RUIOY,46.0833,47.7333
RUIVO,57.0167,41.0
RUKAS,54.8333,38.1667
RUKSI,54.9333,41.4
RUKZP,45.4167,36.7667
RUKHO,47.05,142.05
RUKNY,52.4833,48.1
RUKIY,45.0833,133.5
RUKOK,56.7,36.7833
RUXC2,55.6333,37.85
RUKOT,75.632202,138.8649531
RURYK,54.3167,91.55
RUKSO,59.7667,60.4667
RUKRA,56.0167,93.0667
RUKYB,46.2,47.85
RULVR,65.5833,-171.0
RULDY,53.0,39.15
RULES,49.4333,142.1167
RULBU,58.35,40.6833
RUMCX,42.9667,47.5
RUMA2,55.1,38.1667
RUMAS,54.9833,60.1
RUMOW,55.75,37.6
RUMSH,68.8833,-179.4333
RUNAC,55.75,52.4167
RUNJC,60.9333,76.5667
RUNOG,51.8167,143.1
RUNDK,64.4167,40.8333
RUNMK,54.0833,38.1833
RUNVS,44.7167,37.7667
RUOKA,53.5667,143.0
RUOLO,62.0333,35.3333
RUOLP,43.7333,135.2833
RUOYA,45.7833,47.5333
RUOZE,45.8333,47.5667
RUHZO,55.8167,38.9667
RUOZY,54.85,38.55
RUPYO,49.6,128.6833
RUPRY,42.9,133.9
RUPGN,46.6167,142.9
RUPVS,64.3833,-173.3
RURND,47.2333,39.7167
RUSAB,71.25,72.0833
RUSLH,66.5167,66.6
RUKUF,53.2167,50.1667
RUB2L,50.4,36.9
RUSIZ,50.7167,140.4167
RUAER,43.6,39.7167
RUSNG,56.1833,36.9667
RUSLK,65.4167,35.6833
RUTAM,45.2167,36.7167
RUTVK,45.6167,38.9333
RUTOI,53.4667,49.5
RUTDO,45.9167,47.6667
RUUGC,57.5167,38.3167
RUUKK,56.22747,162.469299
RUVAR,68.7833,57.9833
RUVTZ,42.6,131.1667
RUFIP,43.1333,131.9
RUVOG,48.8,44.5833
RUVZH,55.8333,48.25
RUVYP,42.7667,133.05
RUVMS,43.0833,131.8667
RUVYK,55.3167,42.1667
RUDEE,44.0333,145.85
RUZAR,42.6167,131.0833
RUZDK,55.8333,48.5167
RUABC,69.617,162.3
RUAKS,47.25,39.883
RUAMD,69.76667,61.56667
RUAMU,50.217,136.9
RUARM,59.6733284,150.1414857
RUAZO,47.096418,39.414202
RUBKN,62.45,66.233
RUBLK,56.483,43.617
RUBLN,56.8,105.817
RUBOR,57.017,106.233
RUCHM,63.033,65.183
RUCHU,59.267,112.433
RUCPC,44.667,37.65
RUDBK,49.05,44.817
RUDUB,56.75,37.133
RUFPT,43.133,131.9
RUIDG,67.65,49.017
RUKIK,57.76667,108.1
RUKIM,56.883,37.367
RUKLK,58.1,93.767
RUKLT,60.667,77.467
RUKLY,57.233,37.833
RUKMM,69.585656,84.485272
RUKNL,57.15,106.917
RUKOR,46.6353796,142.7841876
RUKRI,57.333,83.95
RUKRY,55.217,82.867
RUKSA,71.1,66.767
RUKTY,62.067,175.3
RUKUB,56.15,98.133
RUKUR,58.95,111.333
RUKVO,58.3,82.933
RUKYI,69.083,49.15
RUKYK,56.033,84.083
RUKZH,56.267,83.983
RUKZM,42.717,133.017
RULEO,57.333,107.45
RULEU,62.183,67.183
RULNK,60.717,114.933
RULUG,57.717,83.8
RUMDY,55.7,51.383
RUMKR,57.483,107.8
RUMOG,57.7,83.583
RUMON,57.6,83.8
RUNAR,58.917,81.583
RUNJK,42.8222753,132.8834039
RUNLK,57.333,107.067
RUNNT,60.93333,76.55
RUNPE,66.75,47.767
RUOKZ,50.317,143.8
RUOMK,60.367,120.417
RUOYE,62.45,66.05
RUPGE,62.983,65.067
RUPHS,59.5,79.417
RUPKC,53.0,158.65
RUPNV,63.783,65.9
RUPSE,42.6541056,130.8062539
RUPTP,57.383,107.517
RURSK,52.55,103.91667
RURUB,58.117,94.517
RUSEW,64.566667,39.866667
RUSKA,42.8711878,131.3784441
RUSTR,58.083,93.033
RUTAG,47.216667,38.916667
RUTAY,57.0,106.65
RUTAZ,67.467,78.733
RUTUA,44.106518,39.0806454
RUUEL,66.167,-169.817
RUVAY,70.417,58.75
RUVKR,67.833,-175.867
RUVLG,57.95,38.4
RUVTM,59.417,112.567
RUVVO,43.1198091,131.8869243
RUVYE,59.383,79.683
RUYAM,68.283,77.15
SADMM,26.4167,50.1
SAJBI,27.0667,49.55
SAAQK,26.2833,50.2
SABUR,26.3167,43.9667
SAJEC,17.2833,42.3333
SAJED,21.5333,39.1667
SAGIZ,16.8833,42.55
SARAZ,27.4667,49.2833
SAVLA,25.0167,37.2667
SAYNB,24.0833,38.0333
SAYBI,23.9833,38.2167
SAAMU,23.467,38.383
SADHU,27.3457474,35.7243073
SAJUB,27.017,49.667
SAJUT,26.917,50.017
SAJYC,21.65,39.1
SAKAC,22.4,39.083
SAKHU,28.05,35.167
SAQAH,18.017,41.667
SAQUN,19.117,41.067
SARAR,28.416667,48.5
SARTA,26.633,50.15
SGBKM,1.2833,103.8167
SGCHG,1.3167,104.0
SGJUR,1.3333,103.7
SGPPT,1.2833,103.7667
SGAYC,1.2667,103.7
SGTUA,1.3167,103.65
SYALD,35.5167,35.7833
SYARW,34.85,35.85
SYBEN,32.1167,20.0667
SYBAN,35.1833,35.95
SYLTK,35.5167,35.7833
SYTTS,34.9,35.9
SYRAD,34.85,35.85
SYTAO,34.967,35.883
THSHT,13.65,100.55
THBNK,7.4167,99.5
THBPK,6.4667,100.7167
THBTP,8.8333,98.3667
THBSP,11.2,99.5167
THBKK,13.75,100.5167
THBTC,13.4667,100.9833
THBAI,13.5,100.6
THCHS,20.3167,100.0667
THECT,13.5833,100.3167
THKPT,16.4667,99.5167
THKAN,7.4,99.5167
THKHA,9.2,99.8833
THKLY,11.7667,102.9
THKSM,9.5333,99.9333
THKRV,8.0667,98.7333
THLCH,13.0833,100.8833
THNKT,9.2333,99.8667
THNRW,6.4167,101.8167
THNHP,13.1833,100.8
THPTN,6.8833,101.2667
THPYT,13.8,100.5333
THPTR,13.6833,99.85
THKRU,13.7,100.6
THPPA,13.6167,100.55
THPKT,7.8167,98.4
THPPC,11.2,99.5833
THRNN,9.9667,98.6333
THSTH,6.7,99.6333
THSBP,13.65,100.55
THSSW,13.6333,100.55
THSGK,7.2333,100.5667
THI6C,13.65,100.5667
THTAB,6.25,102.05
THTRG,7.55,99.6
THUCT,13.5833,100.5833
THBMT,13.6,100.583
THBND,9.183,99.367
THBNG,6.433,101.833
THBNL,13.117,100.117
THBPG,13.8,99.867
THCHA,12.3,102.233
THCHU,10.433,99.267
THERA,17.285368,101.9576317
THKLA,8.05,98.9
THKSI,13.133,100.817
THKTL,13.7,100.58333
THKTY,13.71667,100.56667
THKYO,7.9,98.6
THLAS,9.95,99.15
THMAT,12.65,101.3
THMEK,13.367,99.983
THMTP,12.717,101.15
THNIM,13.6,100.567
THPHA,8.4,98.517
THPKB,6.867,99.717
THPKN,13.6,100.567
THPKP,9.2,99.883
THPLA,17.7114219604,103.2497555834
THSAT,12.633,100.917
THSCS,13.65,100.533
THSGZ,7.2,100.6
THSIC,9.017,99.917
THSIR,13.167,100.933
THSNT,6.617,100.067
THSPS,13.66667,100.53333
THSRI,13.167,100.883
THTAC,12.583,101.883
THTHA,8.667,99.95
THTPP,12.7,100.833
THURT,9.133,99.133
TLDIL,-8.55,125.5667
TMCHE,39.4,53.1333
TMHAL,38.0667,64.8833
TMKRA,40.0167,52.9667
TMKRW,40.0167,52.9667
TRAKB,41.0167,39.5667
TRGKV,37.0167,28.3667
TRAKY,39.5833,26.9333
TRAKD,36.8667,34.7
TRALA,36.5333,31.9833
TRAMR,40.9667,28.7
TRANA,36.0667,32.85
TRAYT,36.8333,30.6
TRAYA,41.9333,34.5833
TRAYV,39.3167,26.6833
TRBDM,40.35,27.9667
TRBTS,41.05,29.0167
TRBBI,41.05,29.05
TRBXN,37.0333,27.4167
TRBOT,36.8167,36.1667
TRBZC,39.8333,26.0667
TRBUY,41.0667,35.9667
TRCAM,41.65,32.3833
TRCKZ,40.15,26.4
TRCES,38.3167,26.3
TRCID,41.9,32.9833
TRDAT,36.75,27.6667
TRDIK,39.0667,26.8833
TREDO,39.5833,27.0167
TRENE,40.7167,26.0667
TRERK,40.3833,27.7833
TRERE,41.2833,31.4
TREYP,40.7667,29.7
TRFAS,41.0333,37.4833
TRFET,36.6167,29.1
TRFIN,36.2833,30.1333
TRFRZ,41.0,28.7
TRFOC,38.6667,26.75
TRGEB,40.7833,29.4167
TRGEM,40.4167,29.15
TRGZE,41.6333,36.1833
TRGIR,40.9167,38.3833
TRGCK,36.75,28.9333
TRGCA,40.1833,25.9167
TRGOR,41.0333,39.0
TRGUL,37.2333,27.6
TRHIS,36.7833,28.1333
TRHOP,41.4,41.4167
TRIDS,40.45,27.3
TRIGN,41.8833,28.0167
TRINE,41.9667,33.7667
TRIDM,36.7167,36.1833
TRISK,36.5833,36.1667
TRIST,41.0167,28.9667
TRIZM,38.4167,27.15
TRIZT,40.7833,29.95
TRKBS,41.0333,29.0
TRKRB,40.4,27.3
TRKKY,41.0333,28.9833
TRKRS,41.0667,30.7833
TRKRT,36.55,35.3833
TRKPE,40.7333,29.9667
TRKAS,36.1833,29.6333
TRKFK,41.2,30.25
TRKMR,36.5833,30.55
TRKN2,38.4,27.1
TRKFZ,40.7833,29.7333
TRKUS,37.85,27.25
TRMVG,36.7667,31.45
TRMRA,40.5833,27.55
TRMRM,36.85,28.2667
TRMER,36.7167,34.6333
TRMFZ,36.8,34.6333
TRMIM,41.0167,28.55
TRMUD,40.3667,28.8833
TRM47,37.0667,41.2167
TRORD,40.9833,37.8667
TR9AK,41.0167,29.2667
TRPZR,41.1667,40.8833
TRKSP,41.1167,30.6667
TRRIZ,41.0333,40.4833
TRRZY,40.7654408,29.9408089
TRSSX,41.2833,36.3333
TRSRS,36.671373,36.217635
TRSLE,41.1667,29.6
TRSIL,41.0667,28.25
TRSIC,42.0167,35.1333
TRSUR,40.9,40.1167
TRTAS,36.3167,33.8667
TRTEK,40.9667,27.5167
TRTIR,41.0,38.8
TRTGT,36.9167,35.9833
TRTZX,41.0,39.7333
TRTUZ,40.8333,29.25
TRUNY,41.1333,37.2833
TRVAK,41.0333,39.2667
TRYAL,40.65,29.2667
TRYIK,36.2,33.6667
TRYPO,40.7667,29.5333
TRADY,36.7667,35.7833
TRZON,41.45,31.7833
TRAKC,40.1,26.383
TRALI,38.799561,26.97074
TRAUT,40.717,29.867
TRBBP,39.467,26.067
TRDAR,40.7738633,29.4002978
TRDIL,40.776803,29.526321
TRDRC,40.75,29.8333
TRDYL,36.867,36.2
TRHAS,41.033,28.967
TRHAY,40.9968247,29.0192939
TRHER,40.793768,29.626024
TRKMX,40.95,28.817
TRLMA,40.717,29.883
TRMAD,41.017,28.95
TRMAL,40.935676,29.139722
TRMPT,40.96794,28.6743808
TRNEM,38.7833,26.9166
TRSRL,40.667,27.667
TRTUR,40.1727599,29.32398
TRUSK,41.017,29.05
TRYAR,40.767682,29.756801
TWHUK,24.9,121.05
TWSHL,25.1,121.2167
TWTPE,25.0333,121.5167
TWWTU,25.0833,121.6667
TWKEL,25.15,121.7333333
TWANG,25.083,122.0
TWBAL,25.15,121.4
TWKHH,22.6272784,120.3014353
TWNAN,23.9,120.683
TWTXG,24.1477358,120.6736482
TWTYN,24.9936281,121.3009798
UZAKT,40.4972298,68.7095356
UZASA,40.633,72.233
VNTRE,10.2333,106.3833
VNBLG,10.5667,105.25
VNHNH,14.4333,109.0167
VNCCU,9.9833,106.5
VNCLN,20.971097,107.0442957
VNTOT,10.3833,107.0833
VNCMT,10.5167,107.0
VNBAN,11.9,109.15
VNVCA,10.0333,105.7833
VNCLI,10.7667,106.7833
VNCLO,18.8,105.7
VNDAD,16.0667,108.2167
VNDN3,18.1667,106.2833
VNDNA,18.0833,106.3167
VNDXN,10.4,107.1
VNDQT,15.4,108.7
VNHAN,21.0333,105.85
VNSGN,10.7667,106.6667
VNHLP,17.9333,106.5167
VNITX,10.8333,106.75
VNLAP,10.5333,106.7333
VNLBT,10.9333,106.8333
VNLPO,10.7333,106.7333
VNNCN,8.8167,105.0167
VNNHD,20.8167,106.85
VNNGT,20.4,106.15
VNNGH,19.3333,105.8333
VNNHT,10.7167,106.85
VNNIH,12.4833,109.1333
VNPHG,10.7167,106.95
VNIPH,10.7,106.95
VNQBH,17.5,106.3333
VNUIH,13.7667,109.2167
VNRQU,18.45,105.3167
VNSAD,10.3,105.7667
VNSDP,18.1,106.45
VNSON,9.0496377,104.8337879
VNHPP,10.6333,106.7167
VNTTD,10.7333,106.7167
VNTHD,10.9667,106.65
VNVHG,9.15,105.1333
VNVNH,18.7333,105.6667
VNVAG,18.0667,106.4333
VNVUT,10.35,107.0667
VNHPH,20.86666667,106.6833333
VNBCD,8.65,106.55
VNBDG,10.9,106.833
VNBMH,10.333,105.817
VNBNG,10.75,106.733
VNBNO,11.9,109.15
VNBSE,10.683,106.767
VNCCA,20.867,106.683
VNCMY,16.333,108.0
VNCSG,10.833,106.75
VNCUA,18.817,105.717
VNCUV,16.9,107.167
VNCVE,20.867,106.7
VNDMO,12.667,109.4
VNDTH,10.483,105.567
VNDTS,16.117,108.2
VNDVU,20.9,106.767
VNDXA,20.867,106.683
VNGDA,10.65,107.017
VNGDB,10.617,107.017
VNHAP,20.86667,106.66667
VNHCH,12.2729701,109.2064297
VNHLG,20.95,107.067
VNHON,20.9536125,107.0687079
VNHSN,16.1,108.233
VNITF,10.53333,107.01667
VNKYH,15.483,108.683
VNKYQ,15.467,108.683
VNLBN,11.25,107.5
VNLTH,10.783,106.95
VNMTH,10.35,106.35
VNNVT,16.05,108.217
VNOCL,10.733,106.767
VNONB,10.7,106.733
VNOSP,10.75,106.783
VNPHB,16.367,107.733
VNPHU,10.7161298,106.7411559
VNPQC,10.217,103.967
VNQNH,17.4,106.633
VNQNT,13.7718892,109.2375596
VNRDG,19.9903705,106.140451
VNSIP,10.56667,107.01667
VNSIT,10.6,107.017
VNSPC,10.633,106.75
VNSTR,10.817,106.75
VNTCG,10.7947506,106.7219896
VNTCN,14.65,107.833
VNTCT,10.53333,107.01667
VNTHU,15.5,108.667
VNTMT,13.767,109.233
VNTNA,13.767,109.25
VNTNO,10.1,105.7
VNTPP,11.067,106.8
VNTVN,20.867,106.683
VNVCH,20.883,106.6
VNVCT,10.06667,105.73333
VNVIC,10.7687304,106.7380677
VNVLG,10.233,105.967
VNVPH,20.85,106.633
VNVRO,12.85,109.417
VNVSS,12.483,109.283
YEHOD,14.8333,42.9
YELAD,12.7333,44.8667
YEPRM,12.65,43.4167
YESCT,12.5,54.0
YEADE,12.7854969,45.0186548
YEMKX,14.5404328,49.127197
AMJER,39.8172259,45.6727334
NPLLU,27.6571887,84.059029
AGFAM,17.0167,-61.7833
AGPHM,17.0833,-61.75
AGSJO,17.1167,-61.85
AGANU,17.0746557,-61.8175207
AGBBQ,17.626798,-61.7707288
AIMBB,18.1667,-63.1333
AIBLP,18.177343,-63.093518
AIFOR,18.1939817,-63.0456652
AISOM,18.6,-63.467
AIWLL,18.205021,-63.054302
AWAUA,12.5,-69.9667
AWBAR,12.4833,-69.9833
AWORJ,12.5092044,-70.0086306
BBBGI,13.0968511,-59.6144819
BLSBH,17.9,-62.85
BLGUS,17.9,-62.85
BMSEV,32.3,-64.75
BMSGE,32.3833,-64.6833
BMSAN,32.3,-64.8667
BMSOU,32.25,-64.85
BMBDA,32.2945837,-64.7858887
BMFPT,32.3220181,-64.8373657
BQBON,12.1167,-68.2667
BQRIN,12.2333,-68.3333
BQKRA,12.15,-68.2667
BQSAB,17.6333,-63.2333
BQEUX,17.4833,-62.9667
BSBKC,23.8167,-76.1667
BSCEL,24.9314461,-76.1899661
BSCOX,24.15,-77.5333
BSGOC,26.0833,-77.5333
BSEXU,23.5333,-75.8333
BSGHC,25.75,-77.8333
BSGTC,26.75,-77.3333
BSHBI,25.5,-76.6333
BSHMC,24.5833,-75.9167
BSMHH,26.5333,-76.9667
BSNAS,25.0833,-77.35
BSRSD,24.9,-76.2
BSSML,23.6,-75.3
BSTBI,24.3167,-75.4
BSWTD,26.6833,-78.9667
BSCBT,24.033,-74.517
BSCOC,25.817,-77.933
BSFPO,26.5416093,-78.6455475
BSGSC,25.833,-77.9
BSLUC,26.517,-78.633
BZBAR,16.0,-88.9167
BZDGA,16.9667,-88.2167
BZBZE,17.5045661,-88.1962133
CAALK,54.9167,-58.9167
CAAGU,48.55,-58.7667
CAANZ,56.4333,-111.0333
CAARB,73.0333,-85.1667
CANWP,47.3,-54.0
CAARI,45.5167,-61.0167
CAARC,47.7667,-53.9833
CAYEK,61.1,-94.05
CAASQ,52.1167,-107.2167
CAALV,47.9833,-66.7167
CAAVO,47.4167,-53.2
CAAVP,45.1,-64.25
CABVE,49.9167,-56.1833
CABJO,50.3,-62.8333
CABLK,64.3167,-96.0333
CABAA,45.0,-79.6
CABDR,44.4667,-63.5667
CANTR,50.4833,-111.7333
CABAN,43.5667,-65.5667
CABBU,47.3333,-52.8333
CABYR,47.5833,-53.3
CABST,45.1333,-67.1167
CABPO,46.0167,-62.4833
CABEA,50.5167,-126.8667
CABEC,46.3333,-72.4333
CABDF,44.7167,-63.6833
CABFR,47.6833,-65.7
CABOB,44.5333,-78.55
CABOR,46.25,-63.7
CABWD,49.15,-55.3667
CABUE,46.4667,-64.7167
CABC2,50.4167,-112.2667
CABNI,49.3667,-123.3333
CABRD,48.5833,-123.45
CABUA,47.8333,-53.8667
CABUO,47.6,-57.6333
CABUI,47.05,-55.1833
CABUS,48.7,-53.8
CABIN,49.3,-123.1833
CAYCB,69.1167,-105.0833
CACAM,50.0167,-125.25
CACBF,44.3,-77.7833
CACAH,45.3333,-61.0
CACAC,49.0833,-66.6833
CACPY,47.6333,-59.3
CACSI,47.0333,-70.45
CACBY,49.8667,-99.35
CACRB,47.7333,-53.25
CACMV,49.3667,-54.2667
CACAT,48.5167,-53.0833
CACIL,49.6667,-54.4167
CAPBQ,47.5667,-59.15
CACHA,46.2333,-63.1333
CARRE,46.9667,-71.0167
CAYCS,63.3333,-90.7
CACTR,51.0333,-113.8167
CACHT,46.6167,-61.0167
CACHV,58.7667,-94.1833
CACLE,48.15,-53.9667
CACLH,43.45,-65.6333
CACWT,51.65,-120.0333
CACVA,44.65,-64.0
CALLF,43.9667,-80.9667
CACAU,49.2890842,-123.1224997
CACBG,43.9667,-78.1667
CACYP,47.5833,-53.2667
CACBC,47.85,-53.9833
CACSJ,46.4833,-80.85
CAYZS,64.1333,-83.1667
CACBK,48.95,-57.9333
CACWH,49.9,-57.7833
CACRA,49.75,-112.35
CACCI,49.1333,-98.95
CAYDH,50.2333,-57.5833
CADEI,44.9667,-66.9667
CADEL,49.0833,-123.0
CADSA,49.55,-124.8
CADIL,47.55,-53.55
CADWL,46.9,-60.4667
CADLN,43.5,-81.2833
CAETA,45.4833,-71.6667
CAXVX,50.7333,-104.6333
CAEND,54.0833,-125.0167
CAEBY,49.2667,-123.1667
CAETN,47.3667,-61.9333
CAETZ,49.4833,-111.1
CAFLR,44.8167,-63.6167
CAFOG,49.7167,-54.2833
CAZFT,43.1,-82.0
CAFFS,48.6,-93.4
CAFKN,65.1833,-123.4167
CAFLY,49.1667,-122.5667
CAFMA,57.1833,-111.6333
CAFWL,48.4,-89.2333
CAFOR,47.0667,-55.8333
CAFWS,50.9667,-119.2
CAFSD,49.1167,-122.7333
CAFRE,45.95,-66.65
CAGLT,43.35,-80.3
CAGAN,48.95,-54.55
CAGPE,48.8333,-64.4833
CAYHK,68.6167,-95.8333
CAGLB,46.2,-59.9667
CAGOO,53.4,-60.1667
CAGRB,47.1,-55.7833
CAGMA,44.7,-66.8
CAEDI,46.2833,-64.55
CAYGZ,76.4167,-82.95
CAHCC,44.5667,-63.9333
CAOON,43.6167,-79.95
CAHMP,49.5333,-56.8667
CAHVR,44.1333,-81.0167
CAHHB,48.0167,-53.2667
CAHBR,47.4833,-55.8333
CAHRE,47.6833,-53.25
CAHAR,56.130366,-106.346771
CAHON,44.1333,-78.1833
CAHEB,48.3833,-71.6833
CAHBN,58.2,-62.6333
CAHMM,45.05,-73.6
CAHLI,69.5667,-139.0667
CAHIB,44.3333,-64.9833
CAHOD,47.3833,-53.1333
CAHOP,55.45,-60.2167
CAHRF,52.3333,-121.4167
CAIGL,69.3667,-81.8167
CASIM,51.3333,-105.4333
CAIAM,49.3667,-122.8667
CAIKM,45.0333,-75.4
CAIVM,50.5167,-116.0333
CAIQL,63.7333,-68.5
CAIVN,49.95,-110.2667
CAISL,53.8667,-94.6667
CAJAC,49.8667,-56.8
CAJEG,45.8167,-66.1
CAKLO,49.9,-116.9167
CAKHO,45.8833,-80.7333
CAKNE,46.2167,-71.3833
CAKOV,61.55,-77.7333
CAFCM,58.1,-68.4
CALMW,49.7,-97.2667
CAAAB,54.7667,-111.95
CALDT,45.7167,-70.85
CALSE,42.2833,-82.7333
CALDS,52.2167,-87.8833
CALB3,48.4667,-64.3
CAALO,51.5167,-56.8333
CALZV,49.25,-124.0833
CALVH,47.4167,-79.2833
CAMHN,49.0,-66.9667
CALEV,46.8,-71.1667
CALWP,49.2333,-55.0667
CAILS,45.3,-74.0333
CALOB,43.0,-81.4167
CALCP,43.7,-65.1167
CALMD,49.45,-57.7667
CALOH,47.4333,-53.8
CALOP,48.0,-55.9167
CALOU,45.9167,-59.9833
CALWB,42.8667,-79.45
CALCV,48.5167,-59.0
CALWH,43.5167,-65.7333
CAMAB,46.0667,-61.3833
CAMAG,45.2667,-72.15
CAMBR,51.1833,-56.0167
CAMTI,48.1333,-78.1167
CAYMH,52.3167,-55.8333
CAMTN,47.1667,-55.1667
CAMFD,44.6,-80.6
CAMGH,45.6167,-62.4167
CAMSW,52.4,-110.6333
CAMLK,47.05,-65.45
CAMNI,72.2467491,-80.5453401
CAMYO,45.7333,-82.1667
CAMSV,44.6833,-63.3667
CAMTO,43.9134019,-80.8717169
CAMIB,49.1333,-122.3
CAMOL,49.2167,-65.75
CAMRE,45.6333,-73.5
CAYMD,76.2333,-119.35
CAMUS,44.7833,-63.1333
CANAI,56.55,-61.6833
CANAK,50.2333,-117.8
CANAN,42.8,-80.0667
CANMT,49.6,-119.5833
CANS3,46.25,-60.55
CANLS,49.4833,-117.3
CAEWT,49.9333,-98.0667
CANOL,43.25,-79.0667
CANCV,47.55,-53.6667
CANRB,49.8833,-121.4667
CANDL,49.5333,-98.55
CANBC,46.0,-72.35
CAOAJ,49.9167,-98.0
CAODE,44.2667,-76.7167
CAOVR,49.1667,-119.55
CAOLS,45.45,-75.5333
CAPHL,45.0333,-73.0667
CAPSV,44.3333,-64.4333
CAPHM,47.4833,-69.2833
CAPEW,43.0,-82.4
CAPTU,45.6,-61.3667
CAPNO,50.15,-66.4833
CAPXT,45.65,-73.4833
CAPOI,45.4333,-73.7333
CAPFT,45.5667,-74.3667
CAPAP,48.55,-58.7167
CAPEL,46.0333,-64.0833
CAPMA,50.5833,-127.1
CAPWE,43.2167,-79.2167
CAPAF,48.3333,-70.8833
CAPCA,50.0167,-66.8667
CAPDL,48.1833,-64.9833
CAGPD,48.1667,-64.9167
CAPME,49.8167,-64.35
CACQ5,48.4,-78.3667
CAVOS,45.8667,-74.0833
CAPPT,44.4667,-63.7833
CARAM,47.5167,-57.4167
CARIT,62.8167,-92.0667
CARDL,47.8333,-69.5333
CARTB,49.0667,-123.1667
CARSV,46.1333,-71.2167
CARCD,43.6167,-80.1333
CAABR,51.1833,-113.9333
CAROD,50.85,-56.1167
CARPO,48.8333,-87.5167
CASAG,48.4167,-71.0667
CAS8A,53.6333,-113.6333
CASAT,51.3833,-55.6
CASTD,45.0167,-73.0333
CASAU,51.2333,-58.65
CABOJ,48.4667,-71.6667
CASCA,43.1667,-79.2333
CAZCR,45.6833,-73.1833
CASDN,46.3333,-73.4833
CASCT,45.4,-73.5833
CASFI,46.9667,-70.9667
CASEU,45.5667,-73.9
CAST3,45.8,-72.1833
CASFX,46.1667,-73.4
CASFR,46.0667,-72.8333
CAW4C,48.4833,-71.7833
CAXZC,45.2667,-71.5167
CASJB,45.2667,-66.0667
CASJF,47.5667,-52.7333
CAXJH,46.3,-70.8667
CASLT,45.4833,-73.5
CASLW,46.9,-55.4
CASMS,46.9167,-53.5833
CASPA,47.5333,-69.8
CASPI,45.45,-73.6333
CASRO,46.75,-71.2333
CASST,46.6333,-53.6
CAZTI,46.7333,-72.5667
CASZT,45.2333,-74.25
CASBH,48.8167,-64.4167
CASF2,49.6667,-97.4333
CASYW,50.35,-125.9167
CASED,52.7667,-111.6833
CASEM,49.6,-54.1667
CASEI,50.2,-66.3833
CASEB,59.4167,-63.75
CASNV,49.65,-108.4
CASHH,44.9333,-62.5333
CASLB,44.0667,-80.2
CASIO,50.8333,-118.9833
CASPN,47.6167,-53.3
CASLK,56.25,-96.1
CASPD,49.4833,-56.1
CASTV,48.55,-58.5667
CASYI,43.4667,-65.5667
CASMT,45.2167,-61.7333
CASYL,52.3167,-114.0833
CATHA,43.05,-80.9833
CATWN,49.0,-123.0667
CATTL,48.9833,-123.6833
CATHH,51.7,-113.2667
CATCV,49.8833,-55.6167
CATJN,46.2667,-71.0
CATRO,51.8333,-113.2333
CATWI,49.65,-54.75
CAUCL,48.9333,-125.5167
CAUPT,45.6333,-72.6833
CAVLF,45.25,-74.1333
CAVCH,45.7667,-73.35
CAVIC,48.4333,-123.35
CAVOB,56.25,-61.85
CAWTN,45.2167,-64.0167
CAWVR,49.3333,-123.15
CAWTO,44.6833,-76.4
CAYXN,62.1667,-92.5833
CAWWO,53.6167,-115.2333
CAYWM,52.55,-55.7833
CAWDR,44.9833,-64.1333
CAZYE,46.2833,-72.8333
CATOR,43.63333333,-79.38333333
CAMTR,45.5,-73.58333333
CAABL,44.05,-81.717
CABCK,44.5895244,-75.6842858
CABKA,49.55,-113.767
CABLD,43.767,-80.333
CABRL,43.325794,-79.800948
CABRW,44.3721167,-64.5208798
CABSK,44.1,-78.783
CABUK,45.633,-79.45
CABWV,43.9126042,-78.688019
CACCV,49.333,-54.867
CACHI,48.3516735,-71.1385136
CACHN,47.0451445,-65.3702403
CACOC,45.8654102,-73.2412825
CACQT,49.233,-122.817
CADCS,42.983,-81.067
CADHS,44.6375134,-63.5923004
CAEDC,56.833,-62.5
CAESQ,48.435842,-123.411234
CAGDE,46.63333,-72.68333
CAGNN,44.55,-76.267
CAHAL,44.6487635,-63.5752387
CAHAM,43.2557206,-79.8711024
CAKEE,44.25,-78.167
CAKKR,46.3228776,-63.6026862
CAKVL,42.0362841,-82.7389809
CALAC,45.441347,-73.6885847
CALIQ,47.1,-70.35
CALMN,42.0531634,-82.5998874
CAMBT,51.0,-97.0
CAMNT,46.088778,-64.779383
CANAF,49.1761138,-123.1577516
CANWE,49.2057179,-122.910956
CAOPE,43.949164,-78.2934616
CAPIC,44.0073128,-77.1423692
CAPRG,53.918241,-122.749702
CAPRR,54.309805,-130.33721
CAPTH,44.767,-79.933
CAQCH,53.25,-132.067
CAQLE,48.35,-69.417
CAQUE,46.831454,-71.192992
CARBN,48.25,-58.783
CAREL,50.15,-66.45
CARRC,48.95,-88.283
CASCP,46.033,-71.917
CASDM,49.117,-66.483
CASQA,49.7016339,-123.1558121
CASRA,45.85,-73.583
CASRS,45.65,-60.867
CASTC,43.2272182,-79.7195586
CASTK,49.583,-99.45
CASUY,49.183333,-122.85
CASVD,46.0,-73.167
CATBY,44.55,-80.45
CAVAN,49.303555,-123.0475
CAVIH,44.75,-79.767
CAWAL,42.5926445,-82.3882529
CAWEL,42.9921579,-79.2482555
CAWHH,47.75,-54.033
CAWHI,43.8975446,-78.9429329
CRABG,10.2833,-84.95
CRCAB,9.9333,-85.0
CRCAI,10.0667,-85.4667
CRCAL,9.95,-84.7167
CRCOM,10.05,-84.9167
CRCIR,10.5,-85.35
CRCYL,10.0,-84.25
CRCRR,9.9167,-84.0333
CRCUT,10.6833,-84.3667
CRFIL,10.45,-85.5667
CRFPN,10.15,-84.2
CRGLF,8.65,-83.15
CRGDP,10.6,-85.6833
CRGDA,10.5667,-85.6
CRGUA,10.6667,-84.8167
CRJIC,9.9667,-85.1167
CRLAF,10.4833,-84.65
CRTIG,9.9333,-85.15
CRMOB,10.0,-83.0833
CRMUE,10.4667,-84.4667
CRNAN,10.0333,-85.2
CRNAR,10.1,-84.3833
CRCDN,8.65,-82.9333
CRORO,9.9,-84.5333
CRPAN,8.9667,-83.4667
CRPAR,9.5167,-84.3167
CRPIT,9.7333,-85.45
CRPTC,9.95,-84.7167
CRLIO,10.0,-83.0333
CRVDT,9.65,-82.7667
CRPUM,10.0667,-84.9667
CRPAS,9.9667,-84.8333
CRQGG,10.4333,-84.95
CRRCD,10.35,-84.2333
CRRIO,9.7833,-85.1833
CRRJI,10.25,-83.6
CRSAM,9.8833,-85.5333
CRSAN,9.8,-84.1667
CRSJO,9.9333,-84.0833
CRMTZ,9.6667,-84.0333
CRSSP,10.0833,-84.25
CRSMP,10.6167,-84.5167
CRSRP,10.3667,-84.6167
CRSPI,10.4833,-84.0167
CRSRI,10.0833,-84.35
CRSIX,9.5167,-82.6167
CRTRE,9.9,-85.1833
CRTUA,9.6167,-84.5167
CRZAR,10.1833,-84.4
CRCTC,10.0101333,-84.0114544
CRHSA,10.483,-84.017
CRPMN,9.9924257,-83.0951852
CRPOA,10.033,-84.333
CRSRG,10.667,-84.817
CUBHO,22.9,-83.1667
CUBAN,20.9667,-75.7167
CUBOG,21.5833,-78.6667
CUBUF,21.5667,-77.2333
CUCAB,22.9833,-82.9167
CUCAI,22.5167,-79.4667
CUCMW,21.3833,-77.9167
CUCAR,23.0333,-81.2
CUCAS,21.7667,-80.0
CUCEI,20.2167,-77.3333
CUGIB,21.1,-76.1333
CUJUC,21.6333,-78.85
CUHAV,23.1167,-82.35
CUMAR,23.0,-82.75
CUMEL,20.15,-77.4333
CUNIQ,20.05,-77.5833
CUNVT,21.55,-77.2667
CUPAL,21.6,-78.9667
CUVIT,21.0833,-75.9667
CUPAS,21.55,-77.2167
CUMNT,21.3667,-76.8333
CUPPA,21.2,-76.6
CUPTA,21.5667,-77.25
CUSDT,20.5833,-75.2333
CURSL,22.8,-80.0667
CUTDZ,21.6333,-79.55
CUSCU,20.01693,-75.8301537
CWBUB,12.1667,-69.0
CWCRB,12.0667,-68.85
CWCUR,12.1667,-69.0
CWFUI,12.05,-68.8167
CWSMB,12.15,-68.9833
CWWIL,12.1,-68.9167
DMPOR,15.5667,-61.45
DMRSU,15.3091676,-61.3793554
DOAZU,18.45,-70.7333
DOBAN,18.2833,-70.3333
DOBQL,18.4333,-70.0333
DOBAV,18.6853385,-68.4501446
DOCDC,18.4,-68.9
DOCAI,18.3667,-69.0
DOCAU,18.4167,-69.6333
DOCAL,19.2,-69.3167
DOINA,18.4167,-69.9833
DOHIG,18.45,-70.2667
DOMAN,19.7,-71.75
DOOCO,18.6167,-71.0833
DOPAL,18.2333,-70.15
DOPVA,18.3333,-70.8333
DOSNX,19.0667,-69.3833
DOSFN,19.3,-70.25
DOSPM,18.45,-69.3
DOSNZ,19.2333,-69.6167
DOSDQ,18.4667,-69.9
DOVAL,18.6667,-70.1667
DOBCC,18.452944,-69.607337
DOHAI,18.6003917,-70.1473403
DOPOP,19.7807686,-70.6871091
DOSTI,19.466667,-70.7
GLKAN,66.9667,-50.9333
GLKUN,65.8667,-37.0167
GLGOH,64.1833,-51.75
GLSEQ,64.9667,-51.5667
GLAGM,65.6,-37.6333
GLTNT,65.9,-37.8167
GLTOV,64.8667,-52.2
GLJAV,69.2198118,-51.0986031
GLJEG,68.7069766,-52.8591222
GLJFR,61.9941151,-49.6665709
GLJHS,66.9394722,-53.6733857
GLJJU,60.7189864,-46.0353458
GLJNN,60.1424955,-45.2394951
GLJSU,65.4076761,-52.9005718
GLKUL,74.583,-57.2
GPBMH,16.2667,-61.5833
GPBBR,16.0,-61.7167
GPCBE,16.05,-61.55
GPFAE,15.95,-61.3333
GPGRB,15.8833,-61.3
GPJAR,16.2333,-61.55
GPGOS,16.2,-61.4833
GPPTP,16.2667,-61.5167
GPPTL,16.4167,-61.5333
GPSFC,16.25,-61.2667
GPAIF,16.033,-61.733
GPBOU,16.133,-61.767
GPDHR,16.3,-61.783
GPFPI,16.467,-61.517
GPGUS,17.896413,-62.852191
GPPBG,16.183,-61.583
GPSBH,16.2544056,-61.5323532
GTCHR,14.3,-91.9167
GTLIV,15.8333,-88.75
GTSTC,15.7,-88.6167
GTRIO,14.4,-91.3167
GTPBR,15.695364,-88.5855173
GTPRQ,13.9306292,-90.7580342
GTSNJ,13.929767,-90.823653
HNOMO,15.7667,-88.0333
HNRTB,16.3,-86.55
HNPCA,16.0173268,-85.9585544
HNPCR,15.825072,-87.9285777
HNSLO,13.4326204,-87.4554432
HTSMC,19.1167,-72.7
HTCAP,19.75,-72.2
HTCRC,19.6833,-72.0167
HTLFT,18.6833,-72.35
HTPLH,18.6833,-72.35
HTPEG,18.4333,-72.8667
HTPAP,18.594395,-72.3074326
JMORC,18.4,-76.95
JMPHE,17.95,-76.8833
JMSAW,18.4333,-77.2
JMSLM,18.164209,-77.947998
JMKIN,18.0178743,-76.8099041
JMMBJ,18.4762228,-77.8938895
KNCHA,17.1333,-62.6167
KNNEV,17.15,-62.5833
KNBAS,17.3026058,-62.7176924
KYGEC,19.3,-81.3833
LCCAS,14.0167,-60.9667
LCVIF,13.720608,-60.9496433
MFGES,18.0667,-63.0833
MFMAR,18.0667,-63.0833
MFSXM,18.0666667,-63.0666667
MQLER,14.6667,-60.9333
MQQPC,14.6,-61.05
MQADA,14.483,-61.083
MQFDF,14.6,-61.05
MQPFI,14.817,-61.033
MSLTB,16.8,-62.2
MSPLY,16.706523,-62.215738
MXACA,16.85,-99.8667
MXACM,19.6167,-98.9167
MXAPR,31.3,-109.5667
MXATM,22.4,-97.9167
MXATN,20.8333,-103.7167
MXARZ,30.3333,-110.1667
MXBDR,19.1167,-96.1167
MXCSL,22.8833,-109.8833
MXZCA,25.6,-100.0
MXAAO,19.4064913,-99.1761432
MXCAT,19.6833,-92.0833
MXCED,28.1167,-115.1667
MXCRI,28.1667,-115.2167
MXTAB,18.4167,-93.0833
MXCME,18.6333,-91.8333
MXCDD,22.2667,-97.8333
MXRBV,25.9667,-98.0833
MXCSG,19.7667,-98.5667
MXCOA,18.1333,-94.4
MXCTX,18.8333,-96.3833
MXCZM,20.5167,-86.9333
MXCTL,20.2,-104.4
MXDHD,21.15,-100.9167
MXDBT,18.5,-93.1833
MXEPM,27.9667,-110.8167
MXESE,31.85,-116.6
MXFRN,18.5333,-92.6333
MXGET,25.2667,-99.6833
MXGRA,21.1833,-101.75
MXGSV,25.5667,-108.45
MXGYM,27.9167,-110.8833
MXHTO,15.8333,-96.3167
MXHUN,20.9167,-89.8
MXSMI,27.2167,-112.1
MXZIH,17.6667,-101.65
MXZIP,19.2833,-98.55
MXJDZ,16.4333,-95.0167
MXLAP,24.1333,-110.3
MXLTJ,21.7667,-102.5333
MXLZC,17.95,-102.1833
MXLTO,26.0167,-112.6167
MXMHT,20.9167,-103.95
MXZLO,19.05,-104.3
MXMAZ,19.9167,-103.0333
MXMZT,23.4,-106.4
MXMID,20.9667,-89.6167
MXNAU,20.2167,-96.7833
MXOBR,22.25,-101.2667
MXPIC,24.3,-110.3167
MXPCM,20.6167,-87.0667
MXPGO,21.2667,-89.65
MXPTA,23.3667,-106.3333
MXPNG,15.6667,-96.4833
MXPMD,14.7167,-92.4167
MXPMS,20.8333,-86.8667
MXPVR,20.6,-105.2167
MXPBJ,29.9667,-115.8167
MXPVN,20.5333,-87.15
MXRBG,18.2167,-94.4
MXRST,32.3333,-117.1
MXSCX,16.1667,-95.1833
MXSGX,19.1833,-98.3
MXSN2,19.6339209,-99.9383091
MXTPX,19.5667,-99.7
MXSTT,22.4667,-104.7333
MXSEY,19.65,-90.7
MXTMP,24.9,-107.5833
MXTAM,22.25,-97.8667
MXTXH,17.3,-96.9
MXTEN,20.05,-90.2333
MX4TE,19.0333,-98.8167
MXTIJ,32.5333,-117.0167
MXTJT,19.2833,-99.1667
MXTPB,25.6,-109.05
MXTUX,20.95,-97.4
MXVER,19.2,-96.0833
MXVNR,19.6333,-99.3
MXXAL,19.5167,-99.0833
MX9AS,18.7833,-99.1
MXZKP,19.8,-101.8
MXZRZ,19.7667,-97.5333
MXXIH,17.6333,-101.55
MXPAJ,18.117,-94.383
MXPUL,29.9,-112.667
MXSLO,20.148333,-101.634722
MXSRL,18.4727799,-95.58417
MXTAK,19.75,-91.7
MXTLJ,20.4736865,-103.4479314
MXTXC,19.383,-98.25
NILM8,12.4333,-86.0333
NIMAC,11.7833,-86.5167
NIPTI,11.494083,-85.8575801
NIPIB,13.3667,-83.5667
NIPSN,12.1833,-86.75
NIRAM,12.15,-84.2167
NITPA,12.2,-86.1
NI8LG,13.5667,-86.5
NICIO,12.4907414,-87.1784334
NIPSZ,12.18333,-86.75
PAACO,8.9667,-79.55
PAPBM,9.4,-79.8333
PABAY,7.6333,-80.3833
PABCC,8.2167,-82.2167
PABOC,9.3333,-82.2333
PACZZ,8.1333,-80.7
PACHG,8.95,-82.1167
PACTD,7.9667,-80.4333
PAONX,9.35,-79.8667
PACTB,9.35,-79.9
PAG8L,8.5333,-82.3
PAMEL,8.8,-79.6
PAPTY,8.9667,-79.5333
PAPED,9.0968746,-79.4422593
PAPES,7.9,-80.6167
PAPBE,9.55,-79.65
PAPCA,8.8667,-79.7167
PAGDE,8.444581,-80.4660256
PAROD,8.95,-79.5667
PASCL,8.3833,-80.1167
PATBG,8.8,-79.5
PATOC,9.0833,-79.3833
PAVAC,8.8667,-79.6667
PABLB,8.9613962,-79.5631537
PAHER,7.833,-80.667
PAMIT,9.3651477,-79.8811514
PAPRI,8.4682123,-82.274624
PAPSA,8.95,-79.56667
PMFSP,46.7667,-56.1667
PRARR,17.9667,-66.0667
PRGUX,17.9667,-66.9167
PRGUY,17.9667,-66.8167
PRPJO,17.95,-66.1833
PRPYA,18.05,-65.8333
PRSAL,17.9667,-66.25
PRSJU,18.45,-66.0833
PRSBS,18.3,-66.9667
PRSIG,18.4663338,-66.1057217
SVAPO,13.8,-89.1667
SVSSO,13.7457869,-89.4978411
SVLLD,13.4833,-89.3167
SVNCU,13.6333,-89.25
SVAQJ,13.5957,-89.8270894
SVSAL,13.6929403,-89.2181911
SXMAR,18.0667,-63.0667
SXPHI,18.0167,-63.0333
SXSXM,18.05,-63.1167
TTCRN,10.6833,-61.6
TTCHV,11.3167,-60.55
TTCLA,10.35,-61.4667
TTCVA,10.4167,-61.45
TTGUA,10.1333,-61.0333
TTPOS,10.65,-61.5167
TTFPT,10.2167,-61.5333
TTFRE,10.45,-61.417
TTPTS,10.4077455,-61.4924377
TTSFE,10.283333,-61.466667
USAEK,33.8167,-88.55
USAB3,40.3833,-74.25
USA8C,42.1667,-70.8833
USDST,39.2833,-80.35
USIAB,44.6167,-67.75
USDIA,43.9333,-90.6
USAFK,58.0,-152.7667
USAF5,41.0167,-94.1833
USAA2,30.35,-88.1
USAHU,29.7833,-82.4833
USYAN,45.4333,-84.7833
USAL7,38.9667,-77.6333
USAXR,38.8,-77.0333
USAGQ,42.1667,-88.3
USEDL,33.0,-81.3
USATX,43.1333,-71.45
USAL3,31.5167,-93.65
USXAM,44.3167,-91.9167
USAPY,40.95,-73.9333
USAFA,43.15,-72.3667
USXAK,36.8,-98.65
USZAD,32.4,-97.2
USAMF,40.9667,-72.15
USALC,30.5833,-81.45
USNKO,35.0667,-98.2333
USACQ,42.05,-73.6333
USAXZ,37.7,-97.1333
USNQH,42.6667,-70.6833
USVFR,35.1,-80.1
USYAS,27.9,-97.15
USIOA,41.95,-95.4667
USAEZ,43.3833,-94.4667
USA22,40.55,-78.5333
USOAX,46.3333,-117.05
USTHN,45.8,-118.4833
USTBH,34.7,-76.7333
USAHZ,40.4,-74.0333
USATR,29.9667,-93.8667
USVR9,38.5667,-90.8667
USVAU,38.1,-79.3167
USYAO,39.05,-84.9
USAGV,32.4333,-86.65
USAOU,33.3333,-118.3167
USAV9,42.6333,-73.55
USANW,39.6333,-106.5167
USAZL,32.8833,-97.5333
USGAJ,47.5167,-95.4
USFL8,25.8833,-80.1167
USLDK,29.8333,-91.55
US2BY,42.9,-73.8667
USBA7,30.9833,-103.7333
USBAL,39.2833,-76.6167
USRGA,46.7833,-88.5
USBG7,39.75,-74.2167
USZBP,30.1167,-97.3167
USBTH,43.9,-69.8167
USAFH,35.4667,-76.8
USBTR,30.45,-91.1333
USAFV,43.1,-73.4333
USBN9,40.5,-86.8333
USYBZ,44.6,-92.45
USBD3,37.4,-84.8833
USBI2,45.65,-85.55
USBKO,45.3833,-93.8667
USZGG,35.75,-96.0667
USYYX,38.7,-90.3167
USYBD,34.3,-88.7833
USBPV,35.5333,-76.6167
USB44,39.6333,-84.0667
USBE8,40.5667,-73.8333
USEWO,40.6,-78.3333
USBNC,38.05,-122.15
USIJM,46.25,-119.4833
USBCI,38.3167,-75.2167
USEIE,36.6667,-89.9667
US3BR,39.6333,-121.4
USBVV,36.3667,-93.5667
USRWK,29.6833,-91.2167
USBBA,38.5333,-75.05
USEHL,33.9333,-83.7167
USBEX,40.6167,-75.3667
USBCL,34.9167,-77.7667
USBSM,36.2347791,-88.0853146
USIGS,38.9833,-75.3167
USGQJ,45.2833,-96.45
USBWH,35.0,-92.6167
USAFM,45.0667,-69.8833
USIWO,45.6667,-91.55
USXY2,41.3167,-82.35
USWO4,44.9333,-89.2
USBDS,35.3667,-79.7833
USHWJ,39.7833,-105.4833
USBZZ,39.9833,-82.8
USBV6,34.85,-83.9333
USLXW,40.5,-79.8667
USOOM,45.1,-91.4833
USBI8,30.4,-81.5167
USLUF,43.6333,-94.1
USBCG,26.7333,-82.25
USDHB,38.3333,-123.05
USZZB,33.9333,-83.5333
USB27,37.9,-122.6833
USZBI,43.55,-73.65
USYBG,44.75,-93.8333
USYBY,30.7833,-85.6667
USBF6,48.6833,-116.3167
USOYH,43.85,-69.6333
USYTH,47.75,-122.2
USUSA,41.15,-87.8833
USTUB,29.9,-90.3833
USYBN,42.3833,-71.7
USBYZ,45.2167,-85.0
USBRA,46.1833,-123.4333
USBHF,32.2667,-89.9833
USBNP,41.7,-71.1833
USBM4,46.0167,-85.0333
USBCW,41.7667,-70.0833
USBFJ,41.15,-73.8167
USBHC,40.9333,-72.3
USBDB,43.15,-75.9667
USB7S,43.55,-97.5
USB2N,47.6667,-122.8833
USBB8,41.9,-72.5333
USBM3,38.6333,-84.8333
USTSZ,36.9833,-84.6167
USBOC,41.7833,-71.95
USBOY,40.7333,-73.9333
USBKQ,39.4167,-85.0
USQXY,39.9667,-74.5833
USBWB,39.8333,-86.3833
USBV8,40.0167,-79.8833
USBRO,25.9,-97.4833
USZVB,43.6167,-88.4833
USBHI,45.45,-91.2667
USBCM,39.6667,-79.6333
USBCH,46.3667,-96.65
USBFY,39.9333,-82.4667
USB2V,32.3167,-84.5167
USFFO,38.6167,-81.9833
USZBA,39.0333,-89.95
USULO,40.2333,-79.95
USBHJ,39.0333,-84.7167
USQRI,35.55,-89.7833
USBNH,44.6833,-69.4333
USBNB,41.6167,-87.1333
USBNI,35.9167,-82.3
USBS9,41.0833,-75.0
USBUI,41.4167,-84.8667
USBUJ,38.7833,-84.3667
USBU2,40.0667,-121.55
USXYB,42.1167,-89.25
USYCZ,36.8667,-87.8167
USLBQ,33.8833,-78.5667
USMI3,45.4,-83.7833
USCDZ,42.7833,-85.5167
USAEO,38.6167,-77.6667
USCBD,45.5667,-93.2167
USAMG,43.0,-89.0
USCDD,31.9833,-87.2833
USXAE,39.1167,-75.5333
USAQQ,44.2,-69.05
USCMU,35.3333,-79.25
USCUM,42.0167,-73.3333
USCDF,35.5333,-82.7
USCUQ,37.0167,-95.9333
USCUU,37.9167,-86.75
USTPC,34.6833,-77.0667
USCC2,26.5667,-81.95
USXPY,36.9167,-76.0167
USCGF,38.9333,-74.9167
USCAP,34.45,-120.0333
USCGP,36.9667,-121.95
US4CP,26.5167,-82.1833
USCUZ,34.7833,-91.75
USCSJ,42.5333,-71.35
USCNM,32.4167,-104.2167
USCJO,43.4833,-83.4
USZRR,35.9167,-79.0833
USCM9,37.6833,-88.6167
USCWU,39.8,-82.7
USQCH,43.9833,-75.6167
USCGX,36.25,-85.95
USYCE,41.8833,-70.7667
USCIB,28.6833,-81.3333
USRWX,46.9005292,-97.2111999
USCZI,41.9,-86.0
USXSS,36.6833,-93.8667
USOMW,42.6167,-78.05
USC4H,29.5167,-98.5
USXSD,42.3378699,-71.0125206
USCKI,33.3833,-118.4167
USUMO,41.6667,-70.6167
USYCD,33.7833,-116.4667
USQAC,43.1667,-76.5667
USCCS,37.1333,-85.9667
USYU5,35.4333,-120.8833
USZCZ,42.9333,-75.85
USC3B,41.3833,-96.6
USYCG,36.1667,-79.1667
USXZA,39.2167,-81.5
USCDU,43.4,-84.9667
USDIV,45.4,-87.35
USZRH,28.65,-82.0
USCWQ,40.5333,-75.4
USCBS,40.3,-82.7
USL99,39.8,-84.9833
USCWF,45.15,-93.05
USETI,40.9167,-111.8667
USYCP,42.3833,-122.9167
USZCT,39.2167,-92.1333
USVVZ,40.8333,-77.6833
USW6T,38.3833,-82.55
USCGJ,39.8833,-88.7333
USNMH,45.1833,-93.3833
US9CP,38.9667,-97.0167
USP3N,41.15,-73.75
USZOI,40.1333,-79.9
USZGT,32.85,-79.9667
USTS4,40.75,-88.2833
USQCQ,42.2,-79.4667
USDGE,42.1667,-75.8667
USCKG,34.75,-87.9667
USCFF,44.6,-67.9167
USCC8,39.5167,-75.8
USKQC,38.95,-82.1167
USCR5,40.6167,-80.5667
USCFG,42.8833,-72.4667
USXTK,45.3167,-91.65
USQCC,38.9667,-77.0833
USZYN,38.8167,-102.35
USCGW,30.7667,-88.0667
USZCG,33.2833,-86.35
USCI6,36.0,-105.9333
USCJC,48.5899222,-109.2312312
USZCB,29.5667,-98.2333
USZLP,45.15,-93.15
USIS3,40.8333,-73.7833
USZCY,46.4667,-111.9833
USZCC,44.95,-95.3667
USQAI,42.0167,-88.8333
USRNN,34.6833,-91.3
USZDC,41.7833,-79.1
USCWW,34.6167,-83.5333
USYCK,46.1,-123.2
USZCS,42.5333,-83.1333
USQCB,40.3,-78.45
USCN3,34.8667,-83.4
USRXO,39.0333,-122.6667
US2PA,39.9167,-78.3833
USEWG,45.4167,-94.05
USIUH,38.4833,-81.3333
USERN,43.0,-91.65
USCWX,38.6833,-94.6
USCLE,41.5,-81.6667
US2TO,41.6667,-75.55
USIFT,35.3833,-87.9833
USJMX,39.3667,-106.1667
USZQC,32.4167,-83.6333
USC4N,30.85,-91.0
USCBT,38.3667,-93.7833
USCWZ,42.55,-88.8667
USCXV,35.1167,-81.2333
USXVR,44.0333,-87.7
USCYI,38.8,-123.0167
USCU2,29.0167,-95.4
USQCN,40.0667,-79.9
USZCV,41.4167,-90.45
USZQZ,36.0167,-84.4167
USCK2,37.5,-76.3833
USC55,32.1,-109.9167
USCOJ,41.5167,-80.05
USCK9,32.7333,-96.8833
USNVV,25.7167,-80.25
USYWW,42.0667,-110.2667
USHQ2,40.8667,-73.45
USQIM,32.7,-89.2
USCU6,42.6333,-91.2
USOFX,36.1,-80.0
USL55,37.9,-121.1333
USYNJ,40.9333,-75.1
USYCU,48.3667,-114.1667
USZEC,34.2,-83.45
USOMM,42.5667,-83.4833
USJQQ,32.1333,-84.3667
USGCL,31.0,-83.8667
USOPB,36.9,-95.9333
USC35,34.7167,-111.9167
USZZC,36.3833,-75.8333
USCD4,32.6833,-117.1667
USTO3,36.9833,-121.8
USCJ8,38.9667,-85.95
US2TT,42.6833,-82.5333
USUGE,38.6667,-96.5
USCP6,38.3667,-76.3833
USYHE,46.6667,-120.7
USCS6,42.35,-73.8
USQCZ,40.85,-99.9833
USZRC,35.2333,-81.0667
USZCE,36.1167,-78.6833
USQAP,40.6667,-79.1833
USC8T,35.5167,-120.5167
USC74,38.15,-78.85
USZCW,41.6,-72.65
USTHU,41.2,-73.8833
USV7X,40.7333,-74.05
USHXD,36.9667,-82.9833
USUDC,36.3833,-87.6167
USUSB,39.2167,-76.5833
USD5W,38.5333,-75.2333
USYDE,44.2667,-88.6667
USDC6,41.6833,-93.95
USAR5,35.3667,-92.4
USDNE,43.25,-89.5
USDHA,30.6,-87.9
USDDR,42.6,-88.7
USDA8,40.3667,-76.9167
USDY2,39.1167,-84.4667
USDU5,30.7167,-86.1
USDRW,44.45,-88.05
USDT4,45.9833,-83.9
USDWX,40.3833,-96.9167
USE5P,36.2333,-81.5
USDP5,38.5167,-122.4667
USFJY,42.15,-88.0833
USDWD,46.4667,-93.8833
USDCB,41.9167,-88.75
USDN2,37.6833,-106.35
USDCI,39.5667,-75.5833
USDVA,42.4833,-78.4833
USYDP,42.2833,-74.9333
USDVQ,40.4,-79.5667
USAL5,33.4333,-85.6833
USDE5,41.3167,-89.3
USQDQ,30.45,-93.4167
USDSR,40.1333,-97.7167
USDSH,41.2,-83.8833
US7AL,34.0167,-88.1667
USDET,42.3167,-83.0333
USQDV,42.55,-71.5667
USDM4,41.7667,-110.5333
USZKN,36.0667,-87.3833
USJHO,38.85,-76.8833
USQDY,43.1,-74.7667
USZDE,37.4667,-108.5
USDSL,31.0333,-84.8667
USDPH,36.6167,-90.8167
USDZM,42.2833,-71.0667
USDOG,42.6333,-86.2
USDR3,38.4333,-120.85
USDKK,42.4833,-79.2667
USDU3,38.35,-79.8667
USDFU,29.0333,-82.45
USDUP,38.5,-90.2
USZDQ,40.3667,-79.85
USZDZ,38.6,-90.9833
USDUH,42.05,-70.6667
USQEY,35.3,-98.55
USERE,35.1833,-81.5333
USEPA,40.6667,-87.4
USQEO,37.2667,-87.5
USQEV,42.4667,-91.2667
USZTB,42.8833,-77.4333
USEQE,42.4833,-90.6333
US4HE,40.8167,-80.6333
USZEF,41.5667,-70.55
USEFN,41.7667,-70.95
USEKB,40.4333,-74.1167
USE2L,41.65,-81.45
USXXY,42.9667,-85.2167
USEM7,44.7333,-67.3833
USEOG,40.7667,-74.2
USYEP,40.8333,-80.5333
USEPY,37.75,-82.7833
USQET,40.9333,-73.1
USTYY,42.7833,-88.4
USZEP,42.15,-71.2
US99W,41.9167,-72.55
USEPM,44.9,-66.9833
USE2D,44.8167,-68.6833
USEDV,37.0833,-88.0667
USEV6,44.7,-72.5333
USZVY,45.3167,-94.5333
USETW,41.3833,-70.5167
USGME,39.2333,-76.45
USQEB,41.8667,-80.1167
USZYL,39.3333,-101.5333
USECP,29.1833,-96.2667
USEHI,38.6667,-121.0667
USEB4,39.2167,-104.5333
USILW,38.5333,-81.9333
USKHW,21.9167,-159.5833
USE3K,37.3,-85.2833
USER2,45.3,-93.5667
USZEM,34.9167,-86.9667
USEKT,36.8,-87.15
USEKZ,44.2333,-96.4833
USEBZ,32.1167,-81.4833
USZEV,32.2333,-84.3
USYEB,35.3167,-81.75
USZEW,33.6,-84.2833
USZEN,39.2333,-86.6167
USZET,41.9,-72.4667
USEQZ,40.85,-80.25
USEL3,34.4167,-119.8833
USEL4,39.5833,-75.1667
USQDM,40.7,-73.7
USERY,43.7333,-90.2667
USEMY,43.6,-97.6167
USEM4,39.2833,-120.6667
USEMG,43.1167,-94.6833
USYEM,32.8667,-95.75
USEPE,29.3833,-89.6
USQRL,39.7667,-75.0
USXEH,40.05,-105.05
USQEW,42.1,-77.1333
USESG,26.4333,-81.8167
USETT,36.0167,-101.9833
USEUD,33.1,-91.25
USEVV,37.9667,-87.55
USEV7,39.25,-84.4167
USQEI,40.2667,-74.8
USZEO,39.3333,-94.2167
USFPL,38.5833,-120.65
USQFY,38.6333,-90.0833
USQFC,41.0167,-79.3167
USFMW,41.55,-88.05
USFMU,34.4333,-84.7
USFPT,41.75,-81.2667
USNJF,39.3667,-75.2167
USTX3,32.5,-97.8
USFSY,40.05,-95.6
USFA3,36.6667,-88.5167
USQFM,41.9167,-77.2333
USF2S,34.2667,-116.9333
USFEL,27.7667,-80.6
USZGU,38.7333,-90.3
USFEB,30.6667,-81.45
USQFI,31.6167,-91.55
USFI3,38.5,-120.75
USZFI,25.7667,-80.1333
USFIK,41.5333,-73.9
USFBF,29.4667,-81.1167
USFI7,30.0833,-81.7167
USFW2,46.9333,-92.9
USFNE,34.7833,-87.6667
USFLZ,38.3833,-105.1333
USYFA,25.45,-80.4833
USFCC,40.3667,-89.8333
USFSQ,43.8167,-73.05
USRA3,39.8667,-121.6667
USFO9,38.4667,-122.8833
USZYF,33.0333,-83.9333
USXFO,42.9333,-88.8333
USFTC,41.45,-96.0167
USQFA,30.5833,-103.8833
USFLL,26.1167,-80.1333
USQFU,40.0833,-104.8
USFTM,40.3167,-74.0333
USFVR,40.4,-84.7667
USTSN,44.9,-93.1667
USFR6,35.4333,-78.4167
USYFX,43.55,-88.9
USFCV,40.9833,-86.8667
USFNF,44.6333,-86.2333
USFAU,38.6333,-82.8333
USYFZ,40.1167,-82.1167
USXZD,40.3,-75.5167
USFDE,38.3031837,-77.4605399
USFZZ,40.6833,-80.25
USFNB,48.0,-122.5333
USXAS,30.4833,-86.1333
USJWY,40.5167,-75.05
USFSP,43.9833,-69.3333
USZFM,38.3167,-75.6167
USGSF,41.4167,-72.0833
USZGQ,41.7167,-77.6333
USGQQ,40.7333,-82.7833
USGG2,45.6,-111.2167
USAWY,35.3167,-89.6
USGVR,43.1833,-73.65
USGBV,40.1000828,-123.79492
USTXU,44.5,-114.2167
USG44,38.85,-120.85
USGT9,32.0167,-102.3667
USNXR,41.6667,-74.15
USGNR,43.1,-93.6
USGNC,35.7,-78.6
USQGT,41.3333,-85.1333
USGA7,41.3833,-73.9333
USGT4,32.0167,-94.3667
USZGZ,41.4333,-90.15
USGHE,38.7333,-85.05
USGBC,40.45,-88.3667
USGID,36.45,-89.9167
USGEZ,42.3167,-72.2
USZLO,45.4833,-90.5833
USOR8,34.1425078,-118.255075
USG2H,41.9,-88.0667
USYNN,38.9667,-76.8
USYGL,31.9333,-81.9167
USGKX,34.1333,-85.1667
USZGE,46.1333,-90.6
USN3E,40.8167,-97.2167
USGCA,40.95,-117.4833
USGLA,45.8167,-120.8167
USQGX,31.4333,-98.5667
USVZZ,37.6833,-77.8833
USGOP,29.9833,-90.4
USLLJ,36.8333,-87.0167
USGVZ,40.0167,-76.1333
USGVA,39.25,-78.3167
USOEN,41.4,-74.3167
USGP2,39.35,-86.6667
USGZB,41.2,-84.9667
USQGB,42.9167,-83.6167
USGZI,38.7167,-90.1167
USGHC,46.9833,-123.95
USYYG,33.8833,-83.95
USGRB,44.5167,-88.0167
USGEB,43.6333,-75.8833
USGP4,41.1,-72.3667
USPA9,41.3167,-75.3
USGNS,39.9167,-81.4667
USQR5,39.0667,-121.8833
USG77,41.5833,-71.9167
USGVB,35.1167,-120.6167
USYGS,29.9333,-93.9167
USGTG,33.45,-82.15
USGDJ,44.5667,-71.5667
USGUG,40.7833,-74.0
USG8Y,35.3167,-92.3333
USGM2,39.65,-106.95
USHS2,46.9333,-94.5167
USHWN,39.9,-85.1667
USHXK,37.09024,-95.712891
USHA7,21.5833,-158.1
USHLJ,36.1333,-88.1667
USHS6,41.9667,-75.75
USHMR,43.9167,-112.2
USHR3,36.9667,-76.35
USH2N,39.7,-78.1833
USHB4,43.85,-82.65
USHS3,45.4333,-84.9833
US5MN,43.7667,-96.1833
USH9R,43.4333,-95.4167
USHB3,44.2667,-123.1667
USZHW,38.85,-76.6167
USHHT,41.9667,-87.8
USZHU,40.85,-74.0667
USHG2,42.6333,-85.2833
USQHA,47.6333,-97.45
USHL5,34.8833,-76.9167
USHZZ,37.9,-86.75
USXVB,28.75,-81.8667
USYHR,40.1667,-97.6
USHR4,42.5,-76.8667
USZEH,34.7,-83.7167
USH99,44.5167,-93.9
USHM4,38.2667,-90.3833
USHXU,38.0167,-122.2833
USRMA,38.7,-91.4333
USHWX,40.65,-73.6833
USYHB,42.55,-113.75
USHM3,36.5667,-89.1833
USHCO,33.1167,-97.0333
USHRQ,38.45,-90.5333
USHR5,47.25,-109.35
USHIF,41.1167,-111.9833
USZHM,37.4,-120.8333
USHHK,41.0,-74.1
USZHT,38.5167,-98.7667
USHLM,42.7833,-86.1
USHRM,36.6167,-93.2
USZPP,40.2,-78.9167
USYHM,41.5167,-73.6333
USHOR,42.6333,-76.1667
USHNL,21.3,-157.85
US9WA,47.4,-123.1333
USQHE,36.85,-101.2
USKSH,43.1,-71.4667
USHO7,41.15,-112.1167
USQHK,42.3333,-91.2333
USHU8,38.4,-90.5667
USHOU,29.75,-95.35
USH4H,40.6333,-74.1833
USYKL,47.5167,-92.1167
USQHT,39.8333,-84.1167
USHSF,28.35,-82.7
USH8N,41.5167,-85.0667
USQHG,33.0833,-79.8
USHV2,41.2833,-76.7167
USHGU,41.4167,-74.6333
USHXF,29.4,-96.0833
USHGW,42.4667,-83.1667
USHN9,37.7167,-93.35
USQIL,33.8833,-94.8167
USIVG,39.25,-119.9833
USYIL,28.0833,-80.5667
USTGB,39.7833,-74.7333
USIO2,42.1667,-73.3333
USIR2,28.5667,-80.8
USYIG,27.8667,-97.2
USZIK,42.7833,-112.25
USQIS,28.8354507,-82.3313955
USIVK,37.6833,-83.9667
USIVA,46.1333,-93.4833
USIUK,34.8,-88.1833
USJQK,36.3167,-84.1833
USJS3,37.55,-83.3667
USJ3C,42.3,-122.95
USJKF,59.45,-151.5167
USJA2,37.7,-76.6833
USJMB,40.35,-74.4333
USJPY,40.95,-72.5833
USJVL,42.6667,-89.0167
USJAY,44.5,-70.2167
USJE2,40.2833,-79.9167
USZJ9,37.9667,-83.8333
USJUK,36.0167,-95.9667
USQJB,40.0333,-74.6833
USKDC,28.6667,-80.7
USJBG,42.3833,-88.25
USJOA,36.1333,-94.1667
USJON,44.5167,-67.6167
USJSA,35.2667,-91.6333
USKAG,58.608,-154.028
USKL9,21.6667,-157.95
USOGG,20.8833,-156.4667
USKA7,21.4,-157.7333
USMKC,39.1,-94.5667
USKW7,43.65,-83.9333
USKAY,41.0333,-111.9333
USKHB,42.6,-83.3333
USKMR,42.95,-78.8667
USC3A,37.9,-122.2667
USKE7,39.2106145,-84.3671619
USKTZ,35.1667,-94.9167
USQKK,41.45,-92.2333
USQKM,43.6667,-114.35
USKWU,44.45,-87.5
USKYP,47.7,-122.6167
USZYK,39.6333,-77.25
USKIH,20.7833,-156.45
USQKC,36.6333,-93.4167
USKWM,37.6833,-77.0
USKGM,39.35,-84.25
USXKW,38.5833,-90.4
USKAB,51.9667,177.5667
USKIS,51.95,177.55
USKXK,43.0833,-70.7333
USKTT,36.0667,-75.7
USK99,38.7667,-93.55
USKW2,34.9667,-96.75
USKPP,40.8333,-80.3167
USKUB,51.8667,-176.5667
USLGK,40.05,-91.5
USXXL,34.25,-117.6333
USZYT,45.45,-91.1
USYFQ,45.2333,-123.1
USL9G,33.0333,-85.0167
USL5A,38.0,-122.7
USLA2,34.25,-117.1833
USLE3,33.6667,-117.3333
USZLG,27.8833,-81.75
USLG2,43.4333,-73.7167
USLU7,41.6833,-74.9833
USLRP,42.7833,-83.2333
USYLP,32.8,-91.1667
US6ER,38.7833,-90.7833
USWCW,34.3167,-78.5
USLS4,40.8833,-122.3833
USLZC,40.0378755,-76.3055144
USLZV,40.9,-74.65
USL54,38.2333,-85.9833
USYLT,32.85,-85.1833
USURE,38.55,-75.5667
USQLR,40.3833,-75.9167
USQLH,39.4667,-82.7333
US5BL,40.45,-74.2333
USLWE,40.6167,-73.7167
USAY5,39.6833,-123.4667
USLUU,44.45,-93.9
USZLT,29.5,-95.0833
USYLB,34.8333,-118.85
USLCF,37.4667,-86.2833
USLLC,34.25,-78.0333
USLMY,38.5333,-90.2667
USLH7,55.1167,-162.4167
USQLO,40.85,-73.9833
USLEQ,40.1833,-83.0
USLWD,37.9333,-86.9
USQDU,39.0167,-92.4833
USLIB,39.2333,-94.4167
USL2P,26.2667,-80.0833
USLIZ,34.7800072,-86.9423801
USYOC,44.9667,-124.0167
USYLD,46.9667,-118.6
USDD6,40.7,-73.9167
USQLF,38.0333,-92.7
USLN5,45.6,-122.7833
USLLB,45.15,-93.1333
USL2D,44.2833,-68.6833
USLTG,42.0167,-78.2
USLHK,39.25,-81.7
USLR3,33.8667,-78.6167
USYLR,34.5167,-117.9667
USLXQ,34.5,-117.8167
USXLT,40.3833,-74.0333
USLO7,42.6,-76.8167
USYLO,39.7833,-75.35
USOIT,28.8333,-96.5333
USLGB,33.7667,-118.1833
USLCJ,40.3,-74.0
USLRC,39.4833,-81.0833
USL9K,27.4,-82.65
USZLW,42.05,-72.5833
USLO9,28.8833,-90.0167
USQLT,40.5,-78.6167
USLLU,34.8,-106.7167
USTSO,35.6167,-119.6833
USQYL,42.7,-73.75
USLO8,28.8833,-90.0167
USLC2,41.2833,-98.9667
USQLI,42.3167,-89.05
USVTT,39.2667,-77.6333
US7SD,46.05,-118.5833
USLWY,36.25,-94.1167
USLB2,44.85,-66.9833
USYLU,34.3833,-83.65
USLP2,44.4167,-84.0167
USLTZ,28.15,-82.45
USLYR,34.4,-85.4
US3WA,45.6833,-121.2833
USQLY,35.9167,-87.3333
USLYM,30.2333,-85.65
US7YT,42.5333,-71.0333
USYVO,36.9333,-76.1
US3SD,37.7667,-81.2
USZAN,46.2,-119.9833
USMP5,42.3333,-89.05
USYMD,47.6333,-122.2667
USINV,30.4,-90.1667
USMG5,47.35,-120.1833
USAQJ,47.8,-122.1
USZMQ,40.1167,-74.0333
USMCR,47.55,-122.5333
USMH8,40.8,-73.7
USZMY,43.0333,-74.7833
USNSV,43.7167,-76.0667
USQMU,39.7833,-75.1667
USZPU,43.1167,-89.3667
USXUY,43.9167,-93.95
USMH2,42.5,-70.85
USMAH,39.8167,-75.4167
USZAY,43.1667,-75.2833
USQMK,39.9667,-85.6
USQMM,43.0333,-85.8167
USMR2,41.3167,-88.7
USNMA,35.7833,-82.6833
USTAW,40.4,-74.2167
USMP2,38.0167,-86.2
USAY7,42.25,-79.5
USQMW,47.05,-123.25
USZWM,36.1,-87.6167
USMF6,43.0167,-89.3
USMKJ,40.45,-80.05
USQMC,36.1,-79.65
USUMQ,43.6167,-85.2167
USMGF,42.2667,-83.1667
USM8N,42.9833,-77.5
USMN5,41.35,-70.7667
USMT6,34.5667,-85.5833
USZXE,32.7667,-91.7833
USMXP,29.9167,-89.9333
USMD5,43.6667,-71.5
USOIS,39.8333,-90.5667
USXXX,44.65,-70.5333
USIYH,25.7833,-80.1333
USZMG,25.9667,-80.2
USM4I,25.85,-80.1833
USIAM,39.6333,-84.2833
USZIX,40.8833,-72.9333
USM44,39.4333,-77.5333
USM2P,34.7167,-77.3333
USM2B,34.2333,-96.5333
USMRQ,39.1667,-84.2833
USMKW,47.85,-122.2
UST9X,30.4667,-96.2
USIPR,33.55,-88.0667
USMW4,38.8833,-81.8667
USMT5,44.6333,-73.1167
USMS6,28.6667,-80.85
USZOH,40.2833,-75.9833
USM47,33.0167,-84.5
USOO9,44.8333,-123.2167
USM9O,40.3167,-73.9667
USM4X,44.25,-72.05
USMY3,36.6,-121.9
USQOR,40.8833,-92.8
USYRE,36.8333,-89.6833
US9OH,41.4333,-81.4167
USM5V,39.4167,-89.45
USMW3,41.55,-91.1
USYMR,45.6833,-121.3833
USINX,44.7833,-89.7
USXZS,39.2,-119.6667
USMTK,40.7833,-76.4
USMGQ,35.2,-80.0
USQHS,40.1167,-77.1833
USYMV,42.75,-78.8833
USMU4,45.1833,-88.4667
USMKI,47.95,-122.3
USMKZ,42.8667,-88.3333
USZMW,35.4,-94.5833
USYMK,40.9167,-96.2667
USZMU,35.0833,-84.0333
USXYS,40.4167,-79.6833
USMKG,43.2167,-86.2333
USMYC,41.35,-71.95
USYNA,46.7167,-120.6833
USNYU,42.5,-73.6
USNAK,42.2833,-71.35
USNVA,30.4,-86.85
USNIJ,21.9667,-159.3667
USNEJ,44.0333,-90.0667
USNZQ,39.8333,-78.1333
USNDA,37.4167,-95.6667
USN8P,41.2833,-89.7833
USNPC,40.2,-74.0167
USNXZ,34.8667,-90.0
USNBD,41.6333,-70.9333
USNBL,38.7167,-92.0833
USBW5,31.3833,-85.9167
USNCY,30.15,-95.2
USNSX,39.3667,-107.15
USZWC,41.0333,-76.8667
USNP7,40.1667,-78.4
US4NJ,43.55,-86.3333
USNFR,39.7333,-76.7
USNH2,38.6,-91.2167
USNHN,42.5,-83.6
USQNN,42.7333,-71.85
USNLI,43.8667,-90.15
USNED,41.0833,-82.4
USXNW,36.5833,-89.5167
USNM2,39.6333,-80.8667
USQZN,37.35,-76.2833
USNPX,40.6833,-74.4
USNSB,29.0333,-80.9333
USN5T,40.6667,-75.75
USNYC,40.7,-74.0
USEWR,40.7333,-74.1667
USZMP,42.8,-70.8667
USAWS,44.0333,-69.5333
USNFE,43.2833,-78.7167
USNOZ,44.8333,-69.2833
USNPO,41.4901024,-71.3128285
USJNP,33.6167,-117.9167
USNNS,36.9667,-76.4167
USNRP,40.4667,-77.1167
USQNE,40.1167,-74.9
USICH,31.5167,-82.6333
USN5B,42.75,-98.0167
USNIX,41.9333,-76.1333
USQNV,38.6833,-77.5667
USNCX,37.35,-80.7
USNI2,38.95,-86.2667
USNAU,33.4667,-81.9833
USN99,25.8333,-80.15
USN4B,38.7,-76.5167
USZGN,41.9833,-71.8833
USNHQ,43.5833,-72.35
USN2R,29.9167,-95.5
USQNM,25.8833,-80.1833
USUHO,44.2667,-70.0167
USNQZ,43.1833,-76.8833
USZNR,41.3,-81.7167
USNSC,42.5167,-96.4667
USNW2,38.9833,-74.8167
USYNO,44.0167,-71.6833
USNHM,42.3333,-72.6333
USZZH,45.1167,-85.6167
USNTR,43.15,-86.25
USNOW,42.15,-70.7833
USNXL,39.8833,-75.3
USTXQ,44.05,-123.4333
USNYX,41.0833,-73.9167
USOB2,41.45,-70.5667
USAKJ,38.9833,-77.4
USQOP,41.8833,-87.7833
USYOB,35.2167,-80.3167
USOKV,41.5833,-73.0833
USXOR,41.2833,-82.2167
USOBI,36.25,-89.1833
USOAM,39.9167,-74.1333
USOCP,40.3167,-74.0167
USOC7,35.1167,-84.7167
USO82,45.25,-96.3167
USOGY,41.2833,-89.05
USYOQ,43.25,-70.6
USZHE,35.7167,-97.9667
USOKX,42.7167,-84.4167
USDXX,40.8167,-73.6
USOL2,38.0333,-122.2333
USZOT,38.65,-90.3667
USQOT,34.1833,-102.1333
USQOA,41.4667,-75.6
USIA3,42.0167,-96.0833
USOT5,40.75,-82.5833
USONG,46.8667,-89.2833
USZOW,35.0667,-85.05
USOBC,30.2833,-87.5667
USOSZ,48.5978797,-122.9446258
US8MN,34.85,-120.4333
USOEG,41.6333,-83.4833
USYDO,47.6167,-120.2167
USM2S,38.05,-93.7
USOS3,39.2,-95.3
USOV3,41.6333,-70.3833
USOSW,43.45,-76.5
USOTL,41.75,-83.7333
USOSV,40.4667,-75.1667
US3VC,46.3167,-120.0833
USZOD,28.6667,-81.2
USPAH,37.0833,-88.6167
USPGE,38.6833,-90.3
USPY6,28.9833,-81.5333
USPBE,42.9167,-74.5667
USPQM,40.4167,-75.5333
USPMZ,40.4667,-79.1667
USP64,25.6167,-80.3167
USPGZ,32.7667,-98.2833
USQPM,37.25,-78.6667
USP77,41.6833,-94.35
USPK3,35.2667,-111.95
USPKT,34.9,-79.0
USPAS,29.6833,-95.2
USPCP,40.7667,-73.0167
USPWG,45.9333,-119.6
USYL2,39.75,-76.2667
USPS6,45.35,-89.0
USQPN,41.0333,-72.45
USJUY,43.1333,-71.45
USZPB,25.9833,-80.1667
US7CA,39.1833,-121.1833
US9DK,38.2833,-122.65
USPPS,39.95,-75.05
USPB4,30.3333,-87.1333
USPQN,40.95,-74.2833
USXPE,31.5,-87.4833
USPYB,39.4667,-76.2
USYPB,42.8667,-71.95
USYPH,44.5333,-123.35
USYPF,35.7833,-83.55
USPGX,46.3333,-94.4667
USPIW,29.1833,-89.25
USPAA,31.8667,-86.9833
USQPS,41.1667,-104.0667
USYPN,41.6,-74.2833
USQPY,41.9667,-73.65
USITV,44.4333,-90.1167
USEUU,26.8333,-82.2667
USPI7,58.35,-135.6333
USP2L,41.5667,-85.0
USPLP,42.55,-87.9333
USQPH,35.6333,-86.0333
USPA2,38.9,-123.6833
USPP5,34.45,-120.4667
USPP3,40.0833,-74.05
US9IU,38.0667,-122.8
USPRS,48.9833,-123.0667
USOW4,47.7833,-122.4
USQPD,41.0167,-80.6
US4NM,30.7167,-85.9333
USPO7,46.9667,-95.3833
USPAL,30.4474878,-91.2073261
USPOA,29.8833,-93.9167
USPRY,47.6,-122.5
USPOB,29.3667,-94.75
USPCV,28.4,-80.6
USPZH,38.05,-122.0167
USQPR,29.0,-89.1667
USPEB,39.3,-74.9667
USPE2,41.9,-73.9833
USFOC,29.1,-90.1833
USPGH,47.85,-122.5833
USABC,48.0167,-122.75
USNTD,34.1333,-119.1833
USPHN,42.9667,-82.4167
USPTJ,40.9333,-73.0667
USJDT,26.05,-80.1167
USPLU,47.9167,-122.6833
USPMV,61.2667,-149.9167
USPDI,47.7,-122.5667
USPME,27.6333,-82.55
USPM3,40.4333,-74.1
USPM4,40.8,-73.9167
USURR,40.7833,-74.9
USPNJ,40.6833,-74.1167
USLU8,30.05,-90.5
USPO2,42.75,-124.5
USYPR,38.3,-78.8167
USRI4,39.9833,-75.1
USPSJ,29.8,-85.3
USPSL,35.1667,-120.75
USPOW,40.8167,-73.6833
USPOJ,41.5833,-87.2
USZPT,42.5667,-78.0333
USPOD,33.5667,-83.8833
USDTP,27.8667,-97.3167
USXPT,37.3833,-122.2333
USVTP,42.0333,-78.3333
USPG8,41.2,-73.5667
USTXX,33.8,-95.5167
USPP4,36.15,-75.85
USZPW,37.5333,-77.9167
USPS3,43.2833,-89.7167
USPS9,42.0833,-111.8667
USPT7,38.2333,-82.5833
USPP9,37.3,-78.55
USQPX,33.2333,-96.8
USPGQ,47.8167,-122.4333
USZQE,39.8833,-76.15
USZQU,33.1333,-94.15
USQUI,39.9167,-120.9167
USYRG,33.7333,-86.15
USXRC,33.95,-86.0333
USRBO,33.0167,-117.05
USRHG,33.7333,-116.4167
US8DD,36.35,-105.6
USYRP,38.3,-78.05
USXRA,42.4667,-73.8167
USACC,32.2593146,-90.4225951
USYRO,39.0,-94.45
USRF5,40.8,-105.5833
USRHY,40.3667,-75.4833
USRDK,41.0,-95.2167
USRR6,39.25,-123.2
USIZK,37.4667,-80.3167
USRXF,48.9,-115.1667
USYRY,41.0833,-78.8833
USZBK,41.9167,-73.9
USRIC,37.55,-77.45
USZIC,44.9167,-123.2167
USRIM,40.8833,-84.2
USRAF,44.8833,-89.4167
USR88,43.45,-89.2333
USRG6,41.9167,-87.8333
USQQN,29.95,-90.2
USZRB,37.7333,-120.9333
USRGJ,45.6167,-122.7667
USVRD,41.3833,-73.1667
USVSE,41.7667,-71.35
USR55,38.2833,-78.2667
USRC6,41.65,-80.85
USXRT,41.45,-74.1833
USR63,39.5333,-91.0
USRP3,44.1833,-69.0833
USR2V,37.7167,-77.6667
USRYF,34.8,-85.0167
USRKY,41.4667,-81.8333
USRD4,38.0167,-122.25
USRGS,41.8333,-71.9
USRH2,38.5667,-75.1
USR3O,43.2333,-70.8167
USOMD,33.7333,-117.1667
USRLT,45.7333,-120.2
USR34,41.0833,-81.2333
USRSG,29.55,-95.8
USRJT,41.5667,-74.0
USRSK,37.4167,-88.35
USRAJ,42.7833,-73.9667
USR5W,43.5167,-96.55
USZRE,32.9,-96.55
USYRF,33.0,-80.8
USYRD,39.85,-75.0667
USZRY,40.9667,-73.6833
USZHB,39.9,-95.8
USSBB,39.4833,-83.6333
USQSK,43.5,-70.45
USSAC,38.5667,-121.4833
USGXH,41.0167,-72.3
USSP2,40.9167,-72.2833
USXSG,46.0833,-88.0667
USSA3,38.3833,-81.8167
USS7T,38.7833,-90.5
USSKZ,40.7167,-76.1833
USCS4,42.4833,-82.8833
USST9,44.0167,-69.1833
USHZA,40.4167,-84.6333
USJSY,26.4833,-82.0833
USJO4,30.0833,-81.5833
USTOU,43.0,-74.6833
USYSJ,31.9167,-91.2333
USUTS,30.25,-91.2333
USSTL,38.6167,-90.1833
USS67,44.8333,-92.9833
US6TT,27.7167,-82.7333
USPIE,27.7667,-82.6833
USXTM,39.9167,-77.7833
USIOR,40.7833,-124.2
USZSI,37.2,-105.55
USSAN,32.7,-117.15
USZXZ,36.1167,-121.0167
USBMH,38.6167,-89.1167
USZDS,40.85,-73.7167
USSKY,41.4333,-82.7
USYSG,33.9167,-84.3667
USFU7,43.6667,-84.3667
USJQJ,30.4,-86.2333
USRO2,33.95,-120.1
USSA6,33.4667,-80.4833
USSRN,42.9167,-85.2
USZOR,27.3333,-82.5333
USS4Y,27.2167,-97.7833
USZOP,47.0,-123.4667
USTSA,35.2167,-88.2333
USXNA,40.45,-74.35
USQJZ,42.4667,-90.25
USS44,44.7,-122.8333
USXOT,33.5833,-91.0667
USSTZ,33.5,-111.8833
USTTS,37.7833,-78.4833
US7OL,40.8333,-73.6333
USYSB,37.6,-87.5167
USSE4,37.1167,-96.1833
USOSM,32.4073589,-87.0211007
USXSK,41.4667,-81.5333
USSR4,30.45,-86.5833
USYSH,40.7833,-76.55
USYSD,44.45,-123.1
USNE5,41.1833,-97.4167
USZ4X,45.3,-90.95
USXSI,41.0667,-72.3333
USZSO,42.2333,-71.3667
USXSH,38.65,-120.9167
USSBQ,39.65,-74.1833
USIPX,30.2,-88.95
USXSY,40.7333,-74.3167
USS7I,37.6167,-82.35
USSI7,37.15,-120.2833
USZVA,37.1667,-90.4667
USVKY,39.0333,-84.3833
USXVN,45.0,-122.7667
US2SI,28.0333,-97.5
USYER,44.2833,-121.5333
USSI2,64.4833,-166.2
USSK4,33.35,-92.7167
USYSV,47.5333,-116.1667
USITN,40.15,-79.7333
USYSK,48.15,-122.1667
USS7Y,34.75,-76.5167
USSE3,47.3833,-119.4833
USYSS,42.65,-111.6
USOMU,38.3167,-76.45
USSS3,41.7333,-71.1667
USODT,41.5833,-70.9333
USYSY,41.6833,-72.5833
USZYX,42.6,-70.8667
USXSJ,40.55,-111.9167
USS7K,41.4333,-71.5167
USAA9,36.4333,-76.3167
US2OG,41.1833,-111.9667
USPXD,26.1,-97.15
USSPT,44.8833,-93.05
USS8K,40.7167,-111.8833
USQSW,42.1,-71.25
USIOH,41.2333,-77.0
USUWH,41.6833,-72.1667
USHH7,34.9833,-90.1167
US7BA,36.45,-83.8667
USRWQ,39.2833,-86.75
USECR,35.6833,-80.4333
USLX8,43.2,-91.95
USXXO,38.2,-77.5833
USQSG,43.1667,-90.0667
USSG3,42.4333,-88.1833
USZSG,39.8667,-76.85
USS3G,37.2667,-79.85
USXPG,40.8667,-72.5333
USYSP,40.2667,-78.45
USSR9,40.6333,-112.2833
USYRX,35.4,-79.7833
USRL5,38.4,-85.8833
USXAR,34.3667,-82.6833
USUYU,40.5833,-74.15
USQQX,40.2333,-76.8333
USTEP,42.5333,-73.3667
USSGI,41.7833,-89.6833
USZSB,38.4333,-77.9
USTWM,44.7167,-94.35
USSKT,41.8167,-87.7667
USLLM,32.4333,-82.2
USTIS,45.05,-92.8
USTK9,47.35,-111.1667
USSCK,37.95,-121.2833
USSGN,41.3333,-71.9
USS8T,41.2167,-73.9833
USNYI,41.2333,-73.9833
USSO9,38.5,-90.0833
USZST,41.5667,-73.7333
USVOW,42.15,-79.4
USQST,40.1,-78.9333
USTFO,44.8,-90.0667
USHJD,43.8667,-111.7333
USZSU,40.5,-81.6333
USASZ,33.75,-87.05
USSK3,24.65,-81.45
USSUT,33.9833,-77.95
USUIT,61.5333,-150.5
USZSD,37.1833,-77.55
USZYY,44.9667,-85.65
USZS2,38.15,-79.2
USYL9,41.7167,-83.7
USTB3,42.9333,-97.65
USQTB,34.1333,-78.8667
USTCH,47.5167,-90.9167
USTFT,29.9833,-90.4333
USTA3,47.3667,-123.05
USZAO,41.5,-92.7333
USYTL,42.2333,-122.7833
USTA2,34.75,-95.0333
USYTA,32.5333,-85.8833
USTRK,26.2,-80.25
USTMM,37.2333,-89.2667
USXTS,37.65,-81.3
USTBJ,51.7333,-178.0333
USZTG,44.5333,-123.1
USTWZ,41.0667,-73.8667
USTDI,48.3833,-124.7333
USTNE,25.0,-80.5167
USUTA,33.1833,-90.2167
USTMZ,36.5833,-92.3
USTSL,44.0333,-107.45
USZNH,43.95,-69.2167
USVVC,35.95,-119.0333
USNJQ,44.35,-121.1667
USQTY,32.0833,-90.2833
USCY2,33.0833,-96.8833
USOJL,33.7833,-118.2333
USTPS,41.6833,-81.05
USTHF,47.6,-115.35
USTPW,40.8167,-78.6167
USQTF,45.8833,-111.5833
USOI7,41.7833,-86.6
USXTN,37.8667,-122.45
USZTR,33.7,-91.45
USXTE,34.1333,-79.9333
USTSI,34.25,-96.6833
USQTH,43.9667,-90.5
USYTO,40.9667,-76.0833
USTKN,41.25,-73.9833
USQTO,41.2,-89.0667
USQTN,31.4333,-106.0833
USTTV,40.5167,-74.25
USZTU,39.8167,-75.75
UST5W,30.8833,-98.4667
USTC4,38.6,-90.45
USTFG,39.4,-86.15
USTFR,41.3167,-80.4167
UST2R,44.3333,-91.5167
US8YI,36.7833,-121.3167
USTNV,38.55,-77.3333
USYTC,46.25,-119.1167
USQTI,33.5833,-85.8667
USOYY,38.0,-86.8
USTRY,42.7167,-73.6833
USTMN,35.6667,-90.5
USZNT,35.2,-82.2333
USXTY,40.8833,-72.4
USUQQ,48.0667,-122.2833
USTNI,34.6833,-90.3667
USTP2,44.2167,-74.4667
USM4U,42.5833,-72.55
USTT9,42.5833,-74.7667
USTW2,43.35,-86.15
USZYI,32.0,-80.8333
US4TP,34.5667,-91.45
US3DV,20.65,-156.3833
US9QA,43.35,-123.4667
USZUC,43.6833,-90.2667
USYUG,46.55,-120.4667
USUT2,37.7667,-87.9333
USUHI,44.6,-69.3333
USUKK,32.85,-96.8
USYUP,40.8333,-73.55
USQUS,44.4,-74.2667
USUWC,40.0667,-75.6833
USUXX,42.0667,-71.6167
US8QA,38.0833,-120.4667
USVLS,33.4167,-96.5667
USVBE,42.6667,-90.7167
USVGS,38.6,-83.3167
USYVR,34.9,-84.9667
USYVI,47.4167,-122.4667
USVN3,29.2667,-89.35
USVNT,34.2667,-119.2833
USVE9,41.4167,-82.35
USVKB,42.1167,-85.5167
US3DU,38.1333,-121.2
USVMD,38.4833,-75.8167
USVJ2,46.1667,-119.0
US3TR,38.2667,-122.4333
USVED,40.3167,-111.75
USVOT,29.8833,-89.8833
USVIR,43.55,-90.8833
USWR4,40.95,-72.8333
USWY2,33.1167,-85.5667
USWW9,32.6667,-80.1667
USQWD,29.6833,-97.2833
USWG2,29.9167,-90.2
US9AI,21.4333,-158.1833
USWH7,21.4333,-158.1833
USWA7,41.25,-82.3833
US8UY,40.45,-83.0667
USWU7,41.4667,-95.2167
USH9S,36.7167,-93.1833
USWA4,37.3833,-102.2667
USYWD,33.85,-81.7167
USASS,34.3833,-82.2333
USVWR,45.8167,-122.85
USWZS,38.7833,-84.9
USWTU,36.1,-84.5833
USKJH,41.65,-73.3167
USWAB,33.7333,-82.7333
USW9A,41.1667,-111.9667
USWVA,34.15,-89.6167
USWPF,31.8,-91.3667
US999,41.2167,-76.3667
USUGN,42.35,-87.8333
USWQU,46.15,-123.4
USWUP,44.35,-89.0833
USZAL,32.6833,-84.7333
USYWZ,44.9667,-93.5
USXBW,37.1333,-94.45
USAFW,29.5333,-95.1167
USEOM,30.05,-90.8667
USWCO,35.9,-80.25
US3OL,41.9333,-70.0333
USWNH,43.8667,-71.9167
USWEQ,43.0167,-88.0
USWBM,42.3667,-71.7833
US4WR,41.9167,-71.7833
USL3Y,39.8167,-75.8167
USYWE,40.3833,-79.9
USWLQ,40.2833,-74.0167
USJWQ,39.95,-84.3167
US3TU,42.35,-71.2333
USWOT,41.3833,-73.95
USWR3,38.75,-83.0167
USZDG,40.3333,-75.9333
USXTR,43.5833,-73.0333
USYLY,40.7333,-73.1
USWMU,41.65,-70.25
USWEP,40.0167,-74.8333
USWY7,44.6333,-105.3333
USZXQ,38.1167,-75.7
USWPT,46.8900903,-124.1040613
US3DC,34.05,-118.4167
USWWI,44.3167,-88.9167
USU3V,44.05,-73.2
USYWH,42.4333,-72.6333
USWKT,36.1,-77.7
USXWE,45.15,-88.75
USZTP,46.75,-89.5833
USXWT,39.9833,-86.3333
USWQA,42.0833,-70.9333
USWCP,41.9,-87.6667
USYWI,41.5667,-78.6833
USVTD,43.6667,-72.3167
USYWA,31.3333,-83.0333
USIIW,39.15,-122.15
USIIM,42.6833,-84.2833
USQWL,41.7,-72.2
USW26,32.75,-97.65
USWMA,46.6667,-117.1333
USWTN,33.7667,-118.2667
USILM,34.2167,-77.9333
USWMJ,41.7,-72.15
USQZJ,44.3,-69.5667
USWGX,32.05,-100.1167
USZTK,42.1,-87.7333
USONA,44.05,-91.6333
USWNS,41.9167,-73.05
USZIW,28.6833,-81.3
USWQZ,40.3667,-80.7
USWNF,43.6167,-89.7667
USXWO,41.6,-72.9833
USTIE,41.5167,-85.3667
USWFB,43.5833,-71.2
US8DC,38.0,-122.6333
US8TT,41.35,-74.1
USUO4,35.6333,-82.5833
USWO7,43.5167,-75.15
US8XC,40.6167,-73.7
US8XD,41.45,-81.4667
USWDZ,40.7532952,-73.9068973
USWOV,44.1333,-72.0167
USYWR,41.1833,-77.3667
USWXS,44.3167,-88.1667
USWUR,38.55,-82.7667
USXYT,41.5167,-86.1667
USZWK,41.0,-74.1667
USQWW,40.0,-75.2667
USYAZ,32.85,-90.4
USYOK,52.0167,-176.0333
USYKB,43.1667,-70.6
USZYH,43.1333,-70.6333
USYTW,43.2333,-79.05
US8PR,38.7833,-121.8667
USZR9,35.2333,-82.4
USZUM,44.2833,-92.6667
USCHI,41.83333333,-87.63333333
USORF,36.8973,-76.3476
USLAX,33.71666667,-118.41
USSAV,32.03333333,-81.11666667
USOAK,37.83333333,-122.3
USMIA,25.76666667,-80.16666667
USMEM,35.06666667,-90.16666667
USALB,42.652341,-73.755086
USANC,61.2063,-149.931
USAQW,39.883,-76.983
USBOS,42.373,-71.0435
USBPT,30.080174,-94.1265562
USCDE,39.9259463,-75.1196199
USCHS,32.79487,-79.914565
USCHT,39.849557,-75.3557457
USCPT,34.39866,-119.518162
USCRP,27.8005828,-97.396381
USCRW,38.349862,-81.631863
USCVG,39.1031182,-84.5120196
USDBQ,42.5005583,-90.6645718
USDCY,35.283,-99.133
USDIJ,39.1,-84.6
USDKH,31.0,-83.567
USDSM,41.585734,-93.624048
USDTC,38.75,-108.067
USDUT,53.8898,-166.5421999
USDWQ,42.067,-74.983
USEAZ,44.1,-70.383
USECH,41.6392024,-87.4547635
USEFS,34.117,-117.517
USEGH,34.05,-79.75
USEIF,27.783,-82.783
USEJK,37.95,-92.967
USENW,42.587007,-87.825115
USEQW,34.433,-119.883
USERI,42.130053,-80.086061
USEZX,39.31667,-74.98333
USFAV,41.7,-71.167
USFDF,35.533,-76.217
USFGQ,40.817,-73.017
USFGX,33.583,-83.817
USFPO,28.9541368,-95.3596617
USFTA,34.433,-92.383
USFVP,41.433,-81.85
USGGE,33.376834,-79.2944964
USGJQ,40.8,-74.2
USGLC,39.89223,-75.116706
USGLS,29.3013479,-94.7976958
USGOH,41.85,-73.233
USGPT,30.3674198,-89.0928155
USGPW,42.433,-82.9
USGSQ,43.183,-78.567
USGUM,27.75,-90.833
USGXR,38.6,-121.267
USHCJ,37.68333,-97.33333
USHID,26.1,-98.267
USHJS,27.867,-97.067
USHKG,34.983,-81.417
USIEG,42.367,-88.133
USILG,39.744655,-75.5483909
USINL,48.6023149,-93.4040679
USITO,19.7241106,-155.0868193
USJAM,45.617,-70.233
USJAX,30.389696,-81.5419
USJBK,37.31806,-77.17972
USJCQ,39.917,-89.05
USJCX,29.767,-95.233
USJFZ,36.417,-81.467
USJIO,41.41667,-78.55
USJJQ,36.733,-80.383
USKAJ,28.217,-82.45
USKKV,25.767,-80.183
USLAT,33.8,-118.067
USLCH,30.2,-93.2833
USMES,44.977753,-93.2650108
USMNH,40.783,-73.967
USMOB,30.6953657,-88.0398912
USMRH,34.7229391,-76.7260436
USMRT,44.5864488,-75.6482908
USMSY,29.9510658,-90.0715323
USMTW,44.088539,-87.658522
USNDB,41.633,-70.967
USNEW,29.9429828,-90.3517469
USNOQ,37.817,-75.583
USNQV,39.583,-91.4
USNTS,32.90567,-79.96115
USNWZ,43.1,-70.817
USOCX,38.9,-75.167
USOMA,41.2565369,-95.9345034
USOZN,40.667,-73.817
USPAE,47.9789848,-122.2020795
USPAY,40.5,-74.2666
USPDX,45.511841,-122.675634
USPEF,26.1,-80.133
USPFN,30.1588129,-85.6602058
USPHL,39.908,-75.1695
USPLL,30.45,-91.2
USPLV,28.6,-96.617
USPNS,30.420567,-87.217816
USPVD,41.8,-71.3833
USPWM,43.6590993,-70.2568189
USQHH,40.45,-73.833
USQJC,43.45,-95.317
USQOC,47.533,-122.633
USQRT,29.88333,-93.91667
USQSS,42.48333,-82.88333
USRCH,39.278622,-93.9768876
USRJQ,40.167,-104.367
USROJ,40.017,-76.167
USRUX,38.167,-78.267
USRWC,37.4852152,-122.2363548
USRWR,40.81667,-73.68333
USRYK,40.567,-73.833
USRYN,40.783,-73.633
USSAB,30.5639831,-93.6509005
USSEA,47.6062095,-122.3320708
USSFO,37.77916,-122.420049
USSFY,42.101355,-72.588234
USSJC,37.338902,-121.890434
USSLM,38.6269929,-88.9456158
USSRE,29.95,-90.317
USSSI,31.149678,-81.491586
USSTP,44.9537029,-93.0899578
USSUL,29.467,-89.683
USSXF,35.3314225,-107.6431104
USTAJ,34.117,-117.583
USTBW,71.283,-156.667
USTBZ,31.617,-111.05
USTIW,47.2528768,-122.4442906
USTJB,40.25,-81.217
USTJJ,39.35,-94.767
USTLQ,43.283,-77.617
USTOZ,37.783,-79.883
USTPA,27.950575,-82.4571776
USTQT,41.483,-79.45
USTSX,43.833,-90.633
USTUV,51.933,177.45
USUCR,39.9,-83.083
USVDZ,61.1,-146.2
USVIX,39.0428907,-75.5718695
USVQV,42.6,-85.083
USVXJ,40.533,-84.733
USWGB,43.767,-94.183
USWKB,41.21667,-75.86667
USWMP,43.417,-75.9
USWNK,44.483,-73.2
USWPB,29.75,-90.0
USWRP,39.8,-75.617
USWUS,41.667,-92.017
USWXB,40.333,-79.8
USWYZ,44.96667,-93.5
USXMY,48.267,-124.267
USXZW,43.417,-75.883
USYEC,44.117,-88.733
USYEJ,37.55,-120.9
USYNM,39.38333,-81.2
USYSC,33.333,-86.617
USYST,47.25,-119.717
USYTJ,38.533,-79.783
USYUD,43.967,-70.6
USYXB,33.6,-91.2
USZKL,28.1461248,-82.7567679
USZWB,39.9991865,-78.2388071
VCCRP,13.1667,-61.2333
VCKTN,13.1333,-61.2167
VCBQU,13.0,-61.2167
VCCAN,12.717,-61.317
VCGRG,13.267,-61.117
VCSVD,13.2509747,-61.1863473
VICTD,17.75,-64.75
VICZB,18.3333,-64.8
VISTT,18.35,-64.9333
VICHA,18.3419004,-64.9307007
VILIB,17.6908086,-64.7493118
GDSTG,12.0560975,-61.7487996
TCGDT,21.4674584,-71.1389101
TCNCA,21.8673461,-71.975699
TCPLS,21.7737654,-72.271908
TCXSC,21.5112365,-71.51898
VGJVD,18.45,-64.733
VGNIS,18.317,-64.617
VGPUR,18.417,-64.6
VGRAD,18.4286115,-64.6184657
VGSHO,18.383,-64.7
VGTOV,18.4334704,-64.6332782
ALSAR,39.8833,20.0
ALSHG,41.8,19.5667
ALVOA,40.4667,19.4833
ALBUT,41.153332,20.168331
ALDRZ,41.3245904,19.4564686
ALHMR,40.133,19.717
ATAWH,48.3833,15.85
ATATN,48.2167,14.4
ATSXA,48.6833,16.8667
ATBFS,47.4167,13.2167
ATBOE,47.9833,14.75
ATBRZ,47.5,9.7667
ATDWA,48.3,16.5667
ATDKZ,47.6,16.6333
ATERR,48.6,16.8167
ATNNN,47.9,16.6333
ATDRO,48.45,15.5667
ATDUE,48.3833,15.5167
ATEBR,47.95,16.4
ATEWD,46.6833,15.8333
ATBRI,48.45,15.75
ATERO,48.45,15.8833
ATDFC,48.35,14.45
ATERL,47.6667,12.1667
ATEPD,48.3333,15.9
ATFSU,47.7667,13.2167
ATLKN,48.7167,13.5833
ATFHR,46.9333,16.0
ATFPS,47.15,11.35
ATGA6,46.7167,15.55
ATGDN,47.9167,13.8
ATGFS,48.3333,16.2333
ATGRN,48.2167,14.8333
ATSWH,48.4,16.6167
ATGSN,47.8667,15.8833
ATDOF,48.45,15.7167
ATHKM,48.45,15.7167
ATLTX,48.0333,15.7667
ATGHH,48.7,16.0667
ATITN,48.3833,16.1
ATTEN,46.9833,15.5
ATBNN,48.5,16.5667
ATEIN,48.0667,16.7833
ATZIN,48.3167,15.6667
ATJPS,48.7833,15.5667
ATZLF,48.7,16.05
ATJDD,47.1167,15.35
ATKAM,47.4,14.9
ATKTT,47.25,11.2667
ATZRF,48.65,16.65
ATKFD,47.2,14.8167
ATKMB,48.2167,15.1667
ATGHJ,48.36056,15.66426
ATLZD,48.3,16.35
ATLUA,48.4833,13.8833
ATLTS,46.6667,15.4667
ATIEG,48.5833,15.8667
ATMAN,48.0833,13.6667
ATMAB,48.2167,15.15
ATMKA,47.2333,16.0833
ATMKC,48.1833,14.7
ATMBS,47.75,16.6667
ATNT9,47.8333,16.1
ATNGG,48.4833,15.8833
ATNFN,48.4833,13.9833
ATNAD,48.05,14.85
ATND2,47.9333,17.0667
ATNUZ,47.1833,9.8
ATXAE,48.1,14.8
ATGGU,47.8333,16.6667
ATOSH,48.3333,14.1833
ATPBU,48.1833,15.0667
ATPET,48.1333,15.15
ATPAS,47.85,16.8333
AT7PZ,48.2,15.5167
ATRAD,47.3833,13.45
ATRHN,48.2333,13.0
ATETZ,47.2833,11.05
ATRHR,48.0667,16.85
ATRRF,48.4,15.5
ATSAK,48.4833,13.75
ATSGS,47.9833,12.8833
ATSMR,47.05,15.75
ATFBZ,46.9167,15.25
ATSUH,48.6,16.7667
ATSVM,48.4667,14.15
ATSMK,48.3833,14.7333
ATTTL,48.7,15.9
ATSAG,47.85,16.6167
ATSFT,48.4333,15.55
ATSPG,48.45,16.7333
ATSPZ,48.3667,15.4167
ATSTD,47.6,13.6333
ATSSS,47.4833,16.4833
ATSUS,48.1167,14.0167
ATST6,46.8,15.8667
ATTAM,47.1333,13.8
ATTKP,48.4167,13.5333
ATTFS,47.3167,11.65
ATTHS,48.3833,15.6833
ATTMR,48.3333,15.7333
ATVEL,46.6167,14.05
ATERM,47.4667,15.0
ATWSE,48.1667,14.7167
ATWEU,48.1,15.5167
ATWDF,46.8833,15.4667
ATWUL,47.8,16.5
ATZNG,48.4833,15.6833
ATBBS,47.63333,12.21667
ATDRA,48.7584649,16.6507933
ATFNA,48.183,16.433
ATOBU,48.462842,14.2237852
ATORC,47.9456638,13.6048457
ATREG,48.083,14.133
ATRTV,48.053,16.64653
AXMHQ,60.1,19.95
BA4CA,44.9667,15.9333
BADOJ,45.05,18.5667
BAFOJ,43.95,17.9
BAJBA,43.65,17.75
BAMAG,44.5333,18.0833
BANEM,42.9167,17.6167
BASMT,44.7667,16.6667
BAVGS,43.9,18.35
BAZNK,44.3833,19.1
BEAND,50.4833,5.1
BEANR,51.2167,4.4167
BEAPT,50.8167,3.9667
BEAST,50.9833,3.55
BE7PD,50.3667,3.7667
BEW5R,50.6,5.4
BEBSR,51.0333,4.1667
BEBAI,50.2833,5.3333
BEBGK,51.2,3.5167
BEBCM,50.7833,3.5
BEWHT,50.35,3.8833
BEBMB,50.9833,4.5667
BEBO2,50.3833,3.9333
BEBRU,50.8333,4.3333
BECRL,50.4167,4.4333
BECTA,50.6833,5.6667
BECCS,50.4667,4.3667
BEDKN,51.1333,3.9833
BEDNB,51.0,4.0833
BEDGN,51.05,3.6667
BE9IR,50.8,5.6667
BEEQE,50.95,3.6333
BEEKS,51.15,3.9667
BEEAM,50.85,3.6333
BEEMP,50.7,3.25
BEEET,49.5833,5.5833
BEFNR,50.4333,4.7333
BEGVR,50.9333,3.6667
BEGEL,51.1667,5.0
BEGBH,51.0167,5.2333
BEGNE,51.05,3.7167
BEGEA,50.7667,3.8667
BEHCT,50.7333,5.6667
BEHLU,50.7833,3.1333
BEHMM,51.0833,3.5333
BEHMB,50.4333,4.6667
BEHNA,51.0167,3.0
BEHAR,50.8833,4.4167
BEHET,51.2,5.45
BEHUX,50.3,4.9
BEHUY,50.5167,5.2333
BEJAM,50.45,4.8833
BEJAK,50.65,5.6333
BEKCT,50.9333,3.1833
BEKLE,51.1833,5.5167
BEKJK,50.8333,3.2667
BEKRN,50.95,5.3
BEKWA,51.1,5.1333
BELUZ,50.5667,3.7667
BELGM,51.05,3.5667
BELQA,50.65,3.8
BELAW,50.8,3.1833
BELGG,50.6333,5.5667
BELBS,50.35,4.25
BELOK,51.1,3.9833
BELUI,50.3833,4.9
BEWBR,50.6667,4.45
BEMLD,50.4833,4.9667
BEMBY,50.55,3.5
BEMGM,51.0167,3.5333
BEMEG,50.9,3.7
BEELS,50.9667,3.7
BEMSP,51.0,4.0667
BEMRB,51.1667,3.2667
BEMZK,51.0667,4.15
BEMGN,50.45,4.5833
BEMLO,51.1833,5.1
BEMQS,50.45,3.9333
BEMRO,50.45,4.7
BEMUI,51.0167,4.5167
BENMC,50.4667,5.0
BENHA,50.9167,5.6833
BENFE,50.2333,4.9167
BENHY,50.5333,5.2833
BENNV,50.8333,4.0167
BEOSG,50.9333,3.4333
BEOKG,50.85,4.05
BEOZL,50.7833,3.9
BEOOG,50.8833,3.3333
BEOST,51.2,2.9167
BEOTL,51.1167,4.9667
BEOKP,51.15,3.2333
BEOTK,51.2833,3.2833
BEOPI,51.1167,5.65
BEORR,50.75,3.4667
BEOVE,51.2167,5.4167
BEPML,50.8333,4.0667
BEPES,50.55,3.4333
BEPKH,50.9667,2.7333
BEPCL,50.5,4.35
BERCL,50.7167,5.6833
BERVE,50.35,4.8667
BERJT,50.6833,5.55
BERQS,50.6,4.2167
BEROS,50.4333,4.5833
BERPM,51.1333,4.2833
BESSO,50.4667,4.9833
BESLJ,51.2167,2.95
BESHR,50.9667,3.7167
BEJKP,51.0,2.8167
BESSB,50.3,4.1333
BESGM,50.8333,3.3
BESTT,50.5333,5.2167
BETFN,50.9,4.1
BETOB,51.6333,2.9167
BETLR,50.6167,5.5333
BETIS,51.0333,4.3667
BEVSB,50.5833,5.4833
BEVLX,50.5903852,3.4334752
BEVZI,50.5,5.0167
BEVVI,50.4833,4.4
BEWDM,51.1167,3.2167
BEWLM,51.0667,4.4667
BEWCG,50.7,3.3333
BEWLB,51.0667,4.3667
BEWLP,51.1,2.7
BEZVD,51.2,2.9667
BEZEE,51.3333,3.2
BEZEL,51.2,3.8167
BEZET,50.9833,4.4667
BEAAB,50.933,4.033
BEAAL,51.083,3.45
BEADK,51.067,2.6
BEAEJ,51.317,5.083
BEAFN,51.033,3.667
BEAGT,50.7,5.7
BEAHE,50.55,5.217
BEAMY,50.55,5.317
BEANB,50.617,5.583
BEANH,50.317,4.883
BEAPL,51.033,4.067
BEAPS,50.533,5.283
BEASP,50.917,3.65
BEASR,50.25,4.9
BEATH,50.617,3.767
BEATO,50.567,3.45
BEAVE,50.333,4.833
BEAVL,50.767,3.433
BEAVS,50.45,4.617
BEBAN,50.517,5.167
BEBAT,51.05,4.45
BEBAZ,51.15,4.3
BEBBG,51.317,3.133
BEBCR,50.483,4.25
BEBDU,50.483,3.817
BEBER,51.317,4.867
BEBGN,50.867,5.617
BEBGS,51.217,3.233
BEBHE,51.25,3.717
BEBHR,50.517,3.4
BEBHU,51.017,4.2
BEBLE,51.167,5.15
BEBLO,50.55,3.717
BEBLT,50.5,3.65
BEBNU,50.75,5.733
BEBOA,50.517,5.183
BEBOC,51.167,5.583
BEBOM,51.083,4.367
BEBON,51.1,4.233
BEBOO,50.933,5.717
BEBRE,51.133,5.6
BEBRM,51.15,3.333
BEBRT,51.333,4.317
BEBRY,50.55,3.417
BEBSE,50.817,3.217
BEBSI,50.317,4.167
BEBSU,50.75,3.4
BEBTX,49.85,5.25
BEBUD,51.2,4.35
BEBVE,50.717,3.933
BEBVM,50.267,4.9
BEBVO,51.083,5.2
BEBWN,50.75,2.95
BECBQ,50.683,4.217
BECLN,50.567,3.433
BECMS,50.76667,2.98333
BECOM,50.767,2.983
BECOU,50.383,4.45
BECRA,50.683,5.667
BECRQ,50.583,3.4
BECTL,50.417,4.517
BEDDR,51.033,4.117
BEDEG,51.217,4.467
BEDEL,51.317,4.267
BEDEZ,50.983,3.533
BEDIA,50.267,4.917
BEDIK,51.033,2.867
BEDLS,51.033,5.733
BEDPE,51.0,3.65
BEDPK,50.9,5.4
BEDPY,50.417,4.4
BEDRW,50.883,4.067
BEDSE,51.233,5.117
BEDSL,50.883,3.35
BEDUF,51.1,4.517
BEDXN,50.733,3.85
BEEBM,51.167,4.6
BEEBZ,50.867,5.583
BEECH,51.033,4.467
BEEEK,51.183,3.567
BEEFS,50.75,3.433
BEEHT,51.1,5.0
BEEIN,50.867,3.617
BEEKE,51.283,4.417
BEENG,50.583,5.417
BEEQM,50.667,3.333
BEERE,51.183,3.75
BEESD,50.983,5.717
BEEVM,51.117,3.7
BEFCS,50.433,4.55
BEFEY,50.567,4.25
BEFFX,50.45,4.767
BEFLN,50.567,5.333
BEFLO,50.433,4.783
BEFMA,50.6,5.467
BEFVT,50.317,4.2
BEFWI,50.467,4.8
BEGBB,51.2,4.717
BEGBU,51.05,3.75
BEGDE,50.933,5.383
BEGDN,50.35,4.867
BEGGM,51.05,4.1
BEGHI,50.45,3.817
BEGHL,50.467,3.883
BEGLK,50.883,5.6
BEGNK,50.967,5.5
BEGOS,50.467,4.417
BEGRB,50.93333,4.38333
BEGRO,50.867,4.267
BEHAM,51.117,5.183
BEHBE,51.067,3.533
BEHBN,51.167,4.35
BEHCS,50.483,3.683
BEHDK,51.067,4.4
BEHEJ,50.85,3.3
BEHER,51.183,4.833
BEHEX,51.15,4.35
BEHFB,50.733,4.233
BEHGA,50.483,4.133
BEHGG,50.483,4.15
BEHKN,50.733,3.383
BEHMH,50.55,5.367
BEHNS,50.433,3.667
BEHOL,50.533,3.417
BEHPD,50.217,4.833
BEHRE,50.467,4.033
BEHRP,50.367,4.283
BEHRS,50.667,5.633
BEHSD,50.967,4.033
BEHSL,51.217,5.483
BEHSS,50.933,5.333
BEHTJ,50.483,3.75
BEHUM,50.967,4.383
BEHVE,51.0,4.55
BEHYB,50.967,4.067
BEIGE,50.917,3.25
BEISR,50.667,3.817
BEITR,50.65,4.267
BEIZG,50.917,3.2
BEJAV,50.517,5.15
BEJPS,50.467,4.667
BEKAI,50.633,3.367
BEKAN,50.817,5.667
BEKDE,51.283,4.167
BEKEK,51.167,4.317
BEKHN,50.8,3.5
BEKMH,50.95,4.55
BEKNS,51.133,3.417
BEKOU,51.25,4.283
BEKPB,51.017,4.367
BEKRO,51.15,5.75
BEKSN,51.15,5.817
BEKSR,50.783,3.517
BEKUU,50.85,3.283
BEKVE,51.333,4.667
BELAN,50.883,5.65
BELBE,50.717,4.217
BELDS,50.383,4.35
BELES,50.717,3.833
BELEU,50.883,4.7
BELFE,51.167,2.883
BELGB,51.117,3.733
BELGO,50.95,5.5
BELHK,51.017,3.883
BELIE,51.133,4.567
BELIL,51.3,4.3
BELIX,50.75,5.667
BELML,51.233,5.3
BELNK,51.017,5.717
BELNY,50.783,5.683
BELOT,50.767,4.267
BELOZ,51.2,5.567
BELPG,51.117,5.25
BELPI,50.517,3.433
BELRG,51.033,3.75
BELUM,50.983,5.2
BEMAN,50.5,4.217
BEMAP,50.4,4.383
BEMEE,51.45,4.733
BEMEH,51.133,5.083
BEMEL,51.0,3.8
BEMEN,50.8,3.117
BEMEW,51.167,3.933
BEMFF,50.617,3.8
BEMGS,50.4,4.5
BEMHN,51.2,4.617
BEMLY,50.883,4.383
BEMMN,50.817,5.667
BEMNO,50.767,3.4
BEMRD,51.083,3.583
BEMRG,50.45,4.083
BEMRK,51.25,4.45
BEMRL,51.0,3.75
BEMRM,50.95,2.85
BEMSI,50.667,5.633
BEMSJ,50.85,4.317
BEMSK,51.1,5.8
BEMSR,50.483,3.95
BEMSS,50.417,4.367
BENAM,50.467,4.867
BENBA,50.467,3.95
BENIE,51.133,2.75
BENIL,51.117,4.333
BENRP,51.217,5.417
BENRT,51.083,5.7
BENRY,50.6,5.55
BENVH,50.9,4.383
BENVL,51.033,3.55
BENVN,51.1,4.35
BENYL,51.167,4.65
BEOBG,51.183,3.0
BEOBR,50.467,4.0
BEOBT,50.55,5.333
BEODE,50.817,4.433
BEOEL,51.217,4.583
BEOEV,51.133,4.883
BEOGS,50.683,3.85
BEOHN,51.117,5.8
BEOLE,50.75,3.85
BEOLN,51.15,4.85
BEOPY,50.7,5.65
BEOQC,50.667,4.217
BEOTH,51.317,4.983
BEOUD,50.85,3.6
BEOUG,50.6,5.533
BEPAL,51.033,5.183
BEPCQ,50.683,3.333
BEPFE,50.383,4.867
BEPLB,50.433,4.133
BEPLO,50.417,4.533
BEPLY,50.783,5.683
BEPME,50.45,3.7
BEPTP,51.233,4.35
BEPTS,50.733,3.4
BEPUU,51.083,4.283
BERAR,50.183,5.583
BERBE,50.917,2.617
BERBX,50.65,3.783
BERCI,50.65,3.317
BERCT,50.533,3.583
BEREK,50.833,3.617
BEREQ,50.3,4.117
BERGE,50.95,2.783
BERHA,50.917,2.617
BERIE,51.167,3.783
BERIJ,51.35,4.767
BERIN,51.05,5.217
BEROE,50.95,3.133
BEROU,50.5,4.1
BEROX,50.433,4.383
BERTI,51.267,5.067
BERUE,50.767,3.483
BERUI,50.783,4.3
BERUS,51.083,4.417
BERVS,51.367,5.0
BESAN,51.183,3.183
BESAS,51.05,4.2
BESBE,51.183,3.233
BESBG,50.5,3.717
BESCE,51.233,4.567
BESCT,51.25,4.5
BESDP,51.133,4.267
BESDT,50.517,4.25
BESEN,50.517,4.25
BESES,50.5,5.067
BESGX,50.5,5.0
BESHB,51.017,3.933
BESHL,51.133,4.333
BESJG,51.3,4.567
BESJO,51.183,4.883
BESJR,50.87122,5.27103
BESKR,50.967,5.267
BESLN,51.35,4.683
BESLY,50.483,5.033
BESML,51.017,3.633
BESNE,51.0,4.017
BESPE,51.217,3.2
BESPI,50.717,3.35
BESSK,51.183,2.933
BESSN,50.617,5.55
BESVG,51.083,4.333
BESVN,51.217,5.233
BETBE,50.9,5.683
BETDK,51.15,3.783
BETER,50.867,4.183
BETES,51.067,5.083
BETET,50.467,3.8
BETGE,50.433,4.55
BETGL,51.133,5.667
BETGN,51.083,4.4
BETHE,50.467,4.083
BETHG,50.533,5.267
BETHU,50.333,4.283
BETIL,51.117,4.183
BETLK,50.95,4.633
BETMS,50.433,4.6
BETRN,50.6,3.383
BETSE,51.133,4.217
BETSL,50.633,4.717
BETUR,51.317,4.95
BEUIT,51.017,3.95
BEVAU,49.91667,5.58333
BEVBG,50.95,4.417
BEVEU,51.067,2.667
BEVGL,50.633,4.183
BEVHN,50.817,5.633
BEVIL,50.933,4.433
BEVIT,50.2788486,6.1273655
BEVSH,50.467,4.05
BEVSL,51.183,4.633
BEVWZ,50.867,5.633
BEWAA,51.1,4.083
BEWAN,50.533,5.217
BEWAR,50.883,3.417
BEWDG,51.083,3.717
BEWEE,51.067,3.267
BEWEL,50.85,5.317
BEWER,50.783,3.033
BEWET,51.0,3.883
BEWEV,50.8,3.167
BEWGL,50.933,4.7
BEWIH,51.0,3.983
BEWIP,50.417,4.867
BEWIR,50.5,3.533
BEWJG,51.233,4.533
BEWLT,50.217,4.867
BEWND,50.667,5.65
BEWTH,51.1,4.3
BEYRT,50.583,5.433
BEYVO,50.333,4.883
BEZBR,50.8,3.967
BEZER,50.6,5.483
BEZGM,50.9,3.65
BEZLE,51.067,4.033
BEZOD,51.017,5.3
BEZRM,51.117,3.55
BEZTL,50.933,5.567
BEZUL,50.917,3.433
BEZUN,50.783,4.267
BEZWE,50.8,3.333
BEZWL,51.217,4.333
BEZWN,51.0,3.717
BGAKH,42.1,27.95
BGBAL,43.4167,28.1667
BGVT4,43.2,25.3
BGBSL,43.4667,23.95
BGGUR,42.65,25.7833
BG4IG,43.25,27.7667
BGKUK,42.0333,24.7833
BGMAB,41.6,23.8
BGNES,42.65,27.7333
BGNPO,43.6833,24.8833
BGOKH,43.7333,23.95
BGRDU,43.85,25.9667
BGSOZ,42.4167,27.7
BGS3W,42.6,26.6833
BGVAR,43.2033847,27.8867251
BGBOJ,42.5384931,27.2481942
BGVAZ,43.2173191,27.8641438
BYKLK,53.05,26.6167
BYKYC,53.35,32.05
BYPIK,52.1167,26.0833
BYRYA,52.35,30.4
BYSNM,53.1,25.3167
BYVAW,53.15,24.4333
CHXRE,47.2667,8.4833
CHBRZ,47.0,9.5
CHBA8,47.15,8.3167
CHBIB,47.1833,7.5667
CHBIR,47.2833,8.2
CHBLY,46.4667,6.9
CHBSM,46.6,6.6333
CHBRU,46.9833,8.6
CHBTT,47.4667,8.6667
CHBUR,46.4333,6.2833
CHHHM,47.1833,8.4667
CHCHE,47.3833,7.0
CHN66,47.3167,7.3833
CHCBL,46.25,6.2
CHCOP,46.3167,6.2
CHCVT,46.9167,6.6333
CHDOT,47.5667,8.25
CHEPS,46.4833,6.7333
CHERB,47.3,8.6
CHFEM,47.2833,8.6167
CHFLA,47.0167,9.5167
CHGRG,46.9,6.7667
CHGTT,47.6,9.2833
CHHTE,47.0167,6.9667
CHHBG,47.2833,8.6167
CHXZX,47.0167,8.65
CHRGU,47.5833,8.25
CHK3L,47.45,8.7833
CHKPP,47.1333,7.6
CHGEL,46.1833,6.1333
CHLDO,47.05,7.0667
CHLLU,46.65,6.2667
CHMAU,47.3333,8.6667
CHMLN,47.2833,8.6333
CHMWA,47.2833,8.2333
CHMIG,46.3167,7.55
CHNEF,47.1,9.0667
CHNDB,47.2667,7.6833
CHODB,46.7333,7.95
CHPOR,46.1333,8.7333
CHRRN,46.3,7.8
CHRNB,46.6167,7.6833
CHRGT,46.4833,7.2167
CHSAS,46.8833,6.7667
CHSSV,46.5167,6.5667
CHTTG,47.6667,9.05
CHSEN,47.1667,8.1333
CHSMK,47.2333,8.9333
CHSTA,46.9667,8.3333
CHSTI,47.2,8.4667
CHTAN,47.1,7.15
CHUKS,47.2667,8.6667
CHTZE,47.1333,7.55
CHVSX,46.2833,6.1667
CHVS5,46.7167,6.9667
CHVZU,47.0167,8.4833
CHWCW,47.1,8.5167
CHWLO,47.45,8.3667
CHCHS,46.3,7.05
CHDSF,46.55,6.667
CHMDF,47.417,9.133
CHMSC,47.3,8.23333
CHVAU,46.867,6.75
CZBAR,49.6667,18.05
CZBLN,50.55,13.7667
CZC7V,50.0333,16.75
CZCEV,50.25,17.2333
CZCCN,50.0,16.2333
CZCUL,50.8167,14.9667
CZCHU,49.5667,16.2667
CZDCB,50.7833,14.2167
CZSKJ,50.639873,15.044982
CZDIV,49.7833,14.8833
CZDRS,49.7833,14.1667
CZDRO,50.3667,13.8
CZDDD,50.1130625,14.2177414
CZDOB,49.9167,18.1167
CZBBE,50.3833,14.4333
CZSK5,49.95,14.5333
CZDOL,49.1333,17.8167
CZDRN,48.85,16.5
CZDKV,50.6833,15.3167
CZDEK,49.7167,13.65
CZHRN,50.0333,14.75
CZHRU,48.7833,16.9833
CZJAB,50.0333,16.6
CZJEN,50.4833,14.0167
CZJIE,48.9833,16.0
CZKAD,50.3833,13.2667
CZKUV,49.35,18.25
CZKOQ,49.9874796,14.3265816
CZRNH,49.45,17.1833
CZKNV,50.2333,14.3167
CZZLY,49.25,17.4667
CZKKA,50.0667,12.7833
CZLOB,49.4,17.2833
CZLUK,49.85,13.9833
CZMNV,49.6,16.8833
CZMYT,48.7833,14.1667
CZNEH,50.1333,14.7333
CZNET,49.05,14.2
CZOVV,49.7880079,14.293561
CZNVV,50.1833,14.7167
CZOCX,50.2667,16.1167
CZOSI,50.15,15.6833
CZPNJ,50.5333,16.2333
CZPOP,49.3333,17.3
CZXUY,50.0667,14.45
CZJK6,48.9,16.7
CZNKN,49.1667,14.3333
CZSEM,50.3681717,15.0069117
CZSMO,50.0667,14.4
CZOVK,50.7333,15.25
CZBRA,49.9,14.85
CZSDO,49.7,18.35
CZTVA,50.7333,15.3
CZTIS,49.35,16.4333
CZTOM,50.0667,12.9833
CZTUC,50.1333,14.2833
CZULN,50.6667,14.0333
CZVAA,49.2833,16.45
CZBBC,48.983,16.4
CZCEP,49.983,15.7
CZCRS,49.667,18.583
CZHLU,48.983,17.517
CZKSL,50.233,14.6
CZMIB,49.533,17.833
CZNRT,50.267,14.517
CZODO,50.2334147,14.4107891
CZPAU,49.867,12.75
CZPNA,49.333,15.717
CZSTE,49.85,14.4
CZSTT,50.45,14.383
CZTNN,49.424893,13.8817644
CZVKA,50.033,15.467
DEABH,53.4833,8.4333
DEABF,53.6667,9.4833
DEABL,52.35,10.5667
DEAMR,52.4,7.9333
DEAWR,54.3167,9.9667
DEAIT,47.95,10.0833
DEAQF,50.05,7.1167
DEAXB,51.7,11.6667
DEABO,52.1833,12.8667
DEANR,53.85,8.8
DESH4,53.9,10.2
DEATL,52.55,7.3
DEHHV,53.5167,9.9167
DEAMB,49.4333,11.8667
DEAML,51.8833,7.6
DEARL,53.2577806,7.9222968
DEIAM,54.65,8.35
DEAND,50.4333,7.4
DEAPE,53.2167,7.8
DEASE,52.8833,11.4833
DEARN,51.3833,8.0833
DEAUO,54.3167,9.7167
DEAUG,53.2167,7.7667
DEAUR,53.4667,7.4833
DEDCH,50.05,7.7667
DEBBV,53.0833,10.5833
DEUBG,51.2833,12.05
DERHX,48.0167,8.5333
DEBES,52.3167,8.3333
DEBEZ,48.1167,7.7333
DETEJ,47.8667,7.7
DEBMR,53.7333,7.3667
DEGBX,49.0,12.2
DEBRK,53.6833,9.4667
DEBAS,53.6833,9.1833
DEBZS,52.1833,10.4167
DEBKW,52.1667,14.2333
DEELG,51.4833,13.1167
DEBDF,50.4167,7.5667
DEBEN,53.6833,7.5833
DEHUB,50.8667,13.9333
DEBGL,50.9833,7.1333
DEBER,52.5167,13.3833
DEBMN,47.7333,9.3333
DEBTI,52.35,11.8333
DEIEN,52.5667,7.2833
DEERX,51.9667,11.65
DEBIW,52.2833,13.75
DEBIN,49.9667,7.8833
DEBZR,54.4,13.6
DEBQ2,50.5,8.8167
DEBWQ,49.2,8.0333
DECKH,50.4333,6.65
DEBLM,53.1833,8.5833
DECKK,52.0167,10.1333
DEBCO,52.8833,10.1167
DEBTC,52.85,10.6667
DEBFF,51.75,9.3833
DEBOI,53.3833,10.7167
DEBOK,53.3833,8.7667
DEBMO,53.0167,7.5
DEBYT,54.3333,9.7167
DEBMK,53.5833,6.6667
DEBCT,51.4072674,13.2186617
DEBTA,52.3,10.4
DEBXB,49.4833,9.6333
DEBCW,51.5333,11.8667
DEBTF,53.7,11.55
DEBKE,53.3333,8.4833
DEBRA,53.55,8.7
DEBBG,52.4167,12.55
DEBWE,52.2667,10.5
DEBMV,53.4833,9.1333
DEBNK,52.4333,9.7333
DERIZ,52.45,13.4333
DEBDA,50.2167,7.45
DEBSI,48.1167,8.8167
DEUSF,54.3,9.65
DEBUL,48.6833,8.1333
DEBEU,53.45,10.0833
DEBLD,49.2,12.0333
DEBZQ,50.9167,12.8167
DEURR,48.2833,9.1167
DEBUT,53.5833,8.3667
DEBUZ,53.6667,9.4833
DEBUX,53.45,9.7
DECAR,53.7,7.8
DECRL,51.55,7.3
DECPZ,50.9667,13.9333
DECRR,50.9667,11.9667
DECUM,53.0167,11.65
DECUX,53.8833,8.7
DEDAN,53.45,8.1167
DEDWD,53.0833,13.1833
DEMVD,53.9167,10.9833
DEDGA,48.8167,12.9833
DEDMN,53.9,13.0333
DEDNR,51.8667,10.9167
DEDEU,50.5333,7.0333
DERPD,50.7167,7.9833
DEDSU,52.9667,7.2833
DEDEB,51.1167,12.0667
DEDIA,54.3,12.3667
DEDHM,48.65,7.8833
DEDSC,48.35,10.5833
DEDT8,50.75,12.1167
DEDIT,53.3167,7.2833
DELZ6,51.35,12.2167
DEDE3,49.25,10.2833
DEDNT,52.2167,7.6833
DEDMG,51.0833,6.8167
DERKQ,48.15,11.6833
DEDRP,52.95,7.3167
DEDON,51.6667,6.9667
DEDTM,51.5,7.4833
DEDVE,52.85,9.2333
DEDR5,52.65,8.4333
DENDQ,50.6167,7.9333
DEDRO,53.7,9.3833
DEDUI,51.4667,6.75
DEDUS,51.2333,6.7833
DEDUL,48.45,9.05
DEEBB,49.4667,8.9833
DEEGC,48.5167,12.0667
DEEDI,49.4333,8.6
DEEAX,49.8,10.0833
DEEGJ,52.5667,7.8167
DEEOM,49.7667,11.05
DEEHI,48.2833,9.7333
DEEDD,54.2833,9.4
DEEHS,52.15,14.65
DEELB,54.3333,10.1833
DEELF,49.8333,9.15
DEELS,53.2333,8.4667
DELER,51.8333,12.8333
DEETN,51.8667,6.15
DEEZH,48.1667,8.0667
DEEME,53.3667,7.2167
DEEM4,48.5,10.6667
DEESU,51.6,6.6
DEEAU,51.0167,12.9333
DEEAM,49.8,9.1667
DEETY,47.5667,11.1
DEXAX,49.8167,10.1167
DEFBR,51.5839002,13.2423051
DEFHM,48.0667,10.15
DEMV5,53.6667,13.8833
DERP7,49.2333,8.0833
DEFSH,49.75,8.1667
DEFRA,50.1167,8.6833
DEFFO,52.35,14.55
DEFES,48.6667,7.95
DEFRE,52.8833,7.3
DEFHL,51.6333,6.65
DEFYE,53.0167,7.85
DEFNW,50.6,7.1
DEGXG,54.3,13.6833
DEGAO,49.7833,8.1833
DEGXS,51.1167,14.3167
DEGST,52.6,7.2667
DEGNL,54.2029047,12.3017861
DEGEK,51.5167,7.1167
DEGFD,50.45,9.95
DEGHZ,49.15,7.2167
DEGS5,50.95,9.0667
DEGXN,49.3667,8.15
DEGNP,50.5833,12.15
DEUND,47.75,11.7333
DEGDO,50.85,6.9667
DEGTR,51.35,13.2833
DEGKR,50.0167,11.6833
DEGO4,50.0167,9.7833
DEGMV,54.25,12.2333
DEEFE,51.7167,12.45
DERBI,53.7667,14.0167
DEGNR,50.75,7.0667
DERLB,48.7333,7.9833
DEGRE,53.5,7.1
DEITH,51.7833,6.3167
DEGMR,51.05,7.15
DEGMN,54.1167,13.05
DEGXR,54.6333,8.7167
DEGNU,52.2167,7.0333
DEGPR,51.5667,7.3667
DEGKG,50.0833,8.9833
DEHHO,49.45,9.2833
DEGRO,54.3833,11.0833
DEGSI,53.4667,8.4833
DEGSA,51.2833,12.15
DEGZG,53.1833,12.95
DEGDZ,51.1167,6.4333
DEGNX,49.8833,7.8
DEHRX,54.5333,9.6667
DEHAM,53.5167,9.9333
DEHTJ,53.55,10.0167
DEHAN,52.1,9.35
DEHMM,51.6833,7.8
DEHAU,50.1333,8.9
DEHAJ,52.3667,9.7167
DEHSX,53.7,7.8
DEHLO,53.6333,9.6
DEHAO,49.7833,9.4833
DEHME,50.0167,8.05
DEHHL,51.9833,9.4667
DEHEI,49.4167,8.7
DEHSI,50.0,8.1333
DEHE5,49.7667,8.0833
DEHRC,52.2667,11.7333
DEHGL,54.1667,7.8833
DEHMO,53.7,9.1167
DEHNF,52.6333,13.2167
DEXRT,48.0667,9.4333
DEH54,50.7,8.3333
DEHBR,53.0333,7.3167
DEHGZ,47.65,9.8333
DEHEE,51.55,7.2167
DEHRT,51.6,7.1333
DESSL,52.4167,7.3833
DEHDI,51.8333,7.4
DEHLP,51.9,7.6333
DEHRE,50.4,9.1333
DEHD8,51.0667,6.9333
DEHCS,50.1,8.55
DEHO4,49.2333,8.2
DEHOJ,52.2667,10.0667
DEHSA,52.8667,14.15
DEOWH,52.2333,11.7167
DEHLN,51.7333,9.95
DEHZN,51.8167,9.45
DEHBO,51.45,6.6833
DEHGE,54.5667,8.55
DEHOO,53.6333,8.0167
DEHPE,53.4,10.1667
DE3L4,52.5167,13.6667
DEHSB,50.9667,10.4167
DEHOS,53.6833,8.0167
DEHRO,52.2333,13.9667
DEHSU,53.1,8.1833
DEHUX,50.9333,7.8833
DEHZZ,49.9671242,6.5879525
DEIGH,49.5,9.8167
DEZVE,48.9345588,11.8668228
DEING,48.7667,11.4333
DEISP,48.9167,8.6667
DEISU,51.5333,6.4167
DEJEM,53.2667,7.3833
DEJTN,48.3833,10.4167
DEJSN,52.4,9.0
DEJUI,53.6833,7.0
DEKMT,50.0167,7.1667
DEKDT,49.4833,8.1667
DEKAR,54.3,12.8
DEKHU,51.8667,7.3
DENNP,49.8,6.7167
DEKLS,50.1167,8.8833
DEJIV,49.7167,8.1
DEKEL,54.3333,10.1333
DEKIE,52.5667,14.6167
DEKBR,50.0,7.0167
DEKPF,48.95,11.3833
DENWC,51.6,6.9333
DEKCO,52.3667,12.4167
DERFT,50.1667,10.3667
DEKOF,52.3833,9.45
DECGN,50.95,6.9333
DEKWH,52.2833,13.6167
DEKGM,53.6667,9.35
DEKB6,49.6,10.9333
DEKTN,50.15,11.0167
DEKVG,49.9833,7.1167
DEKZB,48.4,11.6167
DEKRA,53.75,9.3833
DEKRE,51.3333,6.5667
DEKGU,49.55,10.95
DEKR9,53.9333,12.3167
DEKKU,52.4,7.3667
DELHD,52.3667,9.0
DELAD,49.2,8.1167
DEAAD,53.2167,8.0167
DE73A,54.8,9.6333
DELDM,54.3,12.4667
DELGO,53.75,7.4833
DELAW,50.6667,10.9833
DE6NK,49.7167,6.5
DELKI,52.4333,13.35
DELAT,52.8667,7.3167
DEUBT,51.0333,13.8333
DEDE8,49.9167,7.9
DELNU,53.3667,10.5667
DELS4,51.55,12.6333
DELIA,50.9,10.6167
DE23A,50.9,10.6333
DELPH,48.4333,10.2333
DELIZ,52.1167,14.2167
DELRC,52.5333,8.35
DELEW,53.1667,8.6167
DEDDD,51.3667,7.6
DELEV,51.0333,7.0
DEILH,50.5167,8.8167
DELTF,52.8667,13.75
DELIB,52.6,9.1
DELPQ,53.7167,14.0167
DELSR,49.9167,7.0167
DELSH,50.2691039,8.9956558
DELIU,47.55,9.6833
DELRN,50.5667,7.2833
DELNH,52.1833,8.6833
DEONG,49.8,6.7833
DELCW,51.05,13.8167
DELSU,50.8833,9.7333
DELUH,49.4667,8.4333
DELGX,49.8167,8.35
DELLS,50.8333,6.9833
DELOW,52.9167,14.1167
DELT9,51.6333,9.9167
DETJE,54.3,10.6
DEGYM,50.6620715,8.7580771
DEMAM,54.1667,10.55
DEMFL,51.0833,9.5333
DEMMF,48.2,11.15
DEMMI,48.65,12.6
DEMHG,49.4833,8.45
DEMRM,53.45,7.7167
DEMRS,53.5,8.05
DEMXA,49.0333,8.3167
DEMXM,49.0333,8.3
DEMHR,49.8,6.8167
DEMRU,52.3,10.1
DEMDI,51.4667,6.7667
DEME8,51.0833,11.9833
DEMEI,51.15,13.4833
DEMZE,52.1833,13.4
DEMEM,53.6333,6.9
DEMSH,53.25,14.4333
DEZ4Z,49.0667,8.9333
DEMID,52.2833,8.9
DEMNM,49.8667,6.9333
DEMIN,53.7,7.9667
DEMIB,52.3667,9.85
DEMSB,53.1333,8.6667
DEMGW,48.8167,9.9667
DEMMM,49.8667,8.25
DEMWW,48.1,8.4333
DEMNF,50.7833,7.0667
DEXMP,48.8333,10.8333
DEMOZ,53.1667,8.5667
DEGL3,50.9333,13.8333
DEMXB,51.4333,13.2167
DEMMO,49.9,7.0
DEMUH,51.4333,6.8833
DEULS,50.75,12.5667
DEM5B,48.5833,12.9
DEMUN,52.9833,10.0833
DEMSR,51.9667,7.6333
DEMNQ,49.95,7.8833
DENZM,52.3333,12.7333
DENTA,48.6167,9.25
DENZE,49.3167,9.15
DENFE,50.1,7.1333
DENES,53.6667,7.35
DENNH,54.524214,13.092862
DENSE,51.5,7.0
DENHS,53.7,7.7
DENEH,53.8,9.0333
DEUKI,51.1667,12.4333
DENEL,53.75,9.3333
DENN4,49.5333,8.1333
DENMN,49.85,6.8833
DENSV,48.3667,12.5
DENCA,53.0167,7.7833
DENSS,51.1833,6.6833
DENHO,54.1,10.8167
DENGL,53.3833,11.5833
DEBWJ,48.8833,8.5667
DEDFX,50.7,7.1833
DECH5,51.2,14.4833
DENGH,48.25,11.85
DENHL,51.0,6.9667
DENCZ,51.2333,13.4333
DENO9,50.8667,12.2833
DENOE,53.6167,7.15
DENHA,53.5,8.4833
DENHE,49.1,9.1333
DENHN,52.4333,7.0833
DENOR,54.5,8.8833
DENUE,49.4333,11.0667
DEPJQ,48.1333,8.8667
DEOAB,49.5333,8.7833
DEOEX,54.3,9.6667
DEOBE,51.4667,6.85
DEOAN,49.7833,7.75
DEOKY,50.2667,11.9333
DEORM,50.3667,8.6833
DEDEO,49.5167,7.1
DEOEE,50.1167,7.7167
DEOWT,50.6,7.2
DEOSW,50.0,8.0
DEOFF,50.1,8.7667
DEOLO,53.1667,8.2
DEOLD,53.45,8.5167
DEOLU,53.3333,7.3333
DEOTK,53.4333,10.1
DEORS,51.5167,6.6833
DEOSL,52.4667,10.6833
DEOSN,52.2667,8.05
DEOSB,51.5667,6.5667
DEOSR,53.9,9.1833
DETRD,54.2833,9.7
DETER,52.1167,9.6167
DEOKG,54.15,11.75
DESXD,49.9667,10.7167
DEOTT,53.8,8.9
DEPAH,54.2667,9.3167
DEPAP,53.0667,7.4
DEPRY,52.6833,12.25
DEPTN,54.0833,11.9833
DEPAS,48.5667,13.45
DEPZI,49.7667,11.0167
DEPEF,54.1333,13.7833
DEPEI,52.3167,10.2333
DEPEL,54.5167,8.6333
DEPEN,52.3833,7.9667
DEPRC,51.65,6.55
DEPTD,54.2167,12.4333
DEAQ2,48.8167,11.6833
DEPFR,47.5833,10.55
DEPSB,52.3167,8.0167
DEPPT,49.8833,6.9167
DEPSR,51.8667,12.6
DETTP,49.95,6.9667
DEPSA,51.45,13.6167
DEPLS,48.55,9.2
DEPLL,52.3833,9.2
DEPOT,52.4,13.0667
DEPRN,51.6667,12.9167
DEPCE,54.3833,12.6667
DEPKU,51.1,14.2167
DERDU,51.2167,13.7167
DERE5,50.5167,7.0333
DERCI,53.3333,12.7167
DERCK,52.3833,7.7167
DEREE,53.4833,7.8333
DERTJ,49.35,8.9333
DERFI,48.7167,9.4667
DERET,52.7833,9.3833
DERHB,51.55,6.5833
DERRG,53.1,12.8833
DERDL,48.9,13.35
DERIK,50.0833,9.6333
DERBK,52.2667,7.6167
DE2RO,49.4333,8.25
DERSK,54.0833,12.1333
DERDT,48.0,10.0167
DERBF,51.0,9.7333
DEOHE,52.1833,11.6667
DERU7,49.85,7.8167
DERUE,49.9833,7.9167
DERDW,52.4167,13.4833
DERAR,48.4333,13.3333
DERNT,51.6333,7.65
DERUB,52.3167,9.0667
DERUM,49.9833,8.4333
DESKS,52.0833,11.6667
DESAR,52.15,10.3167
DEZMU,51.5333,11.8333
DESMA,53.9,9.25
DES3B,48.8667,9.9167
DESEF,52.4667,11.9833
DESCV,50.5167,6.4667
DEMHA,52.1,7.7167
DESNR,53.0333,11.5667
DEOKE,52.0167,11.7333
DESFL,51.3,13.7
DESPD,52.2333,12.2167
DESZ8,49.0667,9.2
DECHL,53.5833,9.7
DESPS,54.2667,8.9333
DEUTT,48.2667,7.9667
DECWN,53.95,12.1167
DESWF,49.15,9.0667
DESWQ,49.9167,10.1333
DESWZ,49.35,11.25
DESDT,53.0667,14.2667
DESCW,50.05,10.2167
DESGW,51.5,6.7333
DESRI,52.75,9.1833
DEIEW,52.3333,12.9667
DEB85,48.2667,12.25
DESXE,48.3167,7.95
DEKFT,49.7333,9.3167
DESNE,52.3167,9.9333
DEYSF,50.9333,14.6
DEEHM,50.0833,7.2
DESRA,49.5833,6.5667
DESQJ,50.1833,10.85
DESPI,53.7667,7.7
DEPYK,51.8,6.1333
DESTA,53.6,9.4833
DESTS,53.6333,9.5167
DESL5,54.2333,13.2833
DEHSJ,52.6833,10.4
DESWS,50.3,11.4667
DESKN,47.85,12.1833
DESRP,50.65,7.9833
DESNP,53.8667,13.5667
DEUHF,54.4667,13.1333
DESLZ,48.9333,9.85
DEZB4,47.6667,10.35
DESNC,48.8833,12.35
DETAR,49.55,6.5833
DETAE,52.55,11.95
DETLT,52.4,13.2667
DETMM,49.6833,6.4667
DETCN,51.1167,12.0167
DETWZ,51.4333,12.6667
DETHR,48.5667,10.9167
DETHU,52.3167,10.5
DETGM,49.8667,9.8333
DETSU,53.1833,10.9833
DETMH,50.1,11.8167
DETOS,53.5667,8.2833
DETBN,52.2167,13.2167
DETRH,50.0,7.8333
DETKD,50.1833,7.3
DEUH7,49.8667,8.1667
DEUCK,53.7333,14.05
DEUEL,52.9667,10.55
DEUES,53.0,9.0667
DEULM,48.4,10.0
DEUPS,53.4667,7.7333
DEGUZ,50.4,7.5167
DEVAR,53.4,8.1333
DEVNA,52.35,7.45
DEVEN,52.4,8.1667
DEVEJ,51.7833,14.0833
DEVIU,51.95,10.5667
DEVRW,54.1167,13.5833
DEVGF,47.95,10.9167
DEVBS,48.45,12.35
DEV44,51.4333,6.6333
DEVTT,54.5667,13.1
DEVOC,53.2333,10.9333
DEVOL,49.8667,10.2333
DEWAZ,51.1,9.3333
DEWLE,49.0167,9.15
DEWLM,51.5333,6.7
DEWTP,51.6333,7.4
DEWNL,50.9,10.85
DEAGE,53.8,7.9
DEWKE,54.1167,10.2
DEANE,51.5333,7.1667
DEWAR,54.1667,12.0833
DEYWX,50.1,6.3667
DESWW,52.2667,10.4167
DEWEE,53.1667,7.35
DEWGQ,48.15,8.8
DEWKK,49.4833,9.9
DEWWI,50.7667,6.8333
DEADT,48.8167,9.3667
DERRP,49.5167,8.2333
DEWNG,49.0333,10.9667
DEWNU,50.4167,7.45
DEWMM,49.3667,7.0833
DERIC,51.65,6.5333
DEWES,51.6667,6.6167
DEWAC,53.6667,7.4833
DEWE5,54.5167,9.1833
DEWKZ,51.1333,6.4167
DEWIE,53.45,7.5833
DEWVN,53.5167,8.1333
DEWIM,52.3333,8.4333
DEWNH,52.4,9.0167
DEWWH,49.25,10.8167
DEWNI,49.5667,7.85
DEWHP,51.45,10.6667
DEWIF,53.7833,9.3167
DETNR,53.0167,11.75
DEWTU,51.3833,14.25
DEWIT,52.3167,8.3667
DEOHL,53.9333,11.25
DEWOB,52.4333,10.8
DEOLK,50.65,13.0667
DELZG,52.2667,13.8333
DEWOG,51.05,6.85
DEWTA,49.0,12.4
DERZE,52.7167,14.1333
DEWRI,53.9333,9.75
DEZHA,51.9167,12.7833
DEZIZ,49.1,8.8167
DEZRH,53.15,12.8833
DEZH8,51.2,13.4
DEZZL,49.6333,8.1333
DEZTH,52.35,13.6333
DEZIS,54.4333,12.6833
DEZZH,49.2833,8.8167
DEBRV,53.55,8.583333333
DEAAH,50.767,6.083
DEAEB,52.383,13.117
DEAHU,50.167,7.683
DEASC,49.980747,9.130424
DEASR,49.083,11.9
DEBBI,48.9471605,9.1305037
DEBEV,51.6684529,9.3722807
DEBFH,49.2343944,9.2079738
DEBKF,50.9121507,8.5301232
DEBOT,51.529086,6.9446888
DEBOY,52.2084623,8.8009706
DEBRE,53.0792962,8.8016936
DEBRM,52.4077183,8.0015624
DECKL,53.883,9.133
DEDOW,48.7185826,10.7778041
DEDSB,51.25,13.417
DEEBI,50.35,7.617
DEECK,54.4689457,9.8384467
DEELM,53.7513549,9.6632521
DEERA,50.183,6.35
DEEZN,53.083,11.433
DEFHE,50.983,9.333
DEFLF,54.801,9.43479
DEFWH,50.8,7.15
DEGER,49.2333,8.3833
DEGFF,50.583,7.067
DEGLK,54.833,9.55
DEGUE,52.35,11.967
DEHBU,53.5510846,9.9936818
DEHEN,49.1426929,9.210879
DEHJK,49.233,8.117
DEHML,48.7,7.967
DEHOX,51.7774678,9.3771214
DEILE,49.217,8.017
DEINM,49.977445,8.054197
DEITN,47.633,10.117
DEKEB,50.0597078,8.5297786
DEKHO,49.2,9.2
DEKIT,49.7340805,10.1473777
DEKNT,51.367,13.233
DEKON,47.6779496,9.1732384
DEKOP,53.217,8.45
DEKUP,48.817,8.25
DELBC,53.893412,10.700594
DELBM,54.133,13.6
DELIG,52.52306,7.323279
DELLI,51.833,12.75
DELSA,53.95,13.833
DEMAG,52.1205333,11.6276237
DEMAO,54.68464,9.9919009
DEMHM,48.8426674,10.8536544
DEMSK,51.467,13.183
DENED,50.435973,7.470857
DEOIN,52.25,13.783
DEOOS,49.5885454,12.4089718
DERAD,47.745237,8.9669098
DERHE,52.2815691,7.4434092
DERLZ,52.833,14.0
DESCJ,51.2,13.3
DESLQ,54.683,8.75
DESLS,54.5239312,9.563227
DESOC,48.75,8.033
DESPE,49.317361,8.442062
DESTB,48.8777333,12.5801538
DESWT,54.267,10.217
DETLB,51.35,13.217
DEUDF,52.367,13.95
DEUEB,47.7661746,9.1702772
DEUET,53.6872441,9.6763338
DEUTA,50.667,13.15
DEVIW,54.1182859,13.5699575
DEVOE,49.2556226,6.8588948
DEVTZ,52.933,13.0
DEVVH,50.617,7.983
DEWED,53.5823813,9.7137465
DEWIB,50.078053,8.240128
DEWIS,53.8995,11.4543
DEWOE,49.05,8.2833
DEWOR,49.634474,8.350344
DEWTG,51.8739831,12.6279659
DEWTM,49.7586035,9.5128511
DEWUE,49.7913044,9.9533548
DEXZS,53.25,9.833
DEZHD,52.967,13.317
DKAAR,56.15,10.2167
DKAAB,55.0333,9.4333
DKKK4,57.15,9.75
DKAK3,55.0667,14.9333
DKAGE,55.2667,14.8
DKARO,55.2667,9.75
DKARD,55.25,9.7167
DKASA,57.15,10.4167
DKAVK,55.0333,10.2667
DKBLU,56.8167,10.1
DKBAL,55.8167,10.65
DKBLA,55.55,8.1333
DKBGZ,55.5667,10.0833
DKBOG,54.9333,12.05
DKBOS,55.1,10.0833
DKBBG,56.4333,8.2
DKCSO,55.3167,15.1833
DKDN6,54.75,11.2
DKDYS,55.7333,12.5333
DKENS,55.0167,9.4333
DKEK4,55.85,11.6333
DKFER,55.3,10.5833
DKFRK,55.45,8.95
DKFDS,55.8333,12.0667
DKFYH,54.9667,9.9667
DKGTS,56.3020868,10.865417
DKGDM,55.2167,14.9667
DKHSU,56.7167,10.1
DKHHV,55.2833,14.75
DKHEJ,55.3833,9.6
DKHVT,56.0667,12.5667
DKHJT,55.5167,8.3667
DKHJ3,55.3333,10.45
DKHBA,55.9667,12.5167
DKHVS,55.9833,8.1333
DKJEL,55.75,9.4333
DKJUE,55.7,10.0167
DKKAR,55.5667,12.2167
DKKBK,55.1833,11.6667
DKKT4,54.7,11.75
DKKLP,56.5333,8.5833
DKKLH,54.954513,12.472556
DKCPH,55.6667,12.5833
DKKOK,55.8,10.55
DKKDM,54.842808,9.449937
DKKGL,56.7,10.0667
DKLUN,55.1333,10.7833
DKMRR,56.65,10.0
DKMKH,54.9667,11.8833
DKMNS,55.0,11.8667
DKUNX,55.0,11.9167
DKNVD,55.2333,11.7667
DKNGB,55.45,9.2833
DKNHN,55.7,12.6
DKNSD,55.95,9.3833
DKNYF,54.7667,11.8833
DKNYM,56.7833,8.85
DKN3S,55.9167,11.6667
DKNR4,55.6,11.6667
DKROF,54.6833,11.3833
DKROD,54.65,11.35
DKRDK,55.0667,9.3167
DKRDH,55.25,12.3667
DKRMO,55.1333,8.5167
DKRD4,56.0,10.2333
DKRYS,55.25,10.55
DKSAE,57.3333,10.5333
DKSD7,55.2667,11.5333
DKSVG,55.2833,14.7833
DKSK3,55.8167,12.5667
DKSKH,55.7667,12.6
DKSN2,55.0667,11.9167
DKSL2,55.3,10.05
DKSGD,54.9,9.7833
DKSTA,55.9667,8.3833
DKSN7,55.0,12.0333
DKSTP,55.3167,12.45
DKSIT,55.2,11.2333
DKSF2,55.5833,11.25
DKSH6,55.3167,12.4167
DKSM6,55.55,11.7167
DKSB2,55.3833,12.3
DKSBK,54.8833,12.05
DKEOT,55.0167,9.4333
DKSNY,56.8667,8.6667
DKSVA,55.1333,15.15
DKSDA,54.9,9.8833
DKTKB,56.0167,12.4667
DKTJL,56.5,9.6
DKTB4,54.75,11.8
DKTRG,54.9,11.3333
DKTMD,56.3667,8.1167
DKTRO,55.0333,10.65
DKTN3,55.6,12.1833
DKVG4,54.7,11.9333
DKVAE,55.6333,12.35
DKVB2,56.0667,12.15
DKVK7,55.75,12.25
DKVM2,55.3667,11.2667
DKVT2,54.85,11.2833
DKVOR,55.0,11.9
DKVBN,55.0,11.9167
DKVBS,54.9833,11.8833
DKFRC,55.55,9.75
DKAAL,57.0488195,9.921747
DKASN,55.2702263,9.9008188
DKAVN,55.3,10.783
DKBRB,56.153128,10.106763
DKBRH,56.7865278,9.0012284
DKEBJ,55.476466,8.459405
DKFDH,57.4571,10.5535
DKFUH,56.8264232,9.0190386
DKGED,54.574422,11.931194
DKHAD,55.250072,9.48911
DKHJH,56.721437,10.112897
DKHSB,56.361534,8.621727
DKHVA,56.70245,9.203652
DKHWO,55.917,10.25
DKKAL,55.686429,11.089188
DKKBG,55.483,10.45
DKKOG,55.457526,12.182181
DKKRR,55.325763,11.14939
DKKTP,55.637944,12.641528
DKLGR,56.963151,9.257084
DKLHH,55.283,10.8
DKNAK,54.833406,11.143724
DKNBG,55.324169,10.799561
DKNYB,55.3,10.783
DKODE,55.3984,10.4003
DKRAN,56.457,10.0673
DKROR,57.0488195,9.921747
DKSAX,54.798236,11.631226
DKSKA,57.725004,10.579186
DKSLB,56.176362,9.5549216
DKSSV,56.25,10.35
DKVEJ,55.7,9.5666
EEABJ,58.3667,22.0167
EEABR,58.1667,22.5333
EEADV,58.5333,23.6833
EEAEN,59.5667,24.75
EEAHO,58.2167,22.3667
EEALJ,59.0167,27.4333
EEAJS,59.0167,27.4333
EEAKS,59.0,27.4333
EEASE,59.45,26.8667
EEASV,59.45,26.8667
EEATL,58.3,21.9
EEBEK,59.45,24.65
EEDIR,59.2167,23.5
EEDOB,58.3833,24.3667
EEEIS,59.5667,26.3
EEHAA,58.9333,23.5333
EEHVV,58.9667,23.5333
EEHLD,58.8,22.45
EEHRS,59.5833,25.6167
EEHRA,59.0833,23.5333
EEHLT,58.8667,23.05
EEHII,59.0,22.85
EEHUN,59.4667,24.7167
EEJGP,58.0333,24.4667
EEJEP,58.3667,26.7333
EEJKR,58.9833,27.1833
EEJHT,58.3833,24.2833
EEKVI,57.9833,22.2
EEKBN,59.5167,25.2833
EEKAK,59.45,24.6
EEKAL,58.9167,22.05
EEKAS,59.45,24.75
EEKLD,58.45,23.2667
EEKJK,59.4667,24.8333
EEKLE,58.65,23.2667
EEKLL,58.65,27.15
EEKLP,58.6667,27.1667
EEKLR,58.6667,27.1667
EEKAM,58.8833,26.9667
EEKDL,59.0,22.75
EEKPA,59.55,26.4167
EEKAP,58.3667,26.75
EEKSA,58.25,22.7333
EEKKS,58.7667,22.8333
EEKSN,58.3333,23.9167
EEKSP,58.05,22.0667
EEKVR,58.2667,24.1667
EEKLN,59.6333,25.0167
EEKEL,59.55,24.8333
EEKEJ,58.6333,23.45
EEKHN,58.1333,24.0167
EEKII,58.7667,23.5333
EEKGV,58.6,23.0667
EEKGS,58.3667,22.9667
EEKLK,59.5,25.0833
EEKOL,58.55,27.2167
EEKRG,58.9667,22.4667
EEKUI,58.5667,23.3833
EEKND,59.5167,26.5333
EEKNG,58.35,22.95
EEURE,58.25,22.5
EEKUR,58.25,22.4667
EEKKE,59.2667,24.0167
EELKS,58.3333,27.4167
EELAN,58.5333,23.6833
EELAT,58.1333,22.25
EELHS,59.45,24.7
EELAO,58.2333,24.1167
EELAU,58.9167,22.0833
EELHT,59.0667,22.7
EELHK,59.0667,22.7
EELEN,59.45,24.7333
EELEP,59.5333,24.85
EELPN,59.55,24.8667
EELIN,58.3333,24.2833
EELIU,58.2833,24.2667
EELSL,59.4,24.2167
EELSA,59.5833,25.7
EELMA,58.1667,22.1167
EELPS,58.4833,23.2667
EELNR,58.5333,23.3167
EELUI,58.8667,23.4833
EEMAH,59.5167,23.7167
EEMAN,59.2167,24.1333
EEMNI,58.5167,23.6667
EEMRS,59.45,24.6667
EEMEH,58.2333,27.4833
EEMRL,58.3,24.0167
EEMIH,58.7833,26.9833
EEMDR,59.5,24.8167
EEMOL,59.6,25.0
EEMNT,57.95,22.1333
EEMNV,57.95,22.1167
EEMUN,58.2333,24.1167
EEMUR,58.2333,22.5833
EEMTV,58.85,26.95
EEMUG,59.5,24.9667
EENAI,59.55,24.55
EENST,58.8167,23.0333
EENJS,59.4667,28.05
EENAS,58.2167,22.4
EENJD,58.2333,22.3833
EENME,59.5333,25.1667
EENOB,59.45,24.7333
EENVA,59.25,23.6667
EENRM,59.5833,24.7833
EEOIU,58.4,25.9833
EEOMR,58.7833,26.9833
EEORI,58.5667,23.1
EEORJ,58.7833,22.7667
EEOSM,59.2833,23.4167
EEOST,58.9833,23.5167
EEOTI,59.5667,24.8
EEOTS,58.65,27.1667
EEPAA,58.5167,23.6833
EEPSM,58.4833,23.2667
EEPLS,59.3333,24.0833
EEPLN,59.35,24.05
EEPAS,59.45,24.7
EEPAP,58.3667,21.9833
EEPRN,58.3833,24.5
EEPRV,58.3833,24.4833
EEPSV,59.0167,23.4333
EEPAR,59.45,24.75
EEPRI,58.25,24.1333
EEPHL,58.45,23.6667
EEPRE,58.3833,27.5167
EEPVS,59.45,24.6667
EEPIR,59.4667,24.8167
EEPRL,59.6167,25.0
EEPUR,59.4167,27.0
EEPRJ,59.4333,26.9833
EEPRK,59.4333,26.9833
EEPUS,58.6333,27.15
EERAJ,58.8333,26.95
EERLB,59.0333,23.2833
EERNM,58.1167,24.4833
EERBS,58.3667,26.75
EERVS,59.0167,27.55
EERST,59.2667,23.7333
EERJS,58.9167,22.0667
EERLS,58.9167,22.0667
EERHK,58.9,23.4333
EERON,59.5667,24.8
EERNV,59.5667,24.8
EERGR,59.0,22.8167
EERMS,58.2167,22.5
EEROO,58.2667,21.8667
EERUV,58.3833,23.0333
EESGS,58.3833,26.9833
EESMA,58.5333,22.2333
EESVS,58.7333,23.5667
EESLN,58.8333,22.95
EESNK,58.8333,22.95
EESNP,58.9833,22.95
EESLE,58.1667,22.25
EESAM,59.5,25.3667
EESAS,58.7167,27.1333
EESIG,58.15,24.0
EESLM,59.4167,27.7333
EESOE,58.6167,22.6
EESSO,58.7167,27.1167
EESRU,58.7,22.5333
EESRV,58.7,22.5167
EESUA,58.1333,24.0167
EESUK,58.1333,24.0
EESHL,58.9667,23.5333
EESUL,59.4667,28.05
EESUR,59.6333,25.6833
EESUS,58.9667,22.9167
EESVI,58.9667,23.3167
EETAL,58.6,22.9833
EETLL,59.4333,24.7333
EETLV,58.3833,24.5
EETMN,59.5167,24.8833
EETPL,59.6,25.5667
EETMA,58.6833,22.6
EETRV,58.25,25.9667
EETIL,59.45,24.4833
EETOI,59.4333,27.5333
EETJS,58.25,22.4667
EETRE,57.9167,24.3833
EETGI,58.6,22.7167
EETLT,58.7833,22.7667
EETJA,58.3333,22.9333
EETRU,58.3667,26.7333
EEUIS,58.55,23.0833
EEURG,58.3667,26.9833
EEVPA,58.8833,23.0167
EEVTR,58.3833,26.7333
EEVLR,58.5,23.2333
EEVAN,59.45,24.7667
EEVSG,58.3833,24.4833
EEVRI,58.3167,23.9833
EEVPS,58.4333,23.6833
EEVRS,58.5833,22.4
EEVNJ,58.4833,27.25
EEVAR,58.9333,22.95
EEVNA,59.0,27.7333
EEVVN,59.0,27.7333
EEVSK,59.0167,27.7333
EEVKS,59.0,27.7333
EEVUS,59.0167,27.7333
EEVEE,58.4667,22.05
EEVVM,58.4667,22.05
EEVEB,59.45,24.65
EEVER,58.6,26.1
EEVIN,59.65,25.75
EEVIK,58.3667,21.8667
EEVIR,58.5833,23.5167
EEVIS,58.5833,23.5167
EEVVS,58.5833,23.5667
EEVDU,58.3167,24.0167
EEVOI,58.2167,24.4667
EEVOP,58.0833,27.55
EEVRK,58.6833,23.2
EEVOS,59.5833,25.9667
EEWST,58.9667,23.5167
EEWJS,58.9667,23.5333
EEAAD,59.65,25.68333
EEAAK,59.43333,27.15
EEABA,58.36667,22.01667
EEABU,58.43333,22.11667
EEADK,59.61667,25.78333
EEADP,59.61667,25.76667
EEADS,58.26667,26.15
EEAHU,58.33333,27.28333
EEAJA,59.58333,26.11667
EEAJT,59.56667,25.65
EEAJV,58.55,23.18333
EEALG,57.83333,26.93333
EEALI,59.28333,23.8
EEALK,58.23333,25.98333
EEALL,58.41667,23.11667
EEALS,59.01667,27.43333
EEALV,58.36667,25.96667
EEALX,59.6,25.5
EEAMP,59.6,25.78333
EEANA,58.65,23.13333
EEANE,59.5,25.46667
EEANK,58.1,22.23333
EEAOL,59.6,26.13333
EEARJ,58.31667,26.15
EEARM,58.06667,24.48333
EEARR,58.15,26.08333
EEARS,59.51667,25.5
EEASR,58.03333,27.58333
EEASU,58.58333,22.46667
EEATK,58.85,23.06667
EEATO,59.55,25.55
EEAUL,58.76667,23.85
EEAYY,58.51667,23.63333
EEBER,58.08333,27.58333
EEBET,58.13333,24.01667
EEBOR,59.03333,23.23333
EEBTO,59.0,23.63333
EEDIY,59.03333,23.3
EEEHA,58.18333,26.08333
EEEIY,59.01667,23.41667
EEEJM,58.35,24.0
EEEKI,58.36667,24.0
EEELB,59.15,23.51667
EEELD,58.595272,25.013607
EEELI,58.56667,26.7
EEEMM,59.65,25.76667
EEEPU,58.18333,26.08333
EEERD,58.1,26.08333
EEERH,59.56667,25.85
EEERU,59.56667,25.85
EEESA,58.35,24.0
EEEYA,59.01667,23.45
EEEYR,59.01667,23.41667
EEFKU,58.33333,22.25
EEFRY,59.0,23.15
EEFUR,58.78333,22.76667
EEHAE,58.78333,23.66667
EEHAL,58.96667,23.08333
EEHBS,58.51667,23.66667
EEHBY,58.98333,23.35
EEHDI,58.8,22.45
EEHDJ,58.08333,24.48333
EEHDM,58.06667,24.48333
EEHER,58.33333,26.16667
EEHIN,59.11667,23.85
EEHIR,58.93333,22.13333
EEHKS,58.96667,23.51667
EEHLK,59.0,22.8
EEHLM,58.25,26.15
EEHLP,58.93333,23.38333
EEHMA,58.95,22.93333
EEHMS,59.01667,22.53333
EEHNS,59.65,25.75
EEHOL,59.55,24.8
EEHOT,58.93333,23.38333
EEHRM,58.11667,26.1
EEHSE,59.5,25.31667
EEHSL,58.33333,26.8
EEHUL,58.98333,23.23333
EEHUS,58.96667,23.51667
EEHVS,58.95,23.53333
EEHYA,59.58333,25.61667
EEHYE,59.55,24.8
EEIHS,59.51667,25.18333
EEIKL,57.88333,24.35
EEILI,58.31667,26.15
EEILM,58.38333,26.56667
EEJAB,59.43333,27.06667
EEJAN,58.61667,22.91667
EEJAP,58.383,24.483
EEJAU,58.75,22.7
EEJES,58.38333,26.13333
EEJGE,58.25,22.0
EEJGM,59.5,25.06667
EEJGR,58.28333,24.05
EEJGU,59.48333,25.1
EEJJK,58.18333,22.26667
EEJMJ,59.38333,24.2
EEJNT,58.36667,25.96667
EEJOI,58.6,22.76667
EEJOP,59.65,25.68333
EEJOV,59.65,25.76667
EEJPG,57.85,26.86667
EEJPK,58.1,26.06667
EEJPR,58.26667,27.43333
EEJRA,58.96667,22.48333
EEJRE,58.45,23.68333
EEJRR,57.85,26.88333
EEJRV,58.33333,26.15
EEJSK,58.38333,26.15
EEJSP,58.8,23.46667
EEJSV,58.08333,26.06667
EEJTK,59.63333,25.5
EEJTV,58.2,26.0
EEJUB,57.83333,26.91667
EEJUM,59.63333,25.5
EEJVA,58.41667,26.05
EEJVE,58.23333,26.11667
EEJVL,58.1,26.08333
EEJYA,58.4,21.96667
EEJYE,58.55,26.63333
EEJYR,58.5,27.23333
EEKAA,59.56667,25.53333
EEKAI,58.6,26.68333
EEKAJ,58.76667,22.7
EEKAR,58.26667,21.86667
EEKAT,59.46667,24.73333
EEKBI,58.35,26.85
EEKBL,58.0,24.43333
EEKBR,58.35,24.28333
EEKBU,59.25,23.75
EEKBV,59.5,24.91667
EEKDE,59.58333,25.78333
EEKDI,59.53333,25.18333
EEKDK,59.45,28.1
EEKDP,58.88333,22.26667
EEKDS,59.6,25.7
EEKDT,58.43333,23.13333
EEKDV,58.76667,23.55
EEKEM,58.73333,26.53333
EEKEO,58.78333,22.85
EEKEP,58.78333,26.96667
EEKES,58.9,22.13333
EEKEY,59.65,25.75
EEKGA,58.5,21.91667
EEKGM,58.13333,22.2
EEKHI,58.41667,22.1
EEKHL,59.48333,25.55
EEKHV,59.0,22.75
EEKIH,58.36667,22.01667
EEKIK,58.38333,27.1
EEKIN,59.58333,25.78333
EEKIR,58.3,24.28333
EEKIT,58.78333,22.46667
EEKIV,58.23333,25.98333
EEKJL,59.51667,26.53333
EEKJO,59.4,24.28333
EEKJP,59.4,24.28333
EEKKA,59.56667,25.53333
EEKKI,58.98333,27.2
EEKKJ,58.4,26.06667
EEKKK,58.21667,25.98333
EEKKN,58.43333,22.06667
EEKKV,58.5,23.23333
EEKLA,58.46667,22.11667
EEKLB,58.28333,25.93333
EEKLH,59.63333,25.76667
EEKLI,58.38333,27.25
EEKLM,58.9,26.98333
EEKLO,59.35,24.25
EEKLS,58.75,23.81667
EEKLT,59.6,25.5
EEKLU,58.26667,25.96667
EEKLY,59.56667,25.63333
EEKMA,58.96667,23.65
EEKMS,58.4,25.96667
EEKMU,58.75,23.66667
EEKNN,58.2,26.1
EEKNR,58.38333,25.96667
EEKNS,59.5,25.08333
EEKOA,58.7,27.15
EEKOE,59.61667,26.01667
EEKOO,58.23333,22.01667
EEKOR,58.21667,22.03333
EEKOT,59.55,25.75
EEKOU,58.05,24.46667
EEKPH,59.48333,25.1
EEKPL,58.81667,22.45
EEKPS,59.55,25.26667
EEKPT,59.56667,25.83333
EEKRA,59.61667,25.78333
EEKRC,59.51667,25.5
EEKRD,59.61667,25.68333
EEKRE,57.93333,22.0
EEKRI,59.58333,25.61667
EEKRJ,59.0,27.48333
EEKRL,59.61667,25.5
EEKRM,59.5,25.06667
EEKRN,58.5,22.13333
EEKRO,58.66667,23.5
EEKRP,59.26667,23.75
EEKRS,59.35,24.2
EEKRT,58.13333,26.08333
EEKRV,58.55,26.63333
EEKRY,58.45,21.91667
EEKSI,58.11667,26.06667
EEKSK,58.78333,22.85
EEKSL,59.05,23.16667
EEKSM,59.6,25.91667
EEKSO,59.0,23.63333
EEKSR,59.7,25.01667
EEKSS,58.35,22.0
EEKST,58.25,22.63333
EEKSU,58.18333,26.1
EEKSV,58.53333,27.08333
EEKSY,58.23333,22.38333
EEKTA,59.51667,26.71667
EEKTD,58.13333,24.01667
EEKTI,58.18333,26.1
EEKTL,59.51667,26.73333
EEKTN,58.2,22.05
EEKTP,58.8,22.76667
EEKTR,58.38333,27.08333
EEKTS,59.0,27.38333
EEKTT,59.01667,22.48333
EEKTU,58.83333,22.93333
EEKTY,58.25,21.95
EEKUD,58.7,26.56667
EEKUK,58.98333,22.86667
EEKUM,58.31667,21.95
EEKUN,59.5,26.53333
EEKUO,58.41667,26.03333
EEKUS,59.65,25.5
EEKUT,58.18333,26.1
EEKVA,58.2,26.0
EEKVE,58.41667,26.5
EEKVK,58.43333,25.98333
EEKVL,59.3,25.36667
EEKVN,59.56667,24.8
EEKVP,58.23333,25.98333
EEKVS,58.38333,27.1
EEKVT,58.58333,26.7
EEKVU,58.86667,23.4
EEKVV,58.7,26.58333
EEKYA,58.28333,26.13333
EEKYB,58.43333,23.3
EEKYC,59.58333,25.61667
EEKYD,58.48333,22.28333
EEKYE,58.53333,27.23333
EEKYF,59.58333,25.78333
EEKYG,58.33333,26.48333
EEKYH,59.61667,25.7
EEKYI,59.56667,24.8
EEKYJ,59.0,27.28333
EEKYK,58.81667,26.95
EEKYL,59.53333,25.55
EEKYR,58.08333,26.06667
EEKYS,58.51667,22.3
EEKYT,59.0,22.75
EEKYV,59.56667,24.8
EEKYY,58.78333,22.48333
EELAH,59.38333,24.2
EELAL,58.58333,27.21667
EELAS,58.15,22.2
EELBI,59.61667,25.96667
EELBL,59.56667,25.8
EELBN,59.63333,25.96667
EELBR,57.93333,22.1
EELBT,58.06667,27.6
EELBY,59.33333,24.0
EELDJ,58.93333,22.4
EELDK,58.2,26.1
EELDM,58.06667,22.08333
EELDN,58.13333,22.26667
EELDO,57.95,24.4
EELDR,58.35,26.16667
EELDS,58.4,23.06667
EELDU,58.8,22.75
EELDV,58.3,22.86667
EELEB,58.16667,22.15
EELEE,59.6,25.5
EELEM,58.13333,24.01667
EELEO,59.58333,25.78333
EELET,59.55,26.61667
EELGU,59.53333,25.55
EELHE,58.31667,23.91667
EELHG,58.18333,22.08333
EELID,58.23333,22.38333
EELIL,59.0,23.45
EELJL,59.5,25.46667
EELKL,59.6,25.7
EELKR,58.5,22.23333
EELKT,59.51667,25.51667
EELKU,59.58333,25.73333
EELKY,59.33333,24.1
EELLI,58.63333,23.35
EELLK,58.71667,22.48333
EELLM,59.38333,24.21667
EELLV,59.08333,23.53333
EELMB,58.08333,22.16667
EELME,58.83333,23.53333
EELMG,58.2,26.1
EELMK,59.58333,24.76667
EELML,57.96667,24.41667
EELMP,58.55,23.28333
EELMS,59.08333,22.61667
EELMT,58.43333,24.38333
EELND,58.85,23.5
EELNE,59.56667,25.85
EELNK,58.13333,23.96667
EELNM,59.46667,25.15
EELNO,58.4,25.98333
EELNP,58.43333,27.23333
EELNS,58.26667,27.13333
EELNU,58.98333,22.76667
EELOB,57.96667,27.61667
EELOT,59.28333,24.05
EELOU,58.08333,22.16667
EELPE,59.58333,25.93333
EELPG,58.3,26.13333
EELPH,59.58333,25.63333
EELPK,58.68333,22.55
EELPR,59.33333,24.21667
EELPV,59.65,25.75
EELRI,58.61667,22.95
EELSI,58.58333,22.66667
EELSK,58.41667,23.1
EELSN,58.03333,27.58333
EELSO,58.61667,23.51667
EELSU,58.95,27.05
EELTK,58.41667,26.51667
EELTV,58.4,24.4
EELUA,58.38333,26.11667
EELUH,58.43333,23.13333
EELUK,59.61667,25.78333
EELUN,58.31667,26.15
EELUR,59.11667,23.53333
EELUT,58.5,22.3
EELVA,58.38333,24.53333
EELVJ,59.58333,25.7
EELVK,58.2,26.0
EELVL,59.61667,26.0
EELVN,58.38333,22.95
EELVS,59.6,25.7
EELVT,59.33333,24.2
EELYO,58.2,26.11667
EEMAD,59.28333,24.1
EEMAE,59.65,25.75
EEMAT,58.73333,23.7
EEMBE,57.96667,22.15
EEMDL,59.61667,25.9
EEMDS,59.03333,22.55
EEMDV,59.28333,24.11667
EEMEE,58.23333,27.46667
EEMGP,58.93333,22.23333
EEMHA,58.2,22.05
EEMHK,58.23333,27.46667
EEMHR,58.88333,22.4
EEMHS,58.88333,22.4
EEMHV,59.55,24.86667
EEMIA,58.41667,23.11667
EEMID,59.5,24.81667
EEMII,59.45,24.71667
EEMJL,59.56667,26.18333
EEMKA,59.56667,25.53333
EEMKK,59.51667,25.18333
EEMKL,58.53333,22.2
EEMKR,58.61667,22.51667
EEMKS,58.38333,26.96667
EEMKT,58.0,27.61667
EEMKU,59.65,25.71667
EEMLA,58.43333,22.11667
EEMLD,58.16667,22.15
EEMLE,58.38333,24.43333
EEMLG,58.33333,25.93333
EEMLK,59.03333,22.56667
EEMLP,59.61667,25.01667
EEMLS,59.65,25.76667
EEMLT,58.18333,26.03333
EEMLU,58.25,22.36667
EEMMA,59.4,24.26667
EEMMO,59.58333,26.15
EEMMS,58.4,24.4
EEMND,58.21667,22.31667
EEMNJ,58.21667,24.13333
EEMNK,59.35,24.7
EEMNU,58.78333,22.78333
EEMOH,59.68333,25.8
EEMOO,58.58333,22.76667
EEMOR,58.2,26.0
EEMPI,58.35,23.8
EEMPS,58.78333,22.85
EEMRE,59.46667,24.46667
EEMRJ,58.45,23.23333
EEMRK,58.3,24.26667
EEMRM,58.5,22.15
EEMRP,58.38333,27.36667
EEMRR,59.45,24.61667
EEMRT,58.51667,23.63333
EEMRU,58.8,22.86667
EEMRY,59.41667,27.95
EEMSN,58.88333,22.15
EEMST,58.23333,25.86667
EEMTE,58.53333,24.7
EEMTG,59.6,25.6
EEMTK,58.76667,26.95
EEMTM,58.55,23.3
EEMTP,57.91667,24.36667
EEMTS,58.36667,23.75
EEMTT,58.26667,24.51667
EEMTU,59.65,25.75
EEMUJ,58.58333,22.76667
EEMUU,59.48333,24.93333
EEMVJ,59.48333,24.83333
EEMVP,59.51667,25.16667
EEMYA,58.35,23.81667
EEMYB,59.5,24.81667
EEMYC,58.78333,22.76667
EEMYD,58.28333,24.05
EENBS,59.33333,28.13333
EENEE,59.53333,25.16667
EENEP,59.65,25.68333
EENGL,58.98333,22.45
EENIN,58.61667,27.2
EENJK,59.46667,28.05
EENJL,59.21667,23.65
EENJU,59.46667,28.06667
EENJY,59.45,28.05
EENKK,58.7,26.56667
EENMM,59.28333,23.9
EENNU,58.53333,23.13333
EENOL,59.0,22.43333
EENOR,59.01667,23.35
EENOT,59.53333,24.9
EENPK,59.46667,28.05
EENRV,59.38333,28.2
EENSN,59.55,24.88333
EENSS,58.28333,22.83333
EENTT,59.63333,26.03333
EENUT,59.28333,24.05
EENVL,59.35,28.16667
EEOJP,59.65,25.68333
EEOJV,58.25,26.15
EEOLA,59.28333,23.38333
EEOLL,59.26667,23.41667
EEOLS,59.28333,23.41667
EEOME,58.78333,26.98333
EEONG,58.88333,22.41667
EEONN,58.43333,22.11667
EEORS,58.56667,23.08333
EEORU,58.26667,26.13333
EEOTO,59.63333,25.76667
EEPAD,59.5,26.75
EEPAK,59.35,24.05
EEPAO,58.95,22.41667
EEPAT,58.5,22.3
EEPAV,59.53333,25.15
EEPBM,58.76667,27.05
EEPDA,59.51667,25.36667
EEPDR,59.05,22.68333
EEPDS,59.61667,26.05
EEPDT,58.55,23.28333
EEPED,59.28333,23.9
EEPET,59.45,24.73333
EEPGI,58.43333,23.68333
EEPHA,58.83333,22.95
EEPHK,58.96667,22.93333
EEPHP,59.61667,26.06667
EEPHR,58.38333,25.96667
EEPID,58.8,22.75
EEPIS,58.76667,23.45
EEPJO,58.71667,23.81667
EEPJS,59.45,24.91667
EEPKI,58.48333,23.26667
EEPKK,58.65,26.55
EEPKL,59.21667,23.6
EEPKP,58.8,22.76667
EEPKR,59.61667,25.7
EEPKU,58.78333,22.75
EEPKV,58.68333,27.16667
EEPKY,59.11667,25.35
EEPLD,58.36667,24.3
EEPLK,59.33333,24.06667
EEPLU,59.61667,25.7
EEPNA,59.6,25.5
EEPNI,58.28333,22.75
EEPNK,58.11667,24.0
EEPNL,58.95,22.31667
EEPNM,59.65,25.66667
EEPOA,58.93333,22.35
EEPOH,59.65,25.76667
EEPOK,58.58333,22.5
EEPOO,58.25,24.16667
EEPPA,58.93333,23.45
EEPPE,59.23333,23.51667
EEPPH,58.41667,26.23333
EEPPL,58.31667,27.41667
EEPPN,58.38333,24.56667
EEPPO,58.53333,23.13333
EEPRA,58.43333,27.23333
EEPRD,59.48333,25.41667
EEPRH,58.76667,22.48333
EEPRM,59.51667,25.2
EEPRO,58.18333,26.1
EEPRP,59.65,25.66667
EEPRR,58.95,23.55
EEPRS,59.63333,25.76667
EEPRT,59.4,27.8
EEPSK,58.9,23.45
EEPSL,59.03333,23.43333
EEPTA,59.51667,26.71667
EEPTJ,59.65,25.75
EEPTL,58.51667,23.66667
EEPTS,58.25,26.13333
EEPUA,58.31667,24.28333
EEPUD,59.51667,25.55
EEPVR,58.55,23.58333
EEPYA,58.5,23.26667
EEPYB,58.01667,24.45
EEPYC,59.51667,24.8
EEPYD,59.53333,24.78333
EEPYE,59.51667,24.8
EEPYF,59.53333,24.8
EEPYG,59.51667,24.8
EEPYY,59.55,24.8
EERAG,58.55,22.21667
EERAN,58.23333,26.21667
EERCC,59.43333,24.63333
EEREE,58.33333,24.58333
EEREH,58.45,27.25
EEREM,58.46667,27.25
EERGD,59.11667,23.53333
EERGL,58.1127456,27.513381
EERGV,58.58333,26.66667
EERHN,58.38333,26.6
EERHS,58.06667,22.13333
EERHV,58.38333,23.03333
EERIM,58.31667,25.91667
EERJJ,58.0,26.15
EERJK,58.25,26.13333
EERJL,59.13333,23.53333
EERKA,58.63333,27.0
EERKK,58.1,23.96667
EERKL,58.36667,24.56667
EERKS,58.2,22.05
EERKU,58.4,26.31667
EERKV,58.48333,22.03333
EERLE,58.13333,26.1
EERLV,58.43333,23.08333
EERMA,59.43333,24.5
EERME,59.55,24.86667
EERMI,59.03333,23.4
EERMJ,58.13333,24.5
EERMM,59.56667,25.23333
EERMN,59.0266442,27.5312792
EERMP,58.96667,23.26667
EERMU,59.45,25.3
EERMV,58.65,23.13333
EERNA,58.73333,27.1
EERNI,58.13333,22.25
EERNK,59.23333,23.68333
EERNL,58.61667,22.86667
EERNN,58.68333,22.56667
EERNP,58.98333,27.16667
EERNU,59.46667,25.15
EEROH,58.81667,23.43333
EEROU,59.65,25.75
EERPS,58.05,22.86667
EERPV,58.26667,22.8
EERSA,59.16667,23.51667
EERSG,58.46667,22.11667
EERSK,58.11667,26.08333
EERSM,58.9,26.98333
EERSN,59.45,24.35
EERSS,58.55,23.33333
EERSY,58.16667,26.08333
EERTJ,59.55,26.38333
EERTK,59.63333,25.5
EERTL,59.05,23.43333
EERTS,59.63333,25.51667
EERTU,59.61667,25.78333
EERUH,57.83333,23.23333
EERVB,58.43333,23.68333
EERVK,59.61667,25.5
EERVL,58.96667,23.65
EERYA,58.56667,23.58333
EERYB,59.5,24.91667
EERYC,58.56667,22.3
EERYD,58.38333,27.23333
EERYF,59.56667,24.8
EERYG,59.63333,25.5
EERYH,58.7,23.51667
EERYI,58.01667,27.6
EESAE,58.36667,24.3
EESAH,59.61667,25.78333
EESAK,58.15,24.0
EESAV,58.4,26.01667
EESBA,58.35,25.96667
EESDL,58.28333,22.83333
EESDM,58.95,23.53333
EESEA,58.68333,23.2
EESEB,58.56667,22.31667
EESEE,57.91667,22.05
EESEP,58.35,23.85
EESFE,58.23333,22.38333
EESGT,58.15,24.0
EESJL,59.55,26.4
EESKA,59.45,27.21667
EESKI,58.15,26.08333
EESKM,58.98333,22.9
EESKS,58.83333,22.95
EESKT,58.36667,26.95
EESKV,58.51667,22.2
EESLK,58.88333,22.2
EESLO,58.13333,26.08333
EESLP,59.4,27.76667
EESLU,58.0,26.05
EESMO,59.01667,27.6
EESNA,58.25,24.46667
EESNG,58.31667,26.2
EESNJ,58.98333,23.65
EESOI,59.5,25.43333
EESOK,58.06667,26.05
EESOT,58.4,26.03333
EESPE,59.63333,25.68333
EESPH,59.21667,23.53333
EESPL,58.83333,22.93333
EESPS,58.83333,22.95
EESRD,58.7,22.5
EESRE,57.85,26.93333
EESRK,58.43333,23.13333
EESRL,58.88333,22.3
EESRM,58.68333,22.51667
EESRN,58.25,24.46667
EESRP,58.93333,22.18333
EESRR,58.98333,22.93333
EESRS,59.0,23.61667
EESRT,58.75,27.08333
EESSM,58.23333,22.63333
EESST,58.73333,23.56667
EESTE,58.28333,24.05
EESTI,58.53333,23.3
EESTM,58.51667,23.2
EESTS,58.71667,23.75
EESTU,58.28333,22.71667
EESUE,59.51667,25.2
EESUI,58.15,25.98333
EESUJ,59.46667,24.35
EESUP,59.46667,24.4
EESUT,59.03333,23.56667
EESVE,58.55,26.66667
EESVL,59.38333,25.51667
EESVU,58.33333,26.15
EESXB,59.03333,23.11667
EESYA,58.18333,26.08333
EESYB,59.56667,25.53333
EESYC,59.56667,24.8
EESYN,58.86667,23.48333
EETAH,58.25,24.46667
EETAU,58.98333,23.56667
EETEH,58.16667,22.25
EETES,58.05,22.23333
EETGP,59.56667,25.68333
EETHJ,59.58333,25.51667
EETHK,59.1,22.58333
EETHV,58.96667,22.95
EETIH,58.8,26.95
EETJU,57.98333,22.01667
EETKL,58.13333,24.58333
EETKO,58.38333,25.96667
EETLS,59.06667,23.43333
EETME,58.53333,22.23333
EETMM,59.56667,25.85
EETMO,58.18333,22.1
EETMP,59.56667,25.83333
EETMR,58.25,26.13333
EETMT,58.1,26.05
EETNE,59.53333,24.9
EETNK,59.51667,25.5
EETNP,58.93333,22.23333
EETNR,58.2,25.98333
EETNS,59.56667,25.53333
EETOA,57.91667,24.38333
EETOJ,59.53333,26.46667
EETOL,58.3,24.01667
EETOM,59.58333,25.51667
EETON,57.98333,27.61667
EETOO,59.53333,26.46667
EETOP,58.85,23.5
EETOR,58.25,22.46667
EETOS,58.35,24.0
EETOT,58.13333,27.53333
EETRA,58.85,23.5
EETRL,59.03333,22.68333
EETRM,58.15,22.2
EETRN,59.61667,25.5
EETRS,59.0,22.71667
EETSE,58.65,23.13333
EETSI,59.51667,25.51667
EETTK,58.88333,22.25
EETTL,58.78333,22.78333
EETTN,58.38333,24.43333
EETTR,59.53333,24.9
EETTT,58.38333,21.85
EETUB,58.11667,26.1
EETUH,58.43333,23.13333
EETUK,59.16667,23.51667
EETUV,58.35,26.16667
EETYA,58.36667,26.75
EETYB,59.5,24.81667
EETYC,59.61667,25.78333
EETYD,58.5,21.91667
EETYE,58.31667,23.98333
EETYR,58.38333,26.73333
EEUBE,58.33333,26.15
EEUDR,59.4,27.91667
EEUIT,59.53333,25.13333
EEUJL,58.3,24.6
EEULE,58.45,23.23333
EEULU,58.28333,24.55
EEUMO,58.95,23.56667
EEUND,58.46667,23.18333
EEUNG,58.46667,23.15
EEUNV,58.5,22.0
EEUSA,59.0,27.33333
EEUSG,58.4,24.46667
EEUSI,59.58333,25.5
EEUSK,59.5,25.01667
EEUUD,58.46667,21.88333
EEUUE,59.56667,25.53333
EEUUR,59.48333,25.55
EEUUU,58.41667,23.26667
EEUVL,59.4,24.18333
EEVAG,57.83333,26.91667
EEVAM,58.55,26.63333
EEVAU,58.46667,22.03333
EEVBL,58.38333,26.13333
EEVBP,58.4,26.05
EEVEA,59.58333,26.26667
EEVEJ,59.58333,26.26667
EEVGL,58.78333,22.76667
EEVGU,58.18333,26.2
EEVHP,59.26667,23.88333
EEVHS,59.56667,25.8
EEVHT,58.08333,26.05
EEVID,58.35,23.81667
EEVJL,59.58333,25.96667
EEVJS,59.43333,24.35
EEVKJ,58.48333,22.23333
EEVKN,58.4,26.08333
EEVKT,59.46667,25.53333
EEVLA,59.08333,23.5
EEVLD,59.56667,25.65
EEVLK,59.5,25.35
EEVLL,59.58333,25.5
EEVLM,58.36667,25.96667
EEVLT,58.38333,23.05
EEVLU,58.88333,26.96667
EEVLV,59.25,24.25
EEVMP,58.1,26.06667
EEVNE,59.61667,25.56667
EEVNG,58.38333,26.96667
EEVNI,59.55,24.85
EEVNN,58.7,23.56667
EEVNO,59.61667,25.68333
EEVNP,58.25,22.71667
EEVNR,58.03333,22.2
EEVNS,58.36667,26.15
EEVNT,59.28333,23.86667
EEVOD,58.53333,26.63333
EEVOK,58.067,27.55
EEVOO,58.26667,26.13333
EEVPE,58.35,27.11667
EEVPJ,59.26667,23.88333
EEVPK,58.23333,26.13333
EEVPL,58.56667,22.76667
EEVPN,58.38333,24.46667
EEVPP,59.33333,23.96667
EEVRA,57.95,27.617
EEVRD,58.31667,23.98333
EEVRL,59.61667,25.96667
EEVRN,58.51667,22.31667
EEVRP,59.6,26.08333
EEVRR,58.25,22.71667
EEVSE,58.58333,22.4
EEVSN,58.36667,25.96667
EEVSP,58.21667,26.11667
EEVSR,58.4,26.06667
EEVST,58.35,23.85
EEVTS,59.38333,24.51667
EEVTU,59.65,25.75
EEVVA,58.43333,23.08333
EEVVI,59.55,25.55
EEVVR,58.38333,27.3
EEVYA,58.18333,26.1
EEVYB,59.56667,24.8
EEVYC,59.65,25.75
EEVYD,58.38333,21.81667
EEVYE,59.65,25.71667
EEVYF,57.98333,27.61667
EEYLE,58.33333,26.15
EEYLG,58.25,21.9
EEYLV,57.83333,26.93333
ESAXO,43.3,-8.5
ESADR,36.75,-3.0167
ESAGA,28.1167,-15.7
ESAGU,37.4,-1.5833
ESACA,40.55,0.4833
ESALT,43.35,-3.0167
ESARZ,42.1833,-7.8
ESALX,37.4667,-1.7833
ESLEI,36.8333,-2.45
ES2TT,41.5667,1.25
ESAMP,43.35,-3.4167
ESASL,42.3833,-1.95
ESAGG,42.2167,2.65
ESUNY,41.8667,1.9667
ESB8C,42.8833,-2.1
ESBDP,41.1,1.5167
ESBDF,36.1833,-5.9167
ESBLR,41.95,3.2
ESUCC,39.5667,-2.7
ESBU3,39.1833,-0.3833
ESBMO,39.2167,-0.5167
ESBRM,43.4333,-2.7167
ESBIO,43.25,-2.9667
ESBS3,39.6833,2.8333
ESBVN,28.3667,-16.9
ESBOS,41.5667,-3.0667
ESCBP,37.6333,-0.6833
ESAS8,43.5167,-5.6
ESOOP,42.2833,3.2833
ESLEL,41.6167,2.6667
ESCHR,29.2333,-13.5
ESC9A,39.7333,-0.9667
ESIAS,43.1167,-9.1667
ESCBL,41.0667,1.0667
ESCPL,36.7167,-4.5333
ESCGG,41.8833,2.8167
ESCES,41.5333,1.7
ESCRS,36.9833,-1.8833
ESCNO,43.75,-7.8667
ESCDI,27.9,-15.4
ESCAR,37.6,-0.9833
ESRES,39.5667,-6.4167
ESCAS,39.9833,-0.0333
ESHHU,42.0667,0.6667
ESCSO,43.5333,-7.0333
ESCUR,43.3833,-3.2167
ESCOI,42.6667,-8.7167
ESCED,43.65,-8.05
ESCEL,42.7,-7.05
ESGVA,41.7667,-4.7
ESCCN,42.95,-9.1833
ESCJE,28.0667,-16.75
ESCUD,41.5833,-0.9167
ESDBA,43.3,-2.35
ESDAG,39.2833,-0.8
ESZ8R,42.9,-2.0667
ESEJC,42.1167,-1.1333
ESATO,43.4,-3.8167
ESGCS,39.9667,0.0167
ESMED,28.0333,-16.5333
ESEOO,39.4833,-2.75
ESSOL,39.7667,2.7
ESELV,42.5706068,-2.5433183
ESCC7,39.8167,2.85
ESEDL,42.05,0.25
ESEZC,42.3167,-3.0167
ESFRO,43.4833,-8.25
ESGU6,40.7333,-3.1667
ESFAL,38.7,-1.4333
ESEWE,43.3667,-1.7833
ESGAN,38.9667,-0.1833
ESGRC,28.3667,-16.75
ESGGA,42.3333,3.0667
ESGIJ,43.5333,-5.6667
ESGDR,42.1833,-5.6167
ESGYA,41.6667,1.2167
ESEGR,42.5,-8.8667
ESJUE,40.55,-5.6667
ESHIG,38.1333,-6.6833
ESHLL,42.4333,-2.7667
ESIBZ,38.9,1.4333
ESNCA,39.7167,2.9
ESIUA,43.1667,-2.6333
ESJAV,38.7833,0.1667
ESKLL,40.9,0.8
ESBAT,41.7167,2.55
ESLCG,43.3667,-8.3833
ESGLE,42.1167,3.1333
ESAGD,41.9,-8.8833
ESLRT,27.6167,-17.9833
ESTT2,41.2,1.1333
ESLSL,42.3667,1.45
ESLZR,38.8167,-6.2167
ESLAX,43.2167,-9.0
ESACE,28.9667,-13.5333
ESLAP,42.5,-2.5667
ESCDK,40.55,0.5333
ESNDD,36.75,-2.7333
ESLPA,28.1,-15.4167
ESLEC,43.0,-1.8833
ESLGU,42.9667,-2.6333
ESTG2,41.1667,1.0167
ESLIT,43.3167,-1.9833
ESLLO,41.7,2.85
ES2BL,39.7167,2.8667
ESMRJ,39.4667,-3.5333
ESMAH,39.8833,4.25
ESAGP,36.7167,-4.4167
ESMMA,41.65,2.75
ESMLO,43.4167,-3.8333
ESMAI,43.3167,-8.8
ESMQU,39.7167,-3.8167
ESMSN,41.4833,2.3167
ESMIC,41.6,0.8667
ESMIX,42.6833,-2.95
ESMOA,42.2833,-8.7333
ESMOG,40.4833,-6.05
ESMOJ,37.15,-1.85
ESMTC,41.3833,1.1667
ESMTQ,42.1,2.2
ESMOI,38.7,-2.8667
ESLTV,38.8333,-3.5833
ESCUT,28.05,-14.3333
ESMTU,43.3,-2.3833
ESM8U,43.5667,-7.2667
ESMUN,43.35,-2.8333
ESMLJ,42.4,-2.3167
ESMUS,43.5667,-5.7
ESNJE,42.4167,-2.7333
ESAD6,40.3667,-3.25
ESONS,42.6833,-1.7833
ESOLZ,42.8667,-2.2
ESOND,43.3167,-2.4167
ESOSR,42.9833,-8.4333
ESOTG,43.6667,-7.85
ESOUT,42.85,-8.9
ESPAL,41.85,3.1333
ESPMI,39.5667,2.6333
ESTO9,40.1167,-3.95
ESPBU,42.6333,-3.1
ESPET,39.6167,3.1
ESPIT,42.4167,-1.6167
ESDBO,38.8833,1.4167
ESPSJ,28.1667,-16.8
ESPSO,43.4,-5.65
ESBPM,39.5167,3.0
ESPSL,43.4333,-5.85
ESCHZ,38.4,-6.4
ESLPC,42.6,-8.9333
ESRUZ,28.4167,-16.55
ESHIE,27.7833,-17.9
ESPD3,42.3333,3.2
ESPPS,28.0333,-17.2
ESPDS,39.65,-0.2167
ESPRG,41.9833,1.8667
ESPVA,41.1833,-4.65
ESRA5,41.7167,1.7
ES8TC,37.4667,-0.8167
ESRTA,43.3167,-1.9
ESRBI,42.55,-9.0
ESRPL,42.2,2.1833
ESCAQ,41.1167,0.95
ESOTO,38.9333,-0.25
ESRDE,40.1833,-0.65
ESRUE,41.4167,-4.95
ESSAG,39.6833,-0.2667
ESS9S,42.7833,-1.8833
ESNRA,42.75,-1.65
ESSAS,42.5,-2.75
ESSBT,27.9249459,-15.5730295
ESSCR,40.6167,0.6
ESV8C,42.05,-5.6333
ESLIU,41.7833,2.5833
ESSFO,36.4667,-6.2
ESJRM,42.0167,2.85
ESM8M,43.45,-3.5667
ESSO8,41.4333,-4.45
ESSAP,42.1833,3.0833
ESSRH,41.4833,-5.2833
ESSVI,42.45,-7.0667
ESSVB,43.3833,-4.3833
ESSXX,42.4,-8.8167
ESSP4,42.1833,-8.6333
ESSFU,41.7833,3.0333
ESSFL,41.3833,2.05
ESSJO,41.3667,2.0667
ESSL4,39.8333,4.25
ESSMD,42.1667,2.9833
ESSGD,38.1667,-0.7833
ESSPC,28.6833,-17.7667
ESEUG,42.55,-9.0
ESSTE,38.9833,1.5167
ESSUR,28.4167,-16.4667
ESS8C,42.2167,-5.1
ESAAQ,39.6333,-6.3667
ESRUM,37.9333,-1.1167
ESSNR,43.3333,-3.0333
ES4SS,43.3167,-3.0167
ESHVC,42.4,-8.8
ESRAL,41.4333,1.2333
ESZMF,28.4667,-16.4167
ESSIS,41.8,2.75
ESSIT,41.2333,1.8333
ESSL8,42.5833,-8.7833
ESPTN,42.6833,-9.0167
ESTBZ,41.7,-1.55
ESTAZ,28.6333,-17.9333
ESTJQ,28.5333,-16.35
ESTJF,28.7,-17.95
ESTRR,41.15,1.4
ESLE6,39.4333,-0.4667
ESTKG,41.7167,2.9333
ESTRE,36.8667,-6.1667
ESTDC,42.5667,-5.5833
ESTRU,43.5,-5.7333
ESUIS,43.25,-4.2333
ESURZ,42.7833,-1.45
ESDEJ,40.7,-3.5
ESVCC,41.2333,1.8667
ESV7N,43.1333,-2.15
ESVBN,43.1833,-2.05
ESZZ4,41.5833,-5.9833
ESVIL,42.6,-8.75
ESVLG,41.2167,1.7333
ESALA,42.9833,-2.6333
ESV8M,43.1,-3.2833
ESVIT,42.85,-2.6667
ESVIV,43.6667,-7.6
ESVZM,42.1667,-4.1
ESZ8N,43.2833,-1.7
ESZUE,41.8667,-0.7833
ESBCN,41.33333333,2.166666667
ESVLC,39.45,-0.3
ESALG,36.1333,-5.4333
ESAAW,38.833,1.383
ESABG,28.03333,-16.65
ESABH,43.317,-4.5
ESADI,42.28333,-8.81667
ESADT,39.783,-4.867
ESAEM,40.4843898,-3.3688023
ESALC,38.3459963,-0.4906855
ESAMX,40.233,-4.383
ESARW,43.43333,-2.9
ESATQ,41.183,-4.8
ESAVS,43.5833,-5.9333
ESAYR,39.067,-1.05
ESBBE,36.18333,-5.91667
ESBBJ,28.633,-17.75
ESBCD,43.38333,-4.51667
ESBDA,39.067,-0.55
ESBGG,38.283,-5.817
ESBGJ,42.783,-3.05
ESBLE,43.46667,-8.18333
ESBNU,43.63333,-5.8
ESBOA,40.4122794,-3.8887699
ESBQB,43.73333,-7.7
ESBSL,41.367,-6.1
ESBVJ,39.75,-4.95
ESBZS,42.23333,-8.75
ESCAD,36.5270612,-6.2885962
ESCAY,36.71667,-3.35
ESCBY,42.43333,-8.7
ESCCX,39.067,-0.4
ESCCZ,42.61667,-8.88333
ESCEM,39.71667,3.46667
ESCEU,35.8893874,-5.3213455
ESCFL,40.383,-6.75
ESCGE,41.867,3.083
ESCGR,39.467,-3.6
ESCIN,43.31667,-8.6
ESCMY,43.18333,-9.08333
ESCOS,42.31667,-8.65
ESCPA,37.9,-0.75
ESCQU,40.167,-3.9
ESCRG,37.917,-0.733
ESCRP,39.883,-4.45
ESCRQ,36.6,-4.53333
ESCSN,42.217,-4.85
ESCZT,42.0,-6.017
ESDAA,42.51667,-9.01667
ESDRB,42.25,-8.8
ESEAN,42.9,-9.13333
ESEBO,39.95,-4.567
ESECT,40.7,-3.433
ESEEL,43.53333,-5.38333
ESEEM,43.4,-2.63333
ESEMP,42.25,3.133
ESENG,38.983,-0.683
ESETH,40.133,-2.683
ESETT,42.05,3.2
ESETY,39.36667,2.91667
ESFHG,38.8,-0.88333
ESFLD,38.65,1.583
ESFNC,38.917,-0.167
ESFRA,43.05,-8.283
ESFRM,41.317,-6.383
ESFRN,40.05,4.13333
ESFSL,40.05,-4.2
ESFUE,28.500821,-13.8628367
ESGND,28.05,-16.483
ESGRT,39.9,-5.2
ESGSM,43.3,-8.26667
ESGTL,28.2,-14.017
ESGTX,43.533,-3.017
ESHDD,38.5,-5.15
ESHSN,41.967,-6.883
ESHTY,39.733,-2.833
ESHUV,37.261421,-6.9447224
ESIAL,42.56667,-8.88333
ESIAM,38.16667,-0.48333
ESITE,41.3,-0.75
ESJON,39.9,-4.3
ESLAH,28.0,-15.81667
ESLAK,28.25,-16.85
ESLCT,28.11667,-16.76667
ESLGC,29.217,-13.5
ESLHN,28.65,-17.9
ESLPF,39.583,-1.667
ESLPX,28.15,-15.41667
ESLRC,43.38333,-8.3
ESMBY,42.033,-6.333
ESMCZ,41.15,-4.183
ESMEO,43.38333,-8.33333
ESMET,39.517,-3.083
ESMGA,43.1,-9.217
ESMGN,39.95,-3.917
ESMGR,43.467,-8.25
ESMHR,28.05,-14.36667
ESMIA,43.1,-8.267
ESMIR,38.95,0.0
ESMNF,37.317,-4.017
ESMPG,42.3914848,-8.7020824
ESMRN,37.2,-3.633
ESMUX,43.1,-9.21667
ESNAA,42.65,-2.033
ESNBL,39.983,-3.433
ESNCO,43.2,-8.75
ESNEM,43.43333,-4.83333
ESNLL,40.017,-4.433
ESNRT,39.367,-0.6
ESNTR,40.233,-4.183
ESOLY,39.95,-3.967
ESOMR,39.667,-3.767
ESORJ,36.9,-3.417
ESOVN,43.58333,-6.21667
ESOZL,29.217,-13.45
ESPAB,28.18333,-16.45
ESPAM,28.38333,-16.71667
ESPAN,40.05,-3.833
ESPAS,43.3254703,-1.9301396
ESPCN,39.35,-0.45
ESPCR,39.53333,3.33333
ESPEV,42.8841904,-8.7700609
ESPGU,28.3,-16.367
ESPHD,28.58333,-16.31667
ESPJC,39.2,-0.367
ESPLI,27.767,-15.583
ESPMA,42.58333,-8.95
ESPNJ,42.15,-8.81667
ESPNY,38.983,1.3
ESPOR,43.3182479,-3.0211969
ESPPI,37.81667,-0.75
ESPRE,28.917,-13.7
ESPRO,28.5,-13.867
ESPRT,42.767,-8.95
ESPTM,42.8,-7.617
ESPUC,28.917,-13.667
ESPVG,43.567,-6.633
ESQAE,28.23333,-16.85
ESQAH,28.6,-17.91667
ESQAJ,42.35,3.2
ESQIS,40.1,-4.317
ESRAC,42.4,-8.75
ESRDA,37.517,-5.967
ESRDP,43.3534526,-3.9500105
ESREE,43.43333,-8.2
ESRHR,43.56667,-7.1
ESROM,37.217,-7.117
ESRRS,41.9,-6.183
ESSCI,43.6938309,-7.4415158
ESSCK,28.1,-15.41667
ESSCT,28.4636296,-16.2518467
ESSDG,42.767,-0.333
ESSDR,43.463092,-3.809915
ESSEM,28.5,-16.18333
ESSER,39.683,-0.433
ESSIO,39.367,-2.033
ESSMO,42.0348437,2.3700711
ESSNI,42.56667,-8.98333
ESSNY,39.33333,3.16667
ESSPQ,43.05,-6.067
ESSPT,36.38333,-6.21667
ESSRL,28.13333,-15.7
ESSUM,39.1,0.633
ESSVQ,37.35,-6.0
ESTAG,42.61667,-8.85
ESTAM,28.65,-17.95
ESTAN,27.98333,-15.36667
ESTAR,41.099524,1.205496
ESTBR,41.817,-5.95
ESTDY,43.1,-8.567
ESTHO,37.867,-0.75
ESTRY,39.333,-0.6
ESTTJ,41.51667,-5.4
ESTVC,40.25,-5.683
ESTZN,43.55,-5.4
ESUNR,36.18333,-5.33333
ESURI,39.15,-0.333
ESVEM,42.58333,-8.78333
ESVEN,42.56667,-8.83333
ESVGE,28.53333,-16.4
ESVGO,42.2405989,-8.7207268
ESVIZ,43.56667,-6.83333
ESVJO,39.767,-2.15
ESVZO,43.117,-9.033
ESZJU,42.7,-8.63333
FITKU,60.45,22.2833
FIAJO,65.6667,24.5667
FIAHL,63.7,22.7
FIAKK,62.05,28.4333
FIBAR,59.9667,23.8667
FIPOR,61.4833,21.8
FIPRV,60.4,25.6667
FIRAA,64.6833,24.4833
FIBRA,60.4167,21.05
FIBRO,59.9833,23.0333
FIDLS,60.0167,22.5167
FIDEG,60.1,24.1833
FIDRA,60.0667,22.4667
FITAI,59.9667,23.4333
FIEM2,63.4833,25.6667
FIENK,62.0833,28.9167
FIESP,60.2,24.65
FIEJO,61.2,21.7333
FIFAR,60.2333,20.0167
FIFOG,60.0167,20.4167
FIHMN,60.5667,27.2
FIGDB,60.1333,19.8333
FIGUL,59.95,23.4167
FIHAO,65.0,24.8333
FIHAK,62.3833,22.7167
FILHO,65.2333,25.3167
FIHAR,60.3667,20.4667
FIHIT,59.8833,22.5
FIHIM,64.0667,23.65
FIHMA,64.1667,23.7
FIHVM,61.6333,26.8
FIHOG,59.95,22.3667
FIHOU,60.2167,21.3833
FIIIS,63.55,27.1833
FIIMA,61.1667,28.75
FIINI,60.4,21.4
FIPRS,63.6833,22.7833
FIJAN,60.9,24.6
FIJOE,62.6,29.7667
FIJOU,61.1,28.4833
FIJUS,59.8167,23.5667
FIJYV,62.25,25.7333
FIKPL,61.8167,25.2167
FIKJO,64.25,23.95
FIKK5,61.0833,25.6333
FIKLV,60.3667,26.45
FIKAN,61.75,23.7167
FIKNT,60.0833,24.3833
FIKOK,63.8333,23.1167
FIKAS,60.6167,21.8833
FIKSN,59.9167,22.4
FIKEM,65.7333,24.5667
FIKIM,60.1667,22.75
FIKES,61.8833,29.8333
FISKV,60.3,25.55
FIKIR,60.1667,23.95
FIKTQ,62.1,30.1167
FIKLA,60.5167,27.4667
FIKOJ,60.95,22.9833
FIKOR,60.1667,21.5667
FIKKV,62.6833,22.4667
FIKTK,60.4667,26.9167
FIKVH,59.8667,23.2167
FIKRS,62.2833,21.3833
FIKRO,63.0667,21.5167
FIKUM,60.2667,20.7833
FIKUO,62.8833,27.6833
FIKUR,61.8667,23.7333
FILAK,60.5167,27.1667
FILLO,64.6667,24.4333
FILPJ,63.2,23.6333
FILPP,61.05,28.1833
FILAP,59.9,23.25
FILUK,62.4167,25.95
FILLX,60.3167,22.4
FILSK,60.6333,26.2667
FILVB,60.15,22.55
FILOV,60.45,26.2333
FILUA,60.9167,27.6667
FILUV,61.35,21.6167
FIMAA,63.15,27.3
FIMHQ,60.1,19.95
FIMTY,61.5833,21.4833
FIMRS,60.2,19.7
FIMER,61.85,21.5
FIMIK,61.6833,27.2667
FIMUS,61.0667,28.3
FINLI,60.45,22.0333
FINAU,60.1833,21.9167
FINLS,63.2,28.8333
FINOU,60.6,22.0833
FINUR,63.5333,29.1667
FIUKP,63.5333,22.5333
FISVL,61.8667,28.9
FIUKI,60.8,21.4167
FIOLK,61.2333,21.4833
FIOUL,65.0167,25.4667
FIPAR,60.3,22.3
FIPAH,64.4833,24.3333
FIPRK,61.55,29.5
FIPAA,61.0333,24.35
FIPER,60.45,26.05
FIZBQ,60.45,24.7
FIPT2,63.3833,25.5667
FIPK9,60.4333,22.5167
FIPOH,60.1167,23.55
FIPSI,60.55,27.1667
FIRAU,61.1333,21.5
FIRTR,64.65,24.4167
FIREP,61.6167,21.45
FIRYM,60.3667,21.95
FIRIS,61.5,27.2667
FIRHU,60.5333,21.6667
FIRVN,66.5,25.7167
FIROY,65.75,24.1667
FIRUO,60.5333,26.45
FIRUI,61.9833,24.0833
FISAN,60.2167,22.5
FISSI,61.6,29.4833
FISIP,60.3667,25.2667
FISII,63.0833,27.6667
FISLY,60.5,26.75
FISKI,60.1333,22.4667
FISKU,59.9333,23.3833
FISNA,60.0,23.65
FISVK,60.75,25.2
FISMA,60.5333,27.1167
FISUL,60.4833,26.95
FISBG,60.1333,24.9833
FITHK,61.6333,21.4167
FITVS,60.5667,21.6
FITMP,61.5,23.75
FITSD,60.25,22.3167
FITJO,60.4667,26.3167
FITES,60.05,22.9
FITOJ,62.65,21.1667
FITOK,60.3333,25.5833
FITOR,65.85,24.1833
FITOT,63.2333,22.05
FITVA,59.8333,23.1833
FIUIM,62.9,30.2333
FIULV,61.4333,21.8833
FIUSK,61.2333,24.25
FIVAA,63.1,21.6
FIVJK,64.9,25.1333
FIVRK,62.3167,27.9
FIVIR,61.92411,25.748151
FIVAR,60.3333,23.0
FIWAS,63.1,21.5667
FIVTF,60.05,22.65
FIVEI,65.6833,24.6333
FIVEL,60.4667,21.6667
FIVAS,60.0833,22.7667
FIVRA,62.2333,23.75
FIVKT,61.2167,28.8167
FIVSS,60.2167,25.1833
FIYXP,63.8333,23.0333
FIHEL,60.16666667,24.95
FIBAG,59.88333,23.51667
FIBER,62.98333,21.11667
FIELA,64.4,24.03333
FIHHT,65.73333,24.55
FIHKL,59.85,22.95
FIHKO,59.8270084,22.969172
FIHKP,60.5,21.61667
FIJJR,67.9,24.05
FIJUK,63.233,29.25
FIKEH,60.43333,26.65
FIKKM,65.76667,24.43333
FIKLB,63.3,21.08333
FIKLD,60.16667,22.05
FIKMJ,65.78333,24.51667
FIKNA,59.91667,22.41667
FIKOV,60.08333,19.93333
FIKRA,61.85,21.48333
FIKUU,60.46667,26.95
FIKVN,65.11667,25.31667
FILNK,61.43333,21.46667
FILPN,60.48333,21.48333
FILVN,65.8,24.33333
FIMAR,65.03333,24.56667
FIMKS,65.66667,24.76667
FIMSM,66.1,28.41667
FIMTL,61.58333,21.48333
FIMUL,62.417,24.783
FIMUN,63.483,22.333
FINAM,62.46667,21.13333
FIOLU,65.01667,25.48333
FIPKT,61.0,21.28333
FIPNL,63.2782702,27.3886646
FIPUH,62.1,29.917
FIRIU,65.0,25.2
FISAR,60.1,22.933
FISIL,68.0,26.88333
FISMJ,66.1,27.08333
FISMN,65.65,24.9
FISRK,60.46667,21.91667
FIVRS,64.88333,24.8
FIVSK,69.0388723,26.9975545
FIVSN,60.51667,21.25
FIVTK,65.55,25.11667
FOHYV,62.0333,-6.75
FOKOL,62.1167,-6.8833
FONLS,62.0167,-6.6667
FONSK,62.2167,-7.0
FORVK,62.1167,-6.7167
FOSKA,62.15,-6.7667
FOSRV,62.0667,-7.3
FOSYN,62.2,-7.0167
FOTHO,62.0167,-6.7667
FOTOR,62.0107248,-6.7740852
FOTVO,61.55,-6.8
FOVAG,61.4667,-6.8167
FOEDI,62.3,-7.083
FOHVN,62.3,-6.51667
FOLVK,62.21667,-6.7
FONDG,62.2,-6.73333
FORUN,62.11667,-6.71667
FOSJO,62.1,-6.75
FOSTR,62.117,-6.75
FOTOF,62.1,-6.733
FRABB,50.1,1.8333
FRA86,49.6833,3.3833
FRAGF,44.2,0.6167
FRAWS,47.1667,5.1667
FRAJA,41.9333,8.7333
FRTKU,48.55,5.8167
FRAMS,45.0,-0.5333
FRYMS,49.0167,5.45
FRADB,44.7333,-1.1
FRXAN,45.9333,4.7167
FRANT,43.5833,7.1167
FRAAH,49.45,6.3667
FRAAO,43.9,4.6667
FRARC,44.6667,-1.1667
FRARD,50.85,1.9833
FRTWA,44.7667,-1.1333
FRAXY,49.2,6.2
FRAJR,43.3,2.9
FRAR5,46.586446,1.52282
FRRME,50.6833,2.8833
FRARR,50.2833,2.7833
FRAQS,48.9167,2.2833
FRA84,43.754854,4.14742
FRAUD,48.0167,-4.55
FRAIQ,50.8667,2.0667
FRAEO,49.0667,2.1833
FRAUF,47.8,3.5667
FRAVN,43.95,4.8
FRAYW,49.05,4.0
FRAYT,46.1333,-1.1
FRZLE,43.2833,2.6667
FRNOP,47.6167,-2.9167
FRIBA,48.0,6.2667
FRBLF,43.45,3.6833
FRNTZ,50.0667,3.2
FRBLD,48.7833,5.1667
FRBAI,47.2,-1.6667
FRBAS,44.9,-0.5167
FRBIA,42.7,9.45
FRBQA,50.5167,2.9
FRBAV,47.6167,6.8333
FRWBY,45.05,-0.6
FRBAY,43.5,-1.4833
FRBCA,43.8,4.6333
FRB6P,43.7333,5.7
FRBMT,49.1333,2.3
FRBEC,45.05,-0.6
FRBXU,43.8167,-0.85
FREUE,44.6333,-0.3333
FRBBQ,44.5,-0.7833
FRDBE,47.8667,-4.1167
FRIUS,49.2333,1.3333
FRETB,43.4667,5.1667
FRBEE,43.4833,5.1667
FRYF2,47.8,3.8833
FRBEV,49.4333,0.3667
FRBSN,47.25,6.0333
FR3CG,43.3667,3.4167
FRKJ9,43.35,6.1833
FRTU9,46.4667,3.2667
FRBET,50.5333,2.6333
FRBTU,48.1667,-1.6333
FRIHS,49.9167,2.9167
FRBIQ,43.4833,-1.55
FRBDD,43.4333,-1.5667
FRDNZ,49.1,4.2333
FRIRT,48.9333,7.0333
FREUY,49.05,4.0833
FRYVG,47.4333,5.3667
FRBYE,45.1333,-0.6667
FRBPS,48.8833,6.05
FRWMN,48.3333,7.4167
FRMWF,43.2,2.6
FRYGO,45.2833,4.7667
FRHOB,46.1667,5.4
FRBCQ,48.5167,2.6167
FRBXO,44.2833,4.7333
FRBON,41.3833,9.1667
FRMQP,49.0,3.35
FRHJK,47.0833,5.15
FRBSM,48.7667,2.4833
FRBSC,49.4333,1.1333
FRBOD,44.8333,-0.5833
FRGID,44.8833,-0.6167
FRBG3,44.7833,-0.5
FRBFT,47.6,6.85
FRXBA,43.45,5.4167
FRBHC,50.2833,3.3167
FRBHR,45.5,4.7833
FRFUC,44.3,4.8667
FRUGV,48.8667,2.1333
FRNEG,47.1833,-1.6167
FRUJA,43.3667,3.25
FRAAI,44.8167,-0.5167
FROGB,48.8333,2.25
FRBOL,50.7167,1.6167
FRUUL,43.4167,6.8
FRBH4,45.85,-1.15
FRRTE,45.6667,-0.2333
FRBSG,47.1833,0.05
FRUUO,49.05,3.85
FROJA,45.7167,-0.3
FREZR,46.8833,4.7333
FRGUZ,43.45,3.65
FRQDF,43.9167,4.05
FRZTW,43.25,2.1167
FRQXC,43.4667,5.95
FRAJK,49.05,3.4333
FRBEP,47.1333,5.2167
FRBRQ,50.3333,3.0167
FRBQT,47.5833,6.9667
FREHA,48.0667,-2.6833
FRBES,48.4,-4.4833
FREHY,48.15,5.1167
FR66F,45.7333,0.2333
FRMHT,45.8167,-0.25
FRB2T,49.3333,4.0167
FRBSD,47.4833,-2.0
FRUUC,44.2167,0.4167
FRUFN,47.65,4.2667
FRBYB,45.85,4.5833
FRP5C,50.5833,2.5167
FRUYO,49.0833,2.2
FRXEU,48.05,4.4
FRBXE,48.1167,4.45
FRZUI,44.25,0.2833
FRCAW,49.2833,-0.1167
FRCFR,49.1833,-0.3667
FRCQF,50.95,1.85
FRCLY,42.5667,8.75
FRQZX,45.05,-0.5833
FRPHG,44.0333,1.85
FRQMM,43.7833,4.0333
FRUDP,43.25,5.75
FRZXC,43.1333,2.65
FRCEQ,43.55,7.0167
FRCCK,44.7,-0.2333
FRCBT,43.6333,-1.4333
FRCDX,43.1833,2.55
FRCP3,50.65,2.9667
FRCQQ,44.7833,0.1333
FRC2P,41.3667,9.1833
FRUXL,44.8833,1.35
FRNAC,47.5833,-3.0833
FRVCS,43.8333,3.9833
FRZZU,43.3,6.1833
FRZMB,44.1167,5.1
FRCOZ,43.4,5.0167
FRCDH,44.55,-0.15
FRCQG,44.45,0.2
FRUNL,43.5333,-1.0667
FRCQD,47.85,5.9333
FRCJO,48.05,2.7167
FRCCN,44.6333,-0.3333
FRYXA,47.2667,4.4833
FRCSM,48.95,4.3667
FRCSS,46.7833,4.85
FRCMC,47.0167,5.15
FRCYI,46.8667,4.6833
FRN7E,47.2667,-0.5667
FRC26,45.0667,4.9167
FRAO7,46.5,4.8667
FRHRA,47.5833,5.85
FRCHM,49.7667,4.7167
FRCM4,48.9667,3.2833
FRV88,48.3667,6.2833
FRRTV,49.0833,3.4833
FR69R,45.8667,4.7833
FRCC4,46.8833,4.7
FRCQN,48.15,2.7
FRMHJ,43.4833,5.5667
FRFBG,47.8667,2.2167
FRQWC,43.5,6.0333
FRTCJ,47.8167,2.85
FRCXA,45.0833,5.1333
FRCXS,47.5833,2.75
FRIY8,48.3333,0.0
FRCMT,48.1167,5.1333
FRHAO,48.1667,6.3333
FRC2H,48.8333,-1.6
FRDC2,45.1167,4.75
FRCS5,45.5167,-0.8333
FRHY9,47.95,3.5333
FRCER,49.6333,-1.6167
FRHEY,48.8833,2.7667
FRHIY,49.0333,3.4333
FRHPY,49.9167,2.65
FROOZ,50.1,4.8
FRG8R,44.15,4.6833
FRXLZ,45.1167,-0.45
FRCNG,45.7,-0.3333
FRONY,41.8167,8.9
FRZT7,44.0,4.2833
FRCMR,48.0833,7.35
FRMJY,44.7833,0.5167
FRQYV,43.3167,3.1333
FRRZW,43.6833,3.7667
FRCMP,49.4167,2.8167
FREZX,45.0667,-0.6
FRCOC,47.8833,-3.9167
FRXCB,46.15,4.7167
FRZLL,46.95,4.8
FRZNN,43.8667,3.9333
FRCXY,47.2833,-1.8833
FRZMM,49.25,0.3833
FRZMY,47.4833,1.4
FRQQQ,49.3667,3.9
FRCT2,43.8833,5.1833
FRRAV,47.6833,3.6833
FRRHP,47.944546,-4.299866
FRCR4,47.25,4.6
FRCSD,46.25,4.7833
FRCRL,49.25,2.4833
FRHZK,44.2167,5.1
FRVH4,47.3,2.75
FRMKX,47.15,0.4833
FRQSM,48.9833,3.2333
FRCQR,43.1833,2.8167
FRKLY,43.35,2.95
FRYOG,47.5833,5.9167
FRCCP,44.9667,-0.45
FRUFF,49.4,3.3167
FRCA2,43.25,3.0
FRDAL,49.8167,3.2333
FRDOL,49.3667,0.0667
FRDMV,47.9333,6.0333
FRQVP,46.9333,4.8333
FRDEN,50.3167,3.4
FRZPP,47.3833,-0.6
FRQLK,46.0,4.65
FRDDR,43.4833,1.5333
FRDPE,49.9167,1.0833
FR9DS,49.0667,5.4167
FREDU,48.85,6.0667
FRDIJ,47.3167,5.05
FRDNJ,43.8333,4.3167
FRDML,49.6833,4.8
FRDMS,49.0667,3.6333
FRDRZ,48.1,-4.3333
FRDKK,51.0333,2.3833
FRECI,48.35,2.8167
FRUTI,47.0833,4.6167
FREGG,50.0667,1.8667
FR5EP,46.75,4.9
FREP5,47.8667,3.9833
FREHU,49.7167,2.95
FRER4,45.1167,4.8167
FRESB,48.9,2.8167
FRTJX,50.4167,3.5667
FREM2,49.0167,3.3667
FREXS,50.6333,2.7167
FRETA,47.15,6.2667
FREIO,48.6333,2.4667
FRPF4,46.5833,4.8
FREVR,48.6167,2.4333
FREYZ,45.3333,1.95
FRFEC,49.75,0.3833
FRF2V,49.6833,-1.45
FRFUL,49.95,2.8333
FRFEY,45.6667,4.8667
FRSNM,47.2333,5.45
FRYSO,47.3167,4.85
FRFNS,48.9667,1.8667
FRFIE,45.8667,0.55
FRFOP,48.4833,2.7667
FRFTB,50.9,2.0
FRFOS,43.4333,4.9333
FRFUS,47.9,-4.0167
FRFBI,47.45,1.35
FRFDR,42.9667,2.8667
FRFA3,47.3167,1.0833
FRRNY,46.0167,5.9333
FRFAU,50.4333,3.5833
FRF3M,48.9333,2.7333
FRFBL,48.9333,2.9333
FRFMA,49.9667,4.6833
FRGUR,45.0667,-0.6167
FRGVL,48.9333,2.3
FRGXY,46.8833,4.95
FRGHD,48.7167,7.75
FRGAO,46.6667,4.9167
FRG8V,49.7167,4.9167
FRGLO,49.5,0.2333
FRGDS,51.0,2.2833
FRGFR,48.8333,-1.5833
FRGRV,50.9833,2.1333
FRGV6,47.1333,-2.1667
FRGNY,48.65,2.3833
FRG2X,47.6333,-3.4667
FRGBQ,50.6167,2.4833
FRGXE,47.5167,-1.9667
FRUVI,48.95,1.7333
FRUEU,49.25,3.9
FRGCH,47.9667,-1.7833
FRUIM,48.6667,-3.7
FRUNS,50.8667,1.8667
FRGMS,44.6333,-1.0667
FRHS2,50.5167,2.8
FRY78,49.0,1.9
FRHRF,49.5,0.2
FRHRN,50.45,2.9
FRH57,48.6667,7.0833
FRHV2,49.0833,3.95
FRHET,47.8,-3.2833
FRH99,43.35,3.2167
FRHBV,49.2,1.25
FRH67,48.3333,7.35
FRHOG,47.7667,7.5
FRRFA,43.2667,2.7167
FRHON,49.4167,0.2333
FRJKI,50.2667,3.3167
FRHSG,43.6667,-1.4333
FRHUN,47.6,7.5833
FRHYR,43.1167,6.1167
FRIXY,48.2667,6.4
FRLJG,49.3333,6.1833
FRIGS,47.4,-0.9167
FRISM,49.3,-1.1
FRISG,44.7167,-0.4833
FRIOU,48.9833,1.8
FRIZO,44.9167,-0.3667
FRJAV,45.7,-0.35
FRUXE,47.9833,3.4
FRJUU,48.9333,3.1333
FRJLP,43.5667,7.1
FRYAN,47.8833,3.95
FRBR5,44.6333,-1.0667
FRLBD,50.5333,2.8
FRBM3,44.15,6.9
FRBQH,47.2167,4.7167
FRCL2,49.5,0.4167
FRM2S,47.8667,-2.4167
FRCS2,46.8333,5.2667
FRLCT,43.1833,5.6
FRRDM,46.2,-1.4
FRLZF,47.9167,-3.9833
FRGDM,43.5667,4.0833
FRLMW,49.1667,6.1833
FRLMD,43.4,5.1167
FRL83,43.1167,6.0667
FRLPE,46.1667,-1.2167
FRJYS,44.25,5.2167
FRRDT,43.25,2.6333
FRG33,44.9333,-0.3167
FRLRH,46.1667,-1.15
FRYNE,43.1,5.8833
FRMHB,47.5833,-3.0333
FRTBE,47.35,-2.5167
FREGE,43.5333,1.5333
FRLGM,48.8667,2.7167
FRLQG,44.1167,0.8
FRLP7,47.7,-3.3833
FRLDN,48.45,-4.25
FRANO,44.55,-0.25
FRDUT,48.4833,-4.75
FRLAI,48.7333,-3.45
FRLA5,43.1,2.1667
FRLA4,43.75,5.3167
FRNSD,47.1333,5.5833
FRLAV,43.3833,5.0333
FRZYL,47.0667,2.0667
FRBCJ,42.7833,3.0333
FRBN4,46.9667,-2.2333
FRCIJ,43.6667,4.2333
FRAGK,43.2833,3.5167
FRRYG,47.7667,-1.5167
FREHN,49.5167,4.7667
FRCN6,47.4167,1.45
FRLCR,46.8,4.4333
FROTY,50.2167,1.6167
FRLFR,48.2833,-4.5167
FRUEV,49.4,1.05
FRLGR,43.5333,4.1333
FRLGU,48.5667,-2.2167
FRLEH,49.5,0.1
FRDXG,47.6333,-0.7167
FRE7M,46.3,4.7
FRLQA,44.4,0.2167
FRMZK,48.5,3.45
FRLWM,47.6167,-2.85
FRLXA,48.8333,2.4833
FREQN,47.2833,-2.5
FRBBB,47.85,-2.45
FRCGF,48.05,-2.9833
FRHSN,48.2667,0.7
FRTEW,43.45,6.3
FRLTR,50.0667,1.3667
FRLVE,45.55,-1.0667
FRVM6,48.6,-1.7833
FRLF2,44.8,-1.15
FRUCM,45.7,-0.9833
FREUI,48.7833,5.5333
FRGLA,43.9667,4.7667
FRLSB,44.95,-0.2333
FRFTJ,47.7333,-2.2167
FRPH2,49.10252,0.086012
FRLSO,46.5,-1.7833
FRLTF,50.1333,4.7833
FRLKL,47.8,-4.2167
FRLQD,49.8833,3.2667
FRUTE,42.9167,3.0333
FRLEZ,48.7833,-3.1
FRLIB,44.9167,-0.25
FRL5T,47.3,0.4167
FRDLJ,46.5667,-1.7833
FRIDY,46.7167,-2.35
FRILR,42.6333,8.9333
FRLLE,50.6333,3.0667
FRLMY,48.9833,1.7333
FRLMZ,49.0667,1.55
FRL49,47.35,-1.1667
FRLO7,46.2833,4.7667
FROQL,47.7167,-3.35
FRLOC,47.8333,-4.1667
FRLOW,46.5833,5.0333
FRLOA,49.8667,2.35
FRLRT,47.75,-3.3667
FROEI,48.5333,0.95
FRGT3,47.8,-0.25
FRLUQ,46.4,6.6667
FRXRY,49.8333,0.9167
FROSH,48.7333,7.25
FRZCY,48.9667,3.1667
FRLIO,45.7667,4.8333
FRMCQ,45.0167,-0.6167
FRMAC,46.3,4.8333
FRMVG,48.9667,1.6833
FRM89,47.6,3.6333
FRMV2,45.3833,4.7333
FRMMV,49.6,4.8333
FRMRN,46.3,-1.0
FRULP,49.0833,3.7333
FRUMX,48.9333,2.85
FRMR7,48.7167,4.6333
FRMWR,43.35,3.5333
FRMRS,43.3,5.4
FRMQA,49.3,1.05
FRMAU,50.2833,3.9667
FRMGU,43.6167,4.0167
FRUVJ,45.0333,4.8333
FRMEA,48.9667,2.8833
FRMEL,48.5333,2.6667
FRME4,43.6167,3.2833
FRMR6,46.0667,5.4333
FRMSI,49.0667,2.2
FRMZM,49.1333,6.1667
FRMZS,48.9667,1.8
FRWQA,43.8667,4.65
FRMQY,48.8167,6.1167
FRWWW,43.2833,2.9
FRMRW,43.5,3.8
FRDYJ,48.5667,-1.5
FRML9,47.8833,4.05
FRZXN,43.3167,-0.5833
FRYUP,43.85,-0.1833
FRNLJ,45.5,6.0333
FRUJK,47.1167,5.4667
FRPKM,47.1333,-1.35
FRNYY,47.7833,3.7
FRMOS,48.0,2.7333
FRMBT,43.9,1.2667
FRMTD,47.5167,6.8
FRMT6,43.95,1.2333
FRMTX,47.3333,-2.15
FRNZ3,43.15,2.4667
FRILS,48.9333,1.9333
FRMC9,45.9,4.7
FRMXN,48.5833,-3.8333
FRGSU,48.5667,2.5
FRMJU,50.7833,2.1667
FRYUS,48.4167,3.2333
FRMYK,49.7167,2.9333
FRMDA,43.6333,4.0167
FRKLU,47.6667,1.5333
FRM75,49.2167,1.3
FRTXM,48.8833,1.65
FRMLH,47.75,7.3333
FRVJE,43.4333,3.1333
FRGJN,49.0667,4.0167
FRENC,48.7,6.1833
FRNTE,47.2167,-1.55
FRNUS,49.5167,4.3
FRNMS,48.2667,2.7
FRNEF,48.0167,7.5333
FRNVS,47.0,3.15
FRNCE,43.7,7.2667
FRN25,47.5333,6.85
FRW2C,47.2833,6.1333
FRXVY,48.45,3.35
FROYI,49.2167,3.1333
FR43H,43.2833,2.7167
FRJFM,43.7833,1.3
FROHP,47.15,5.65
FROTM,47.7833,7.5167
FROUI,49.2833,-0.2667
FRPAD,47.0667,5.1667
FRPNU,50.25,3.2667
FRPBF,47.2833,-2.0167
FRPAI,48.7833,-3.05
FRTIN,48.9,2.4
FRPYX,48.7667,4.8167
FRPAR,48.85,2.35
FRPAP,45.2,-0.75
FRNRH,47.8,-4.3667
FRG63,45.7333,3.1333
FRPWA,49.3833,3.2167
FRPET,49.3833,1.0333
FR33G,45.1,-0.65
FR4PS,47.5333,-1.8833
FRPHN,48.5,-1.9667
FRPHT,48.75,4.65
FRPXZ,48.4667,7.7167
FROFF,48.0333,-4.6667
FRPD2,47.3333,4.9667
FRRUR,48.5333,-2.0
FRZEV,47.9833,-4.4333
FRPGQ,48.8667,4.4833
FRPAJ,49.3833,3.6167
FRF29,47.85,-3.75
FRP62,50.4667,2.8833
FRPTV,49.4,3.8167
FRPTI,45.0,4.8833
FRPVX,46.4333,4.9333
FRPNH,47.1667,4.6833
FRKLO,42.4667,9.2
FRPAB,47.8667,-4.2167
FRZXH,47.3833,1.25
FRPQC,48.0,-1.7833
FRPOX,48.7,-3.1667
FRPSX,49.3,2.6
FRPRC,47.1167,-2.1
FREMR,43.0,6.2
FRPG5,45.4,-0.9
FRPM6,47.8167,-3.7833
FRPDB,43.4,4.9833
FRRTB,49.35,-0.75
FRPH4,43.3,3.3333
FRPJE,49.4667,0.5333
FRPRJ,46.7167,-2.35
FRNOU,43.0167,3.05
FRPNF,47.55,-2.9
FRPVO,41.5833,9.2833
FRXER,44.25,0.4
FRPSL,43.3833,4.8
FRPOV,42.5167,3.1167
FRPQE,49.3,1.2333
FRZXD,47.3833,3.0
FRPKL,47.3167,1.2833
FRYUJ,47.5,4.4667
FRUJY,47.4,3.75
FRPKS,47.2833,2.95
FRZIC,47.95,-4.3667
FRPUM,48.9333,2.7833
FRPI9,47.1333,-2.2167
FRHYJ,47.3667,-2.0167
FRPRP,41.6833,8.9
FRDXZ,46.8833,5.7667
FRHEJ,44.7333,0.35
FRARJ,43.8333,5.4167
FRQEN,47.7833,3.65
FRQUI,47.4833,-3.1167
FRUIP,48.0,-4.1
FRQSC,44.75,-0.5
FRABA,43.8167,1.7333
FRRAD,49.5,0.5
FRRLI,50.2,3.25
FRXXD,48.45,0.0
FRRQE,48.9833,7.0167
FRRDN,47.65,-2.0833
FRREI,48.65,7.75
FRQWM,46.1333,6.2667
FRRHE,49.2667,4.0333
FR9SS,49.3833,3.15
FRIHT,49.2833,6.1667
FRIEC,47.8333,-3.7
FRRN3,44.65,-0.35
FRRVC,49.35,2.7333
FRRCO,45.95,-0.9667
FRR26,44.4833,5.0333
FRYGP,47.7333,2.8833
FRRON,50.75,3.1167
FRRSA,43.4333,6.6333
FRWIK,43.6667,2.2833
FRBKD,42.9833,2.95
FRRXL,48.6,6.3333
FRRSQ,50.45,3.3667
FRROU,50.6833,3.1833
FRURO,49.45,1.1
FRRYN,45.6167,-1.05
FRRUN,48.75,2.35
FRS5M,48.9667,3.2167
FRSYY,50.65,2.7667
FR4S4,43.7333,7.2833
FRMMJ,45.1833,-0.65
FRBG2,45.35,-0.6667
FRICN,47.2167,-2.1667
FRSQS,49.85,2.9333
FRDCJ,45.35,-0.8333
FRPJH,47.25,-1.2
FRRZT,45.25,4.7833
FRNLA,47.7167,-1.8167
FRSGT,47.4167,-0.5667
FRMDW,44.0167,0.15
FRGON,47.3667,-1.2
FRXGL,43.6833,4.4167
FRNGI,46.8833,4.6667
FRXGV,46.6833,-1.9333
FRUJI,48.1167,-2.8167
FRKAQ,47.3,-1.2
FRGPI,47.1167,3.0
FRXDH,46.85,4.6333
FRSML,48.65,-2.0167
FRDAD,44.3,4.5667
FRTMG,49.0333,1.6833
FRSNR,47.2833,-2.2
FRPC6,50.3,2.7667
FRFS4,48.8167,-1.5667
FRSP5,44.5167,6.75
FRPDU,49.1167,1.4167
FRX28,49.4,0.9333
FRSQR,47.5167,-3.1333
FRSTQ,49.85,3.2833
FRQLC,50.0667,1.45
FRSIR,47.6333,4.3
FRUJJ,47.3333,2.85
FRSS2,43.7,3.4667
FRTQJ,43.9167,5.3667
FRUJQ,44.65,0.0
FRIAV,45.8833,-0.6833
FRSSK,47.2,-1.5
FRUQJ,45.05,-0.5667
FRTIM,49.75,3.1667
FRVIG,48.8667,2.6833
FRUCS,43.9333,1.6167
FRTUA,47.1,5.2667
FRXCS,45.8167,-0.6333
FRSVS,50.1833,1.6333
FRVNR,46.6833,4.6667
FRVA5,46.65,4.3667
FRSIT,47.1833,5.8167
FRSWD,49.5333,0.7667
FRQSO,48.45,2.75
FRSMW,48.4167,2.75
FRSNQ,46.3333,4.8333
FRSQV,49.0333,1.65
FRQTS,47.4,6.5167
FRRRB,49.0,7.0167
FRSAR,49.1167,7.0667
FRUBS,43.65,-1.1833
FROYY,48.6833,3.7167
FRSYQ,48.6333,5.6
FREGR,47.6833,-0.8667
FRM56,47.6167,-2.75
FRS8C,50.7,2.45
FRSET,43.4,3.7
FRSUP,46.9833,5.15
FRYSU,45.5667,4.85
FRSLV,47.85,-0.3
FRYSM,48.7,5.6167
FRQGS,48.7833,4.5333
FRSPK,50.9667,2.3167
FRSXB,48.5667,7.75
FRRH7,46.1167,4.7667
FRTZZ,45.6167,4.8167
FRTVL,49.35,6.1667
FRTGH,48.4,2.7833
FRTMN,50.2,3.2833
FRTIG,48.6333,2.5
FRTON,45.95,-0.9
FRTUU,47.7333,3.3
FRRF3,44.55,-0.2667
FRTLN,43.1167,5.9333
FRTOV,49.6333,-1.5667
FRAD5,43.25,2.7333
FRXYR,47.3167,2.8833
FRTRE,48.7833,-3.2333
FRTR9,47.85,-3.85
FRTRI,47.3167,-2.1833
FRTPO,48.95,2.9333
FRTJE,49.3667,0.0833
FRQYR,48.3,4.0833
FR8AY,48.0833,6.35
FRVAF,44.9333,4.8833
FRVAL,50.3667,3.5333
FREG5,43.85,4.6333
FRM52,49.1,3.7333
FRVNE,47.65,-2.7667
FRVSQ,49.5667,3.05
FRM57,49.1,6.1
FRENB,49.2,1.2833
FRVHM,48.6667,7.7167
FRVTM,49.0833,3.8333
FRVRD,49.1667,5.3833
FREEX,47.5167,5.6333
FRVL4,45.45,4.75
FRVEJ,46.8833,4.9667
FRVEO,45.65,4.8167
FRVM5,49.1,3.6667
FRVNZ,46.7833,4.4667
FRVQR,48.1333,3.3
FRVSS,45.9833,4.7167
FRVGE,47.7333,5.3
FRVUX,48.4,3.3
FRV33,45.0833,-0.6167
FRVVL,43.9833,4.7833
FRVC4,49.1,3.8
FR4VA,43.2333,2.2333
FRLLW,48.0167,3.3167
FRVNH,48.3333,6.3167
FRJPL,46.8333,4.8667
FRNEH,45.8167,5.7167
FRXSW,47.3,5.4
FRUSU,48.4167,2.75
FRWNT,50.7333,2.95
FRWTT,50.8333,2.2167
FRAFP,44.83333,0.2
FRAHH,46.35,6.4
FRAMI,49.9,2.3
FRAQX,43.833,4.5
FRAWR,48.58333,-4.56667
FRAXM,46.683,3.667
FRAYR,44.217,0.567
FRBOI,47.183,-1.617
FRBZB,48.03333,-4.66667
FRCFG,43.483,5.567
FRCFP,44.78333,-1.13333
FRCIF,49.65,0.15
FRCJZ,48.85,2.15
FRCKT,45.517,6.083
FRCKY,48.683,-1.85
FRDAS,49.0,3.867
FRDCG,48.6,-2.25
FRDEI,49.317,-1.65
FRDGD,47.517,-2.583
FRDHA,48.6,-2.55
FRDIZ,45.43333,-0.7
FRDOE,47.8,-3.58333
FRDON,47.3,-2.067
FRDTD,49.33333,-0.15
FRDUU,46.03333,-1.38333
FRDVT,48.267,2.733
FRDZR,48.63333,4.96667
FREDT,48.467,-4.75
FREEA,44.91667,-0.23333
FREFG,48.617,2.033
FREFR,43.933,4.933
FREGL,43.11667,2.35
FREJU,43.433152,6.737034
FRESM,50.033,1.383
FREUA,50.1,3.55
FREVD,48.6,-2.55
FREXU,45.71667,5.08333
FRFAX,47.133,5.0
FRFBH,44.917,0.25
FRFCJ,47.7,-0.06667
FRGCP,49.383,0.967
FRGDT,48.333,5.133
FRGEW,48.0,7.283
FRGFV,46.717,5.6
FRGGO,45.48333,-0.56667
FRGHG,49.65,-1.817
FRGIA,44.76667,-0.6
FRGJE,43.33333,0.7
FRGPO,51.0,2.1
FRGQE,44.78333,-1.13333
FRGTN,48.683,-1.483
FRGUJ,44.63333,-1.06667
FRHDO,47.333,-2.883
FRHFF,47.1556,-1.399547
FRHID,47.01667,-2.23333
FRHMX,48.75,3.983
FRHOP,48.333,-4.233
FRHOT,47.383,1.05
FRHSA,48.983,-1.533
FRHTI,48.483,-2.017
FRHYD,48.167,4.617
FRIDH,47.58333,-2.83333
FRIDX,46.017,-1.183
FRIHR,48.85,1.0
FRIKR,43.35,0.0
FRIRK,51.034232,2.376611
FRIRR,48.76667,-3.51667
FRJJT,44.78333,-1.13333
FRJMQ,47.0,4.9
FRJRF,45.837504,4.822944
FRJUT,45.7,3.117
FRKOC,48.33333,-4.23333
FRKOK,47.73333,-3.43333
FRKRE,48.65,-4.367
FRKRZ,47.3,2.75
FRKSI,43.135325,1.502726
FRKTK,47.8,-4.33333
FRKUK,47.81667,-3.78333
FRLAD,44.1,4.7
FRLGQ,49.417,1.033
FRLHH,44.63333,-1.06667
FRLIS,43.917,5.05
FRLJW,48.71667,0.0
FRLKJ,44.683,2.617
FRLKR,45.55,4.783
FRLKZ,47.167,4.917
FRLQT,48.033,5.283
FRMCC,45.9,4.7
FRMYW,48.367,5.167
FRNCB,48.367,-4.767
FRNDC,43.63333,4.8
FRNMA,47.817,3.667
FRNMT,49.383,-1.217
FRNNH,47.933,4.25
FRNPH,43.41667,6.76667
FRNQU,48.367,-4.767
FRNRR,47.0,-0.21667
FRNSB,44.38333,-1.16667
FRNYI,47.3,2.683
FROEE,46.88333,-2.13333
FROGV,49.73333,2.93333
FROTX,49.01667,2.6
FROUQ,47.217,2.833
FRPBC,48.31667,-4.3
FRPBP,48.66667,-4.16667
FRPDF,43.567,6.05
FRPDH,45.95,0.917
FRPGC,48.85,-3.233
FRPJU,44.0,4.767
FRPJY,46.933,3.15
FRPKE,44.28333,4.58333
FRPLW,48.867,2.15
FRPPB,47.28333,-2.03333
FRPPL,47.717,-3.35
FRPPM,48.68333,-3.98333
FRPPN,16.2370504,-61.5376272
FRPPO,46.05,6.06667
FRPQR,47.3,5.4
FRPRD,49.01667,0.0
FRPSB,47.96667,6.48333
FRPTC,41.58333,9.28333
FRPUP,44.78333,-1.13333
FRPVF,47.967,3.85
FRPVU,49.9,1.03333
FRQBR,44.833,-0.367
FRQEY,44.767,0.017
FRQGM,45.290874,4.813975
FRQHL,47.25,-1.38333
FRQPL,45.6,4.833
FRQRU,49.9,0.917
FRQUL,49.667,-1.7
FRQXA,48.367,7.383
FRQYB,43.550669,5.034508
FRQZH,41.733,8.8
FRQZS,44.287753,4.564728
FRRHO,45.83333,4.61667
FRRIJ,44.26667,4.5
FRRMO,47.583,-2.9
FRRUB,49.68333,-1.28333
FRRYY,49.017,3.933
FRRZX,44.567,-0.35
FRSBK,48.517,-2.783
FRSQG,47.583,5.867
FRSRL,43.417,6.767
FRSTP,43.267,6.633
FRSVM,50.11667,0.13333
FRSZI,45.95,-1.05
FRTBD,48.76667,-3.56667
FRTDF,48.36667,-4.36667
FRTEZ,48.7,-3.8
FRTHI,48.85,2.66667
FRTII,45.483,-1.05
FRTLP,49.683,-1.283
FRTMU,47.21667,-1.55
FRTOO,48.8,-3.03333
FRTST,44.7,-1.03333
FRTTU,47.833,-4.167
FRTUJ,47.217,-2.15
FRTXU,48.01667,-2.95
FRTZM,48.55,-4.7
FRUAT,49.38333,-1.21667
FRUCL,48.183,-1.917
FRUEI,49.83797,1.093805
FRUML,49.167,4.217
FRUOJ,45.96667,4.65
FRURD,48.1,4.36667
FRUSJ,43.733,4.2
FRUVV,48.967,-1.067
FRVEY,44.417,2.417
FRVFG,48.983,3.333
FRVFM,43.7,7.317
FRVIY,48.333,6.333
FRVNU,48.95,2.0
FRVRU,49.333,-0.533
FRVTI,46.95,1.867
FRWNH,47.3,-0.63333
FRXLG,47.85,3.717
FRXVF,44.767,0.317
FRYEN,48.333,4.133
FRYFN,45.880811,5.842856
FRYJK,42.633,2.817
FRYLS,47.86667,3.73333
FRYNO,45.83333,4.96667
FRYNR,43.117,5.8
FRYYO,49.733,0.317
FRZAN,45.483,-0.583
FRZHA,43.983,4.683
FRZLJ,44.05,4.583
FRZOG,50.6,3.1
GBAOT,50.6667,-2.6
GBAOL,52.1833,-0.2
GBABS,52.8167,-4.5
GBABA,52.25,-4.25
GBARC,51.95,-5.1167
GBADR,52.8,-4.7167
GBABD,57.1333,-2.1
GBAYD,56.05,-3.2833
GBABF,52.55,-4.0333
GBAFW,53.1833,-4.45
GBAEE,53.2833,-3.5833
GBAYW,52.4167,-4.0833
GBACE,58.0333,-5.3667
GBAHN,56.5,-5.4833
GBAMR,57.7,-7.1833
GBADM,57.0167,-7.4167
GBAIT,60.2833,-1.3833
GBGSR,51.5167,-0.0833
GBALL,56.1167,-3.7833
GBALP,53.5833,-0.7333
GBAMW,53.4167,-4.35
GBANG,54.1,-5.9
GBANN,54.9833,-3.2667
GBANS,56.2167,-2.7
GBAPI,56.5667,-5.35
GBAPS,57.3833,-5.8
GBAPP,51.05,-4.2
GBAET,56.0333,-4.9
GBADF,56.1833,-5.5333
GBAGL,54.2667,-5.6167
GBAGU,56.7167,-5.25
GBAMH,55.8667,-5.0833
GBGIG,55.6667,-5.7333
GBAMN,56.6833,-6.0833
GBASG,56.0167,-5.45
GBARD,55.6167,-4.8167
GBARV,57.0,-7.4
GBDYN,55.8667,-5.0333
GBAGO,56.6167,-6.5333
GBARG,56.9,-5.85
GBALI,51.75,-1.8333
GBAMD,57.05,-5.9
GBNAR,55.5833,-5.2833
GBHA2,51.0667,-1.45
GBAHH,56.8667,-3.1333
GBAKL,58.5667,-3.0667
GBAUL,57.8333,-5.5667
GBAVC,57.55,-4.1667
GBAVO,51.5,-2.6833
GBAXO,50.7,-3.05
GBAYR,55.45,-4.6167
GBACB,58.2667,-6.3167
GBBKC,59.15,-2.75
GBSGC,51.5333,-2.2833
GBION,56.3333,-6.4
GBBLI,57.75,-3.9
GBBNR,55.0833,-4.9833
GBBYP,55.2333,-6.35
GBDOR,54.4833,-5.6333
GBBHB,54.5,-5.45
GBBLR,54.8333,-5.7833
GBLMN,54.0667,-5.95
GBLYW,54.5333,-5.4833
GBBSN,60.75,-0.8667
GBBVR,56.2833,-5.6
GBBFF,57.6667,-2.5333
GBBCE,56.5167,-5.3
GBBDZ,54.15,-3.0667
GBBLZ,53.2833,-1.2833
GBABW,52.7167,-4.05
GBBSY,53.55,-1.4833
GBBND,51.0833,-4.0667
GBBBX,52.9,-0.9
GBBIF,54.1167,-3.2333
GBBUO,52.75,-1.1333
GBBWU,52.85,-1.4667
GBBHR,53.6833,-0.3833
GBBAD,51.3833,-3.25
GBBAZ,50.7333,-1.65
GBBNH,53.6667,-0.4333
GBBXF,53.1167,-0.6333
GBCBX,53.7333,-2.35
GBBQX,55.55,-1.6333
GBBLU,50.8167,-1.4333
GBBD2,50.85,-1.0
GBBTK,52.3667,-2.9333
GBENH,51.4167,-1.15
GBBXX,50.6833,-3.0833
GBBSX,50.3333,-3.5667
GBBEL,54.9833,-5.9167
GBVVE,52.65,-2.1667
GBBMT,60.6833,-0.9667
GBBBP,50.6833,-1.0833
GBRNR,58.1833,-6.9833
GBRNN,57.6,-7.15
GBBEH,50.4,-3.4833
GBBWK,55.7833,-2.0
GBBXB,50.85,0.4667
GBBQQ,50.5333,-3.6833
GBBID,51.0167,-4.2167
GBBHW,54.6,-1.3
GBBGY,53.85,-1.8333
GBBDA,53.6333,-3.0333
GBBRK,53.4,-3.0333
GBRSB,59.1167,-3.2833
GBQWR,52.5,-3.0
GBPQT,50.55,-3.5333
GBBFP,57.4,-2.4833
GBBKS,56.0,-3.5167
GBBLJ,55.9833,-4.9
GBBLC,52.95,1.0167
GBWJH,51.55,-1.2333
GBYTH,53.3667,-1.0667
GBDMB,57.45,-1.7667
GBBFO,53.2667,-4.3667
GBBSI,50.7833,-0.6833
GBBLT,53.5833,-2.4333
GBBON,56.0,-3.6
GBBOE,53.4667,-3.0167
GBBOT,52.9167,-4.1333
GBBSC,50.6833,-4.7
GBOHM,50.8167,-0.8667
GBBMX,55.4167,-1.5667
GBBOH,50.7333,-1.8833
GBBOW,55.9167,-4.4833
GBRCD,57.35,-6.4
GBBRF,53.7833,-1.75
GBSDT,50.5667,-4.2667
GBDWL,51.7333,0.8833
GBMDE,51.0333,-1.1167
GBBCS,52.9667,0.6667
GBBBE,50.7,-3.1333
GBBWM,51.5,-0.7
GBRST,58.2,-6.75
GBBRT,54.0833,-0.2
GBBFE,53.8167,-2.2333
GBBXS,50.6333,-1.3833
GBBFY,51.6333,-3.8167
GBBRX,50.3833,-3.5
GBBDF,57.2333,-5.9
GBBYN,50.6833,-2.3833
GBBDT,51.3667,1.4167
GBBDI,55.5833,-5.1667
GBBRJ,58.0167,-3.85
GBBXT,54.5667,-0.9333
GBBZT,53.1667,-3.0
GBBFU,54.2667,-3.2
GBBCH,55.7667,-6.3667
GBBRU,60.4167,-0.75
GBBYI,53.1833,-4.2333
GBBE2,53.8167,-0.9167
GBNY2,54.1833,-2.0833
GBBUC,57.6667,-2.9667
GBBCR,51.0,-4.4
GBBUD,50.8333,-4.55
GBBUA,50.6333,-3.3333
GBBWV,50.15,-5.1167
GBUNS,56.3167,-6.2333
GBBNB,55.8833,-6.1333
GBRGH,58.65,-3.3333
GBBUH,57.7,-3.4833
GBBOC,51.6167,0.8333
GBBMO,55.8333,-2.0667
GBBVO,60.4833,-1.0167
GBBUF,58.85,-2.9167
GBBPT,51.6833,-4.25
GBKBK,53.7333,-0.1333
GBBBK,50.7,-2.7167
GBBUS,53.65,-0.6833
GBBWC,58.75,-2.9667
GBBUY,50.9,-0.5667
GBBTZ,52.9833,0.0
GBCGZ,49.9833,-5.1667
GBCBL,57.6667,-1.9167
GBCYN,54.9667,-5.0167
GBCSC,52.65,1.75
GBCBE,50.9333,0.7833
GBCBT,55.4333,-5.6333
GBCAU,56.8333,-5.1333
GBCNA,57.05,-6.5
GBCAN,51.5167,0.5667
GBCCL,50.1167,-5.7
GBCAB,57.1833,-6.2
GBCDF,51.5,-3.2
GBCAR,52.0833,-4.65
GBC5T,52.1,-0.4
GBCRV,52.45,1.7
GBCAH,54.9833,-6.0
GBCRA,55.5833,-5.4667
GBCRT,53.4333,-2.3833
GBRRO,57.4,-5.6
GBCET,54.9167,-3.5667
GBCBA,56.95,-7.4667
GBCTF,53.7167,-1.35
GBCSW,50.5667,-2.45
GBCCE,56.9,-1.2
GBCNX,50.3167,-4.35
GBCAG,57.0667,-7.2833
GBCMA,52.9667,-3.0667
GBCEI,52.2167,-4.3667
GBCEL,56.2333,-2.65
GBCEB,53.4167,-4.45
GBCNM,60.3167,-1.2667
GBCPD,53.2167,0.3167
GBCHD,56.5833,-3.0
GBCWN,56.0333,-3.5
GBCHJ,50.7333,-2.9
GBCHT,51.6333,-2.6667
GBCST,50.8333,-0.7833
GBCKR,50.6167,-2.5
GBCDK,50.7167,-2.8167
GBCII,51.0,-4.4
GBCCH,50.7333,-1.75
GBCUB,55.2833,-6.1833
GBRAS,57.3333,-6.0667
GBCLS,51.8,1.15
GBQZL,51.4333,-2.8333
GBCGP,54.7,-5.8
GBCVL,51.0,-4.4
GBCZV,52.4167,-2.9167
GBCLY,55.9,-4.4
GBCYD,51.8333,-4.7
GBCNZ,55.95,-2.95
GBCQQ,50.6,-3.4333
GBCVA,55.9167,-5.1333
GBOLL,58.2667,-6.3167
GBCAF,60.5333,-1.3667
GBCIT,57.35,-1.9167
GBCYY,53.3,-3.7333
GBCBM,51.2,-4.0333
GBCGY,51.3667,-2.8167
GBCQY,53.2167,-3.0667
GBCOQ,53.2167,-3.0667
GBCZZ,50.1167,-5.1667
GBCVW,51.8,-0.0333
GBCWA,53.2833,-3.8333
GBORR,56.7167,-5.2333
GBCVE,55.9333,-2.35
GBACV,57.1,-2.0667
GBCVI,55.9333,-2.35
GBCGT,51.5116571,-0.1240436
GBCVT,52.4167,-1.55
GBCGJ,55.8333,-5.95
GBCNU,56.4667,-5.7167
GBCRJ,56.2667,-2.6333
GBCMD,55.9667,-3.2833
GBCBO,50.9167,-1.9167
GBCRX,55.4667,-1.5833
GBCKS,51.6333,0.7833
GBCCC,52.9167,-4.2333
GBCFE,56.3667,-3.8333
GBCNC,56.0833,-5.5667
GBCMP,56.05,-3.5333
GBCRR,52.9333,1.3
GBCR5,54.2833,-0.8333
GBCKK,58.6,-3.65
GBCUA,56.2667,-5.6333
GBCKN,58.25,-5.35
GBCLM,58.2333,-5.3333
GBCUV,60.7,-1.0167
GBCMS,55.7833,-4.9
GBCUM,55.7333,-4.9167
GBCU8,53.2667,-1.6333
GBCUS,55.0833,-6.05
GBCUE,55.1333,-6.05
GBDAG,51.55,0.1667
GBDYB,56.0333,-3.35
GBDRL,54.5333,-1.5667
GBDFD,51.45,0.2167
GBDTM,50.35,-3.5833
GBEER,58.9667,-2.85
GBDEB,53.0167,-1.4
GBDET,50.8,0.05
GBDVP,50.3667,-4.1833
GBDWY,53.7,-1.6167
GBDIN,53.3833,-2.95
GBDIW,57.6,-4.45
GBDHD,54.6333,-5.5333
GBDRX,53.7333,-0.9833
GBDMO,54.4167,-6.15
GBDBY,53.3667,-4.2667
GBDBR,56.0,-2.5167
GBDUE,58.25,-3.4333
GBDUC,52.3333,-1.2833
GBDUN,56.5,-2.9667
GBDSS,50.9167,0.9667
GBDNU,55.95,-4.95
GBDSK,55.2333,-6.45
GBDNE,51.1667,-3.4333
GBDTN,54.95,-1.65
GBDRE,55.3833,-4.75
GBDVN,57.4333,-6.5833
GBDNW,52.2667,1.6167
GBDYS,56.1333,-3.1167
GBECO,51.9333,0.6833
GBEAA,56.2833,-5.65
GBESG,54.7833,-1.35
GBEWT,50.7667,-0.8833
GBEBO,50.7667,0.2833
GBEAM,53.3,-2.9667
GBECS,53.4833,-2.3333
GBEDI,55.95,-3.2
GBEGI,59.15,-2.9333
GBIGG,56.9,-6.1667
GBESK,57.85,-6.3667
GBEGO,57.15,-6.1
GBELI,56.2,-2.8167
GBEIN,50.9,-1.4833
GBELB,56.2833,-5.65
GBELS,53.6,-0.4333
GBERI,51.4833,0.1833
GBRBL,58.4667,-4.2333
GBESS,60.5,-1.55
GBEVT,57.65,-4.2833
GBEXE,50.7,-3.5333
GBEXM,50.5833,-3.4
GBEYM,55.8667,-2.1
GBFEE,55.75,-4.85
GBFLT,54.1,-1.0667
GBFEO,55.85,-6.0667
GBFRD,51.65,-3.4333
GBFRX,50.5667,-2.4667
GBFEB,53.7,-1.2667
GBFYD,51.7667,-4.3667
GBFIN,57.65,-3.6
GBFID,57.7,-2.9
GBFNT,56.6667,-4.4167
GBFIO,56.3167,-6.3667
GBFBU,50.7333,-1.1667
GBFIH,55.9333,-3.0667
GBFIS,51.9833,-4.9667
GBFNH,56.5,-5.8
GBFBH,54.1167,-0.1167
GBFLN,54.0333,-0.95
GBFLE,53.9167,-3.0
GBFLW,53.6167,-0.6833
GBFLK,54.1667,-2.9667
GBFLU,50.15,-5.0667
GBFOL,51.0833,1.15
GBFRM,53.55,-3.05
GBFWM,56.8167,-5.1167
GBFOR,55.75,-3.6833
GBFTR,57.5833,-4.1333
GBFRB,57.6833,-2.0167
GBFWE,51.65,-4.8667
GBFRI,51.8333,1.2333
GBFUR,56.15,-5.1667
GBGAR,57.7,-5.6667
GBGAS,56.8833,-6.1333
GBGDN,57.6667,-2.3333
GBGLH,56.1,-4.8167
GBGIS,54.7833,-4.3667
GBRRB,58.2167,-6.2333
GBCSN,53.3333,-2.9
GBGTN,53.3333,-2.9
GBGAT,54.9333,-1.6167
GBGIL,51.3833,0.55
GBILL,58.65,-3.15
GBGIR,55.2333,-4.8667
GBGLW,55.8333,-4.25
GBGLD,53.9833,-2.85
GBGLA,54.8,-5.95
GBGNL,57.2167,-5.6333
GBGLC,54.8667,-4.8333
GBGMA,56.1167,-4.8167
GBGLG,56.8333,-5.8167
GBGLP,57.9833,-3.9667
GBGOO,53.7167,-0.8667
GBGOR,50.2333,-4.8
GBGUD,56.8333,-2.2833
GBGUR,55.95,-4.8333
GBGIV,51.8167,-3.0667
GBHXL,53.8833,-0.2
GBGOX,53.6667,-0.3333
GBGAE,58.9167,-3.2667
GBGRG,56.0,-3.7167
GBGRN,55.9667,-3.2167
GBMSI,52.7667,0.6667
GBGOA,51.9,1.1833
GBGWG,51.55,0.8
GBHP2,54.6333,-1.2333
GBGRK,55.9333,-4.75
GBNO2,52.5333,-0.6667
GBGMY,57.4667,-7.2
GBGSY,53.5333,-0.5
GBGRO,54.6667,-5.6167
GBGRW,53.5833,-0.7
GBGRJ,51.3333,0.7333
GBGRU,59.8667,-1.2833
GBGVL,50.1333,-5.5167
GBGUT,60.6667,-1.0167
GBGWK,50.1,-5.2
GBHNU,51.6,0.0833
GBHKI,58.5167,-3.5
GBHVO,60.1333,-2.0333
GBHNS,60.6167,-0.9333
GBHMV,60.1,-1.3333
GBHRF,51.6,-0.4833
GBHAA,54.8833,-2.9
GBHTP,54.6833,-1.2167
GBKWH,59.0,-2.9667
GBHYG,50.8333,-0.9833
GBHEQ,54.0333,-2.85
GBHEB,54.9667,-1.5167
GBHXX,53.7333,-0.1833
GBHLN,56.0,-4.7333
GBHDR,50.0833,-5.15
GBHMA,58.1167,-3.65
GBHMY,52.7,1.6833
GBHSE,53.7167,-0.4333
GBHBK,54.0833,-2.8
GBHGW,53.5167,-3.05
GBHDB,52.9333,-1.5
GBHOM,58.9,-2.9
GBHYI,55.6667,-1.8
GBHLO,55.9833,-4.9333
GBYLW,54.6333,-5.8167
GBHPC,50.2333,-3.85
GBHOP,57.7,-3.4333
GBHOS,60.0,-1.2667
GBHGY,57.6,-7.55
GBHPT,56.0333,-3.3
GBHOV,60.3333,-1.6667
GBHUT,58.9167,-3.1833
GBNFK,52.9333,1.3
GBHDD,53.7333,-0.85
GBHOJ,54.9833,-1.4667
GBHDF,53.65,-1.7833
GBHWZ,49.9167,-6.3167
GBHUL,53.7333,-0.3167
GBHLU,53.7833,-1.5333
GBHST,55.7167,-4.8833
GBHTH,51.0667,1.0833
GBILF,51.2167,-4.1167
GBIMM,53.6,-0.2167
GBICH,56.4333,-3.1667
GBIGM,53.1833,0.3333
GBINS,51.05,-4.1667
GBIAY,57.6667,-1.9167
GBINR,57.0333,-5.6833
GBIVK,55.9,-4.8667
GBIRB,50.3167,-4.95
GBIRV,55.6,-4.6667
GBIMG,54.8167,-5.7
GBISY,55.8,-6.25
GBIOG,51.45,0.7
GBIOS,51.4,0.8167
GBWHH,54.7,-4.3667
GBJAR,54.9833,-1.45
GBJOG,58.6333,-3.0667
GBJHV,56.8,-2.3333
GBJTB,55.2,-3.4167
GBJUR,56.0167,-5.9167
GBKAL,57.4833,-7.2
GBKEA,53.6,-0.7333
GBKEI,53.8833,-1.9167
GBKES,58.5333,-3.1167
GBKMI,51.3,0.2167
GBKCG,55.8,-5.4667
GBKET,59.2333,-2.6
GBKEV,50.7167,-1.5667
GBKOA,56.7,-6.1
GBKIC,55.9833,-4.85
GBKLY,51.7333,-4.7
GBKLK,54.0667,-6.0
GBKGH,53.6167,-0.2667
GBKIO,54.25,-5.6333
GBKPS,55.2,-6.2667
GBKYH,54.4,-5.7167
GBKIM,50.6167,-2.1167
GBKDE,56.0667,-3.7
GBKHN,56.0667,-3.1667
GBKLN,52.75,0.3833
GBKIB,50.2833,-3.7667
GBKWE,50.3333,-3.5667
GBKOH,57.0,-6.2833
GBKBE,58.45,-5.0333
GBKNC,56.7,-4.9833
GBKIP,54.8667,-3.7833
GBKCN,54.4833,-5.5333
GBKBT,54.8333,-4.05
GBKRM,58.5333,-4.15
GBKIS,57.4,-5.5833
GBKYL,57.2667,-5.7167
GBKYN,57.2667,-5.7333
GBKYE,55.8667,-5.2167
GBKYU,58.25,-5.0167
GBLDC,50.3167,-4.95
GBLAH,55.5333,-5.15
GBLEQ,50.0667,-5.7167
GBLSH,50.8333,-0.9833
GBLGO,56.2167,-2.95
GBLGS,55.7833,-4.85
GBLWL,58.2667,-3.3667
GBLAV,52.1,0.8
GBLBA,53.8,-1.5833
GBLOS,51.55,0.6667
GBLEI,55.95,-3.1667
GBLVK,59.9667,-1.2667
GBLVR,57.7667,-7.0167
GBLMK,56.0333,-3.4833
GBLSM,56.4833,-5.55
GBLHV,51.7667,-5.1
GBLOK,51.9167,1.2333
GBLLU,51.2667,1.1667
GBLIV,53.4167,-3.0
GBLIB,53.6833,-3.55
GBLAB,52.7333,-4.0833
GBLLD,53.2833,-3.6333
GBLLN,51.6667,-4.15
GBLMT,51.65,-3.8833
GBLFF,51.7667,-4.3833
GBLLS,51.7833,-4.4
GBLBE,56.3,-5.9
GBLCG,56.0833,-4.85
GBLRP,54.9833,-5.0333
GBLSC,56.3333,-6.1833
GBLHS,55.9333,-5.0667
GBLCD,57.9667,-6.2667
GBLCA,56.4,-5.05
GBLBD,57.15,-7.3167
GBLCR,57.4,-5.4833
GBLNA,56.3833,-4.2833
GBLOV,58.15,-5.25
GBLMA,57.6,-7.1833
GBLRZ,55.7,-5.3
GBOCH,58.1,-6.4833
GBLGP,51.5,0.4833
GBLTP,51.4333,0.6
GBLHO,58.8,-3.2
GBAQW,53.4667,-2.2
GBLOE,50.35,-4.45
GBLSS,57.7,-3.2833
GBLTS,59.2,-2.7
GBLXY,53.4,-1.4833
GBLUG,55.75,-4.5333
GBLL3,52.7,-1.6167
GBLUL,50.6333,-2.2333
GBLWC,50.6667,-2.2167
GBLXG,51.1167,-3.4667
GBLUX,50.3833,-4.75
GBLYB,58.3,-3.2833
GBLYD,51.7167,-2.5167
GBLYR,50.7333,-2.9333
GBLNM,51.2167,-3.8167
GBLYT,51.2167,-3.8333
GBLCM,50.7333,-2.05
GBMCD,57.6667,-2.4833
GBMYW,51.6333,-3.2333
GBMGP,55.1833,-6.9667
GBMAI,55.3333,-4.7833
GBMNC,53.5,-2.2167
GBMSC,53.4833,-2.3167
GBMAW,50.8833,-1.4333
GBMRB,60.15,-1.1167
GBMYS,51.6833,0.7667
GBMED,51.6667,0.9
GBMFY,57.85,-4.1333
GBMHJ,52.0,-0.3333
GBMVG,50.2667,-4.7833
GBMYE,60.6,-1.0667
GBMDL,54.2833,-1.8
GBMID,54.5667,-1.15
GBMLF,51.7167,-5.0333
GBMFS,50.7167,-1.5833
GBMLP,55.75,-4.95
GBMHD,51.2,-3.4667
GBM89,51.7833,-2.1
GBMNS,58.9167,-3.3167
GBMON,56.7,-2.45
GBMFN,52.9333,-4.5333
GBMRS,52.95,0.9667
GBCHE,53.3,-3.2667
GBMSH,50.0833,-5.55
GBMUA,55.6,-5.6667
GBMLI,50.0333,-5.2333
GBMYL,50.1667,-5.05
GBNAI,57.5833,-3.8833
GBNEA,51.65,-3.8
GBNEF,52.9333,-4.5
GBNSN,55.7833,-4.4167
GBNSA,58.45,-6.3333
GBNBI,57.2667,-3.6333
GBNHO,53.7,-0.3667
GBNGI,54.6333,-2.1333
GBNBC,55.1667,-1.5167
GBNCS,54.2167,-5.9
GBNCY,52.0333,-4.4667
GBNCL,54.9667,-1.6
GBNWF,55.9833,-3.1833
GBNPO,50.7,-1.2833
GBNBS,55.5,-1.6667
GBNTF,50.3167,-4.0333
GBNWN,50.7,-1.4
GBNYD,51.7,-4.9333
GBNGG,57.7167,-4.0
GBNNR,52.7,-1.4333
GBNBW,56.0667,-2.7167
GBNHC,52.4333,1.7333
GBNRF,53.7167,-0.5
GBNFC,51.6167,-0.1667
GBNHS,57.8833,-6.8667
GBNTL,58.1,-6.4833
GBNOQ,56.0167,-3.4
GBNRR,60.5833,-1.3333
GBNRO,59.35,-2.4333
GBNSH,55.0,-1.4667
GBNSD,55.5667,-1.6667
GBNTZ,50.8,-3.9
GBNUI,57.6,-7.15
GBWOL,51.5,0.6667
GBNRB,57.0,-7.4
GB7TR,52.15,-2.1833
GBNCN,52.6667,-1.9667
GBOBA,56.4167,-5.4667
GBODO,58.0333,-5.4167
GBOKK,55.9167,-4.45
GBODH,53.55,-2.1167
GBORH,52.1,1.5333
GBORK,59.0667,-2.8833
GBOTR,57.6833,-7.1833
GBOBR,52.4833,1.7333
GBPAG,51.6333,0.6667
GBPPW,59.3333,-2.8833
GBPAR,50.35,-4.7167
GBPTT,53.4167,-2.4167
GBPNA,55.3667,-4.5
GBPHV,50.8,0.0
GBPMY,51.6833,-4.2667
GBPBD,52.2167,-2.9
GBPEM,51.6667,-4.9
GBPNH,51.4333,-3.1667
GBPNB,50.05,-5.6
GBPDD,51.6333,-4.0833
GBPKD,52.7333,-2.1167
GBENN,57.6667,-2.2667
GBPAE,53.2667,-4.2167
GBPER,56.4,-3.4333
GBPHD,57.5,-1.7833
GBPTC,56.0667,-3.1833
GBPKR,54.25,-0.7833
GBPIE,59.3167,-3.0
GBPI7,51.05,-2.7833
GBPWM,56.2167,-2.7333
GBPLO,57.3333,-5.65
GBPLY,50.4,-4.1167
GBPKL,53.6,-0.75
GBPOI,56.55,-5.4333
GBPLP,50.3333,-4.5333
GBPLR,50.3167,-4.6167
GBPWE,57.75,-5.6
GBPRZ,51.2,-3.4167
GBPAP,56.55,-5.4
GBPAK,55.85,-6.1167
GBPOC,54.5833,-1.2333
GBPEG,55.9833,-3.4167
GBPLN,55.6333,-6.1833
GBRTL,57.4,-1.8333
GBPGV,50.6,-4.8167
GBPGG,55.9333,-4.6833
GBISA,50.5833,-4.8167
GBPMR,56.8333,-6.2333
GBPSM,54.0667,-4.7333
GBPSE,55.9667,-2.95
GBPSU,53.3333,-2.9833
GBPTB,51.6,-3.7833
GBPWI,54.7667,-4.5833
GBPFY,54.3833,-5.55
GBPVD,55.8667,-5.3
GBPVG,54.45,-5.45
GBPBA,55.2167,-6.5333
GBPRU,51.4667,-2.7167
GBPOR,51.6167,-3.4
GBPCO,52.9,-4.6333
GBPCW,51.4833,-3.7
GBPGI,51.9333,-5.1667
GBPTG,50.0333,-5.6667
GBPLV,50.0833,-5.3167
GBPTD,52.9333,-4.1167
GBPOH,50.05,-5.0667
GBPRP,56.1,-4.85
GBPTH,51.4833,-2.7667
GBPKN,57.7,-2.8667
GBPRL,50.2167,-4.9
GBPMK,57.8333,-3.8167
GBPRN,58.4833,-6.2167
GBPNV,55.6667,-6.5
GBPNG,57.2,-6.25
GBPPK,54.85,-5.1167
GBPRJ,50.2667,-5.3
GBPSC,50.1833,-4.9833
GBPKA,58.5667,-3.9167
GBPSY,57.6833,-2.6833
GBPSW,55.1833,-6.7167
GBGL9,51.7,-1.85
GBPBM,53.3667,-3.0333
GBPRE,53.75,-2.7167
GBPWL,52.8833,-4.4167
GBQDL,51.8167,-2.2833
GBRMB,53.6333,-2.3167
GBRAP,59.2667,-2.8667
GBRGL,54.35,-3.4
GBRBD,53.6667,-0.9333
GBRDN,51.45,-0.9667
GBREA,58.55,-3.7833
GBRED,55.0667,-6.0167
GBRER,54.6,-1.05
GBREB,51.4667,-2.7833
GBRDS,53.4333,-2.15
GBREM,52.55,1.5667
GBRPH,53.2333,-3.0
GBREJ,50.35,-5.0833
GBREN,55.8833,-4.4
GBRNE,53.2333,-4.5167
GBRHS,53.3,-3.75
GBRHU,56.0167,-4.7667
GBRCB,57.8833,-5.3833
GBRHB,55.9167,-5.1333
GBRIC,51.2833,1.3333
GBRRD,50.3333,-3.55
GBRVF,50.4,-4.5833
GBRBB,54.4,-0.4833
GBROC,50.5333,-4.9
GBRFR,53.3667,-3.0
GBRTY,57.7,-2.1
GBRME,57.6,-4.1167
GBRSH,56.0167,-4.8167
GBRDA,53.6833,-2.25
GBROR,54.1,-6.2
GBROY,56.0333,-3.4333
GBRTH,53.4333,-1.35
GBRAY,55.8833,-5.15
GBROU,59.1333,-2.9667
GBRUM,49.9833,-5.1833
GBRDH,57.6333,-5.8167
GBRUN,53.3333,-2.75
GBRYD,50.7333,-1.1667
GBABJ,55.9,-2.1333
GBTBR,49.2,-2.2
GBCNP,50.5667,-1.3
GBSCM,57.6667,-1.9167
GBSVS,51.8833,-5.2667
GBTLE,50.6833,-1.1
GBSHY,53.45,-2.7333
GBSJU,50.1,-5.6833
GBSKV,50.05,-5.1
GBLDS,50.85,0.5667
GBSMH,58.8333,-2.9667
GBSMA,51.0167,0.9667
GBSMV,50.15,-5.0167
GBSMM,50.1167,-5.4667
GBSNV,50.55,-4.8667
GBSMC,56.2167,-2.7667
GBSTQ,55.4833,-4.5667
GBSMP,50.3667,-4.65
GBASA,53.75,-3.05
GBSCB,50.2333,-3.7833
GBAEN,56.7,-5.7833
GBSFY,53.4833,-2.2667
GBSED,53.7333,-0.2333
GBSLC,55.6167,-4.8
GBSTH,52.9333,1.1
GBSAD,50.8167,-3.6667
GBSPI,57.6833,-2.0333
GBSNK,60.3,-1.65
GBSDO,50.65,-1.15
GBSDW,51.2667,1.35
GBSWC,59.9833,-1.25
GBSAU,51.7,-4.7167
GBSCG,56.0667,-6.1667
GBSCC,57.8667,-6.6833
GBSCF,58.9667,-2.9833
GBSF5,53.35,-1.4333
GBSFK,58.65,-3.2667
GBSCN,56.5167,-6.8167
GBSCO,57.3,-6.1167
GBRIE,58.35,-5.15
GBSCP,53.5833,-0.65
GBSFR,50.7667,0.1
GBSEF,53.4667,-3.0167
GBSHU,55.5833,-1.6667
GBXSS,54.6333,-1.1333
GBEON,50.7167,-3.0833
GBSVW,50.6833,-1.3
GBSLB,53.7833,-1.0667
GBSSY,50.7333,-0.8
GBSNC,50.0667,-5.7
GBSHN,56.05,-4.8
GBSAI,50.6167,-1.1833
GBSPY,59.05,-2.85
GBSEZ,53.15,-1.8333
GBSHE,53.3667,-1.5
GBSDQ,52.45,-1.7667
GBSGM,52.9333,1.2
GBTLD,60.346957,-1.23566
GBSHX,57.5167,-5.6333
GBIFN,52.6667,-2.3667
GBSYL,58.0833,-4.4667
GBEEN,52.25,-2.8667
GBSHO,51.3167,0.1833
GBESH,50.8333,-0.2667
GBOHT,55.8167,-3.7833
GBSES,50.7833,-0.7833
GBSDM,50.6833,-3.25
GBSVT,51.5,0.0333
GBSMW,53.5,-2.8667
GBSZB,52.2,1.6167
GBSKE,53.15,0.3333
GBSKZ,60.1667,-1.4333
GBSKR,58.5333,-4.3
GBATS,57.05,-5.9
GBSJJ,52.45,-1.8167
GBSZT,57.4833,-6.3167
GBSLV,51.8667,-5.1833
GBSPT,50.8167,-0.35
GBLUI,56.2667,-5.6333
GBTRS,58.0167,-6.35
GBSHG,50.7833,-0.9667
GBOTC,58.1,-6.4833
GBSOQ,55.9833,-3.4
GBSRY,58.7333,-2.9667
GBSSH,54.9833,-1.4167
GBUTS,57.35,-5.5333
GBSEC,55.3167,-5.6333
GBSAA,51.5333,0.7
GBSRT,53.65,-3.0
GBSHK,50.8333,-0.2333
GBSPQ,51.6167,-4.9
GBSTZ,54.55,-0.8
GBSOW,52.5833,-2.3
GBTED,52.1,0.6833
GBSBA,51.6333,0.1667
GBSXE,58.4333,-3.0333
GBST2,52.4833,-1.8
GBSYY,51.7167,-5.0167
GBSCH,57.8,-6.1667
GBSCT,52.25,-2.7
GBSTT,54.5667,-1.3167
GBSOT,53.0,-2.1833
GBSVN,56.9667,-2.2167
GBSTO,58.2167,-6.3667
GBSYR,53.7833,-1.5333
GBSBI,52.6333,0.3667
GBSJL,54.3667,-5.5667
GBSRH,57.1667,-6.05
GBHTA,51.4167,-1.1333
GBSRZ,50.3167,-3.6333
GBSOA,58.6833,-3.1167
GBURT,53.3,-0.65
GBSMU,50.35,-4.9667
GBSUN,54.9,-1.3833
GBPSB,52.7667,0.1833
GBSWE,50.6167,-1.9667
GBSWA,51.6333,-3.9667
GBSWN,53.5,-2.35
GBTAD,50.9333,-4.15
GBTEZ,53.2,-3.7833
GBTLN,58.5333,-4.4167
GBTAM,53.4833,-2.0833
GBTAR,55.8667,-5.4167
GBTAB,57.9,-6.8
GBTAI,55.65,-5.65
GBTLI,56.0167,-5.6167
GBTEE,54.5833,-1.15
GBTNM,50.55,-3.4667
GBENB,52.3,-2.5833
GBTEN,51.6667,-4.7167
GBRIG,51.8833,-1.1
GBTTL,53.4833,0.0167
GBKHA,50.9333,-0.4167
GBFTI,52.7667,-1.4833
GBTRL,53.35,-1.7
GBNLE,54.75,-1.4333
GBTPB,51.8833,0.75
GBNSS,52.1667,1.6167
GBRSL,51.55,0.5833
GBFUU,53.5333,-1.3
GBTHR,58.5833,-3.5167
GBTIG,55.9,-5.2333
GBTFO,51.1833,-0.75
GBTNG,59.0833,-3.05
GBTVD,52.5167,-2.0667
GBTOB,56.6333,-6.0833
GBTBN,56.2,-5.6167
GBTHM,50.6833,-3.45
GBTBY,50.45,-3.5667
GBTPO,50.3833,-4.2167
GBTOR,50.45,-3.5
GBTRD,57.5333,-5.5167
GBTRA,53.3667,-3.0167
GBTRR,53.2833,-4.6167
GBTFR,51.5833,-3.3167
GBTRO,53.0,-4.4
GBTSO,49.95,-6.3333
GBTRN,55.55,-4.65
GBTDI,52.9,-4.6
GBTYD,51.8833,-5.25
GBTYM,55.0167,-1.4333
GBULS,60.5,-1.1667
GBULF,56.4833,-6.1333
GBUPH,53.5333,-2.7167
GBUPR,51.4,0.5167
GBUFY,51.1833,-0.9167
GBUPI,52.5833,-0.7167
GBUYE,60.7,-0.9167
GBVEN,50.6,-1.2
GBVID,60.3667,-1.1333
GBVOE,60.35,-1.25
GBWAB,50.5167,-4.8333
GBWFD,53.7,-1.4833
GBWLK,54.9833,-1.55
GBQGT,52.1833,-1.5833
GBWTW,54.9833,-1.5333
GBWGW,52.4167,-1.4333
GBWNZ,51.8667,1.2667
GBWRE,53.1167,-2.5833
GBWRH,50.6833,-2.1167
GBWKO,55.35,-1.6
GBWRN,53.3833,-2.6
GBWFT,55.0667,-6.0667
GBWNS,52.95,-0.8333
GBWBY,51.55,-0.2833
GBWMB,55.8833,-4.9
GBWAX,54.6333,-1.7333
GBWYX,50.7,-2.75
GBWBF,60.3,-1.5333
GBCWH,50.9333,-0.45
GBWGD,50.9667,-0.3333
GBARP,51.3,-2.6167
GBWRB,55.85,-5.4333
GBWMS,51.7833,0.9167
GBWWE,56.1333,-3.0833
GBWYS,51.8167,-2.4167
GBWTE,51.5,-2.4167
GBWXW,54.7333,-2.1333
GBWSP,53.3167,-2.75
GBWSM,51.35,-2.9667
GBZOY,51.1,-2.9167
GBRWS,52.25,1.1167
GBWNL,57.3833,-1.8667
GBWTB,54.4833,-0.6167
GBWCB,50.6833,-2.4
GBWHL,59.1333,-2.6167
GBWHE,54.75,-5.7
GBHTS,57.6667,-2.5667
GBYNT,52.1167,-3.0833
GBWKM,50.9,-1.1833
GBWDN,53.35,-2.7333
GBWGN,53.5333,-2.6167
GBESD,51.5333,-0.2333
GBWL2,52.3167,0.6667
GBINT,54.1333,-0.65
GBWEX,53.7333,0.3333
GBWOT,50.8167,-0.3833
GBWYC,52.2833,-2.1
GBWYK,50.5833,-2.4833
GBWYR,59.1333,-2.9667
GBYAP,50.8,-0.6
GBYMO,50.7,-1.5
GBFXT,51.95,1.35
GBSOU,50.9,-1.4
GBABV,52.533,-4.05
GBACA,54.733,-5.783
GBADK,54.417,-5.517
GBANA,57.25,0.8
GBARH,52.83333,-4.5
GBBBN,53.6,-6.167
GBBDB,53.5,-0.133
GBBFS,54.98333,-5.91667
GBBIK,52.85,1.067
GBBLY,55.126957,-1.510277
GBBMC,57.283,-5.617
GBBMU,52.717,-4.05
GBBPE,51.717,-4.75
GBBRN,53.78944,-2.240429
GBBRS,51.454513,-2.58791
GBBRW,51.128261,-3.003387
GBBSH,50.82253,-0.137163
GBBSS,54.433,-3.517
GBBZR,49.95,-6.35
GBCFM,50.783,-2.033
GBCGB,55.883,-2.167
GBCHR,53.054516,-2.636534
GBCOY,51.525244,-3.239561
GBCRZ,55.25,-7.26667
GBCSU,53.4,-2.45
GBCUJ,54.5,-3.25
GBDBG,55.633,-6.1
GBDDT,57.5,-0.083
GBDER,52.683,0.933
GBDOS,51.7,-5.15
GBDRH,54.6836384,-1.8201775
GBDTE,51.885644,-0.52039
GBDTF,57.467,-6.683
GBDUM,55.070859,-3.60512
GBDVR,51.1278758,1.3134027
GBDWI,56.936604,-4.242783
GBDXY,52.918987,-1.479718
GBEIL,54.217,-2.8
GBELL,53.279812,-2.897404
GBEME,51.7,1.1
GBEWL,52.236507,0.91232
GBFAL,50.152571,-5.06627
GBFEI,52.9,1.267
GBFOI,58.25,-4.983
GBFRW,50.667,-1.517
GBGAI,53.400575,-0.774465
GBGNC,54.033,-6.1
GBGNQ,52.867,0.983
GBGVS,51.441884,0.370759
GBHDN,53.705,-2.328
GBHDS,51.767,1.133
GBHLY,53.309441,-4.633038
GBHRL,51.768473,0.088359
GBHRW,51.934731,1.260297
GBHTG,50.854259,0.573453
GBHWV,55.8,-4.55
GBHYM,54.04199,-2.894475
GBHYR,51.717,0.7
GBIOM,54.25,-4.5
GBIPS,52.057389,1.148671
GBIVR,56.233,-5.067
GBJER,49.2137765,-2.1357665
GBJHW,53.233,-0.317
GBKKN,55.383,-4.0
GBLAN,54.046575,-2.8007399
GBLAO,51.633,-3.917
GBLAX,60.3536975,-1.197488
GBLBH,59.083,-2.533
GBLCC,57.333,-7.25
GBLEA,52.898446,-1.269778
GBLHT,53.53428,-2.424937
GBLNG,51.938106,-3.882859
GBLRG,58.033,-4.4
GBLTD,50.217,-3.783
GBMCL,53.259864,-2.118796
GBMDW,53.192565,-2.443833
GBMMR,56.083,-3.317
GBMRR,53.35,-4.233
GBMYN,55.017,-7.25
GBNET,51.65,-3.83333
GBNMY,50.817,0.383
GBNOT,54.117,-0.767
GBNPT,51.58535,-2.998021
GBNRM,52.822699,1.3859729
GBNRW,52.632047,1.29781
GBNRY,54.1751024,-6.3402299
GBNTG,52.9547832,-1.1581086
GBNWK,53.0765,-0.81
GBOGH,53.717,-0.583
GBOOT,53.283,-2.95
GBPAT,51.5,-0.183
GBPDL,51.717,-4.083
GBPED,51.691894,-4.943763
GBPFT,51.48708,0.243322
GBPGD,57.667,-3.017
GBPHL,52.88333,-4.41667
GBPME,50.8197675,-1.0879769
GBPNE,50.167,-5.667
GBPOG,54.7,-4.95
GBPOO,50.717195,-1.977043
GBPPG,52.967,-2.383
GBPTL,50.54511,-2.4352604
GBQUB,51.4172853,0.7470207
GBREV,56.267,-6.767
GBRFD,51.582071,0.706515
GBRLG,53.533,-3.317
GBRLW,58.267,-6.767
GBRMG,51.335545,1.419895
GBRYE,50.949708,0.73726
GBRYL,51.583,-4.183
GBSAV,52.192813,-1.707853
GBSCR,58.6166,-3.55
GBSDS,58.567,-3.783
GBSFU,57.5,-2.05
GBSGP,58.833,-2.95
GBSHS,51.4411,0.742441
GBSHV,51.5129942,0.512383
GBSID,52.15,1.5
GBSJY,50.633,-1.933
GBSRC,57.433,-5.417
GBSRI,50.95,-2.367
GBSRQ,54.867,-3.6
GBSSK,55.517,-5.3
GBSVI,51.117,0.9
GBSWD,52.325628,1.680181
GBSYZ,53.23333,-4.51667
GBSZC,50.25,-5.017
GBTGU,58.467,-4.417
GBTHP,51.4351,0.699007
GBTHS,51.5089329,0.5061443
GBTHT,57.067,-7.267
GBTIL,51.463024,0.360498
GBTND,51.717,-1.417
GBTYN,55.0,-1.433
GBUCN,57.9,0.033
GBWAF,51.656408,-0.390069
GBWEY,50.6144279,-2.457621
GBWIS,52.666317,0.158797
GBWLG,58.333,-3.183
GBWND,52.2,-2.167
GBWOR,54.643569,-3.542752
GBYOS,50.933,0.95
GBYRK,53.9599651,-1.0872979
GGACI,49.6833,-2.2
GGGCI,49.4333,-2.5833
GGSPT,49.45,-2.55
GRACL,38.8833,22.8167
GRAGN,37.45,26.9667
GRAEF,38.3,20.6
GRPIL,35.0833,24.6833
GRAGM,38.9,22.5833
GRGMA,38.1833,24.0667
GRAPE,36.3333,22.9833
GRAGT,37.9167,23.1167
GRAGK,39.6833,22.8833
GRAOR,38.9333,23.0333
GRAGO,39.5333,24.9833
GRAGE,38.8333,22.8833
GRAKI,37.6167,26.3
GRAKO,38.75,22.8667
GRANI,35.1833,25.7167
GRASF,39.7667,19.95
GRAGG,37.7167,23.35
GRANL,39.0833,23.7
GRAGA,39.3333,23.0
GRAIG,36.9,25.9667
GRAEN,38.25,22.0833
GRAKT,38.95,20.75
GRAXD,40.85,25.8667
GRAIO,37.9167,23.7167
GRLVR,38.4,24.05
GRALO,39.15,23.8667
GRATS,35.1667,25.8833
GRAPL,39.1667,22.8833
GRAMF,38.8667,21.1667
GRAMI,40.3333,23.9167
GRANA,36.35,25.7667
GRANT,38.3333,21.7667
GRAND,37.8333,24.9333
GRATK,38.3833,22.6333
GRANP,37.0333,25.0833
GRARM,38.1833,20.4833
GRARD,37.3833,26.7333
GRARK,38.75,23.0333
GRTEM,37.9667,24.0
GRASS,38.0667,23.5833
GRAPV,40.7167,23.7
GRSOS,38.3833,20.5333
GRAST,38.5333,21.0833
GRARS,37.4,22.7167
GRJTY,36.55,26.35
GRATA,38.65,23.0
GRATL,35.0,26.1333
GRAVA,38.4,23.6
GRCLK,38.4667,23.5833
GRCHQ,35.5167,24.0167
GRJKH,38.3667,26.1333
GRDAF,40.2167,24.2167
GRDOS,37.4,25.2667
GRDON,37.1,25.8
GRDPA,37.95,23.6167
GREDI,38.8667,23.0333
GREGI,40.4833,22.5833
GRXZX,40.3333,23.1667
GRELT,40.85,24.3167
GREEU,38.0333,23.5333
GRFLS,38.0333,23.5333
GREPI,37.6333,23.15
GRETK,38.3667,22.2333
GRERE,38.4,23.8
GRERM,37.3833,23.25
GRERY,38.2167,23.3167
GREYD,37.6333,26.1833
GRFIS,38.45,20.5667
GRFOL,36.6167,24.95
GRFOU,37.5,26.5
GRGAL,37.5,23.45
GRGAD,34.85,24.1167
GRGAV,37.8833,24.7333
GRGLO,39.1667,23.6167
GRGLY,38.95,22.9667
GRGFD,37.8667,23.75
GRGYT,36.7667,22.5667
GRHAL,36.2167,27.6
GRHRK,36.8667,25.4667
GRHER,35.3333,25.1667
GRHYD,37.35,23.4667
GRIER,35.0,25.7333
GRIES,40.3833,23.8833
GRIGO,39.5,20.2667
GRINO,38.5167,26.2167
GRIOS,36.7167,25.2667
GRITM,37.9167,23.0
GRITA,38.4333,22.4167
GRITH,38.3667,20.7167
GRKLM,37.9167,23.0167
GRKLX,37.0333,22.1167
GRKAI,38.6167,20.9167
GRKLD,36.1167,28.0667
GRKLL,34.9333,24.8
GRKMI,36.95,26.9833
GRKSK,36.2667,27.8167
GRKAP,36.15,23.0
GRKRM,36.7833,27.15
GRKDM,38.5333,26.1
GRKAG,37.5167,26.0167
GRAOK,35.5,27.2333
GRKST,38.0167,24.4167
GRKSJ,35.4167,26.9167
GRKIS,35.5167,23.6333
GRKAS,36.15,29.6
GRKSI,38.5667,20.9167
GRKAK,37.65,21.3167
GRKTP,36.8333,25.8667
GRKEI,40.2667,22.5
GRKAH,38.15,21.55
GRKVA,40.9333,24.4
GRKEA,37.65,24.3167
GRKEF,36.7333,26.9667
GRKER,40.8667,24.7
GRKTS,37.9667,23.6
GRCFU,39.6167,19.9167
GRCSF,35.2,24.1333
GRKIO,38.0,22.75
GRKYM,38.8,23.5167
GRKIM,38.6333,24.1
GRKMS,36.7833,24.5833
GRKLI,39.1333,23.65
GRKIN,37.4167,23.1333
GRKPS,40.6333,22.1167
GRKRT,37.9333,22.9167
GRKGS,36.8667,27.25
GRKEM,37.3,23.1667
GRKOF,36.9333,25.6
GRKYL,37.9333,21.15
GRKYT,37.3833,24.4
GRPTL,41.0167,25.1167
GRPKK,37.1333,26.85
GRLAR,36.0667,28.0333
GRLRY,38.5667,23.2833
GRLAV,37.7167,24.0667
GRLEV,38.8333,20.7
GRLFK,39.4167,20.1
GRLND,37.15,22.9
GRLRS,37.1833,26.8
GRLII,38.7667,23.3167
GRLIA,38.85,24.5333
GRLDR,36.1,28.0833
GRLIN,35.35,25.05
GRLIP,37.2833,26.7667
GRLIX,38.2,20.4333
GRM8L,39.8167,22.0833
GRMGL,38.0833,23.5167
GRMSA,38.65,23.2333
GRMKP,37.7,26.7
GRMRM,38.05,24.3167
GRMTR,39.7833,19.5167
GRMEG,37.15,24.4167
GRMGN,38.6667,20.75
GRMEN,39.0333,21.1167
GRMEL,38.3667,21.4333
GRMHI,38.2833,25.9333
GRMEA,37.5833,23.55
GRMET,36.8167,21.7167
GRMYR,39.8667,25.0667
GRMOL,39.3667,26.15
GRMON,36.6833,23.05
GRMVO,40.3,24.2
GRMDR,39.8667,25.2667
GRMOU,37.0833,25.5833
GRJMK,37.45,25.3333
GRMYL,38.3833,24.0667
GRMRS,36.9833,26.9167
GRMJT,39.1,26.55
GRNAF,37.5667,22.8
GRNPK,38.4,21.8333
GRJNX,37.1,25.3833
GRNAR,38.5167,23.6333
GRNKA,40.3167,23.0667
GRNKV,40.9667,24.5167
GRNMA,40.2333,23.2833
GRNPY,40.2667,23.2
GRNST,38.1833,24.2
GRNEA,36.5,23.0667
GRKAR,37.8,26.6833
GRNID,38.7,20.7167
GRNIS,36.6167,27.1333
GROIK,36.4667,25.3833
GRORE,38.95,23.0833
GRPNT,37.65,25.05
GRORO,38.3167,23.7833
GROTH,39.85,19.4
GROUR,40.3167,23.9833
GRPME,37.9667,23.35
GRPEP,37.6333,23.15
GRPFA,37.7167,23.95
GRPSF,35.2,24.1333
GRPAO,37.9667,23.5333
GRPAR,39.2833,20.4
GRPAS,37.0833,25.15
GRPMS,37.3167,26.55
GRGPA,38.2333,21.7167
GRPAX,39.2,20.1833
GRPEL,38.95,22.8333
GRPER,37.9667,23.55
GRPRR,40.5,22.9
GRPLV,39.3333,26.1833
GRPSE,36.9333,27.1333
GRPIR,37.9333,23.6167
GRPIT,36.6833,22.8333
GRALG,35.1833,24.3833
GRP5T,40.6333,22.5333
GRPLM,38.9833,26.3667
GRPTK,38.5833,23.55
GRVTH,37.75,26.9833
GRDSD,41.1833,23.9667
GRPRO,40.95,24.0
GRPSA,38.5833,23.6333
GRPAA,38.5333,25.5667
GRPLI,39.45978,21.6225718
GRPYL,36.9,21.6833
GRPYT,37.7,26.95
GRRET,35.3667,24.4667
GRRIZ,36.2333,22.95
GRSAL,37.9667,23.4833
GRSAI,38.25,20.65
GRSAM,40.4833,25.5167
GRZAQ,37.1562778,24.4886232
GRSER,37.15,24.5
GRSGI,39.2167,25.85
GRSII,36.7,25.1167
GRJSH,35.2,26.1167
GRSKD,37.7,21.3333
GRSKM,39.6167,20.1833
GRSKA,38.0,23.5833
GRJSI,39.1667,23.4833
GRSKU,38.9,24.5667
GRSOI,36.3667,28.0
GRSDH,35.5167,24.1333
GRSFN,41.2,26.3167
GRSOU,37.9167,23.05
GRSPE,37.2667,23.15
GRSYS,38.9167,22.6167
GRSYM,36.6,27.8333
GRSYV,39.4,20.2333
GRTVR,37.9667,23.6833
GRSKG,40.6333,22.95
GRJTR,36.4167,25.4333
GRTRS,36.4333,25.35
GRTHP,38.2167,22.95
GRTIL,36.4167,27.3667
GRTIN,37.5333,25.1667
GRTSI,39.1667,22.85
GRVOL,39.3667,22.95
GRVOM,36.75,24.5333
GRVLM,37.8167,23.7833
GRVRI,38.5667,23.6
GRXKB,36.9667,22.45
GRYER,40.2833,23.45
GRZTH,37.7833,20.9
GRADL,36.717,24.433
GRAEG,37.733,23.417
GRAGF,38.333,22.15
GRAID,38.85,23.033
GRAKH,39.0,22.967
GRAKM,39.083,23.067
GRAML,37.15,26.85
GRAMR,37.733,23.533
GRAOS,38.016379,23.876241
GRAPY,38.03333,23.58333
GRARX,38.2,21.383
GRATH,37.98333,23.73333
GRATN,36.383,25.417
GRCRG,37.9386365,22.9322383
GRDIK,36.267,23.083
GRDMB,38.217,22.95
GRDRE,38.333,21.85
GREFL,38.16667,20.48333
GRELE,38.03333,23.53333
GRELN,36.517,22.983
GRERK,39.867,19.567
GRFAM,37.283,27.083
GRFNR,37.983,23.417
GRGLX,38.383,22.383
GRHEC,35.3387352,25.1442126
GRIXE,38.0412852,23.5417553
GRKAT,38.41667,21.25
GRKIP,37.25,21.667
GRKLS,34.93333,24.81667
GRKNS,39.833,25.15
GRKRE,36.983,24.667
GRKSP,39.783,19.917
GRLEF,38.417,23.683
GRLTR,35.2,24.083
GRMAG,38.08333,23.51667
GRMXK,36.85,27.067
GRMYB,38.35,20.533
GRNAS,37.117,25.233
GRPCH,35.217,23.667
GRPEB,38.267,20.367
GRPEK,39.0,23.2
GRPGM,39.033,26.5
GRPIA,39.133,23.267
GRPIS,38.35,20.683
GRPLG,38.467,21.1
GRPOA,35.883,23.283
GRPPI,40.75,24.567
GRPRE,38.4,24.183
GRPSK,38.1,20.583
GRPTE,39.033,22.983
GRPTI,39.45,20.283
GRPYV,39.0,23.217
GRREV,37.95,23.383
GRROU,35.233,23.967
GRSAT,38.467,20.667
GRSGR,39.217,25.833
GRSGT,39.633,20.183
GRSHC,36.867,25.5
GRSHI,37.9,20.7
GRSIF,36.96667,24.71667
GRSLA,37.767,23.483
GRSOG,35.2,23.8
GRSTN,38.35,22.683
GRTHM,37.583,26.45
GRTLA,37.517,22.85
GRTRK,39.083,23.067
GRTRY,40.367,23.917
GRVAB,36.5,23.033
GRVLC,38.467,25.917
GRVSS,38.617,20.583
GRYAL,38.85,22.983
HRALJ,45.5333,18.95
HRATL,45.3167,13.55
HRBAK,45.3,14.5167
HRBAS,44.9667,14.75
HRBAT,45.8667,18.8667
HRBLC,45.7,18.4167
HRBNM,43.9333,15.45
HRBLE,43.0167,17.4833
HRBOL,43.2667,16.65
HRBOR,45.3667,18.9667
HRBZA,44.1333,14.9
HRBRB,44.0833,15.0
HRBRI,44.9,13.75
HRCVT,42.5667,18.2167
HRCRS,44.95,14.4
HRCRA,45.1833,14.7
HRDLJ,45.4833,18.9833
HRDNC,42.6833,18.0
HRDRK,43.15,16.25
HRDBV,42.65,18.0833
HRRES,45.4167,15.4833
HRDUR,43.4333,16.6333
HRERD,45.5333,19.0667
HRFNA,44.9333,13.7333
HRN9F,45.5167,17.9667
HRGNA,44.1,15.2667
HRHVA,43.1667,16.4333
HRILO,45.2167,19.3667
HRIST,44.2667,14.7667
HRJAB,44.7167,14.9
HRJDR,43.7167,15.85
HRJSA,43.1667,16.7
HRKPR,43.6833,15.7167
HRKAB,44.5167,15.0667
HRKJV,44.0,16.35
HRKLK,42.95,17.5667
HRKMN,45.15,14.6333
HRKMZ,43.0333,16.0833
HRKOR,42.95,17.1167
HRKRM,44.9667,14.1167
HRKOS,45.3,14.5
HRKRA,45.2667,14.5667
HRKRK,45.0333,14.5833
HRLAM,44.0333,15.2
HRLST,42.7667,16.9
HRLKR,42.6167,18.1333
HRLPR,44.8333,14.8
HRLPD,42.6833,17.95
HRMAK,43.3,17.0167
HRLSZ,44.5333,14.4667
HRMAL,45.1167,14.5333
HRMTA,44.8167,14.4167
HRMAS,44.2167,15.5333
HRMRG,44.9833,14.45
HRMET,43.05,17.6333
HRMIL,43.3167,16.45
HRMNK,44.7,14.8667
HRMHV,45.25,19.2167
HRMOM,45.4333,13.7
HRMOD,45.2333,14.25
HRMRJ,43.6667,15.6667
HRMUR,43.8167,15.6
HRNRZ,44.6667,14.4
HRNVL,44.55,14.8833
HRNVD,45.1333,14.7833
HRNVG,45.3,13.55
HRNDD,44.1833,15.55
HRONJ,43.6833,15.7833
HROMS,43.45,16.7
HROMI,45.2167,14.55
HROPA,45.3333,14.3
HROPT,45.2667,19.1667
HRORB,42.9667,17.1833
HROSI,45.55,18.6833
HRPAG,44.4333,15.05
HRPLE,43.05,17.4333
HRPLM,45.1333,14.1667
HRPLA,42.7833,17.3833
HRPMN,42.7833,17.35
HRPOR,45.2167,13.5833
HRPRZ,45.1333,14.1333
HRPRP,42.8167,17.6833
HRPRE,44.0833,15.2
HRPRI,43.5833,15.9333
HRPVK,44.2667,15.1167
HRPRN,44.6,14.9667
HRPRV,43.7167,15.8
HRPRS,43.7333,15.7833
HRPCA,43.3667,16.75
HRPUY,44.8667,13.8333
HRPNT,45.0167,14.6333
HRRAB,44.75,14.75
HRRBC,45.0833,14.1667
HRRAS,45.0667,14.0667
HRRJK,45.3333,14.4
HRRGC,43.4,16.3
HRRGN,43.5333,15.9667
HRROV,45.0833,13.6333
HRRVC,45.7333,16.2333
HRSAL,43.9333,15.1667
HRSRG,45.2333,19.2833
HRSLC,45.15,14.7167
HRSEN,44.9833,14.9
HRSIB,43.7333,15.8833
HRSIL,44.3667,14.7
HRSLO,45.15,14.6667
HRSIS,45.4667,16.3667
HRSRD,43.8167,15.9167
HRSLA,42.7833,17.9
HRSLT,43.5,16.35
HRSBD,45.15,18.0
HRSBR,42.75,17.6167
HRSPU,43.5,16.45
HRSGD,43.1833,16.6
HRSGR,44.3,15.4333
HRSTM,43.3667,16.35
HRSTO,42.8333,17.7
HRSUR,43.55,16.4167
HRSUC,43.1167,17.1833
HRSDR,42.7167,17.9167
HRSMN,43.2833,16.8833
HRSUP,43.3833,16.55
HRSSK,44.5167,14.3
HRSUS,45.4833,14.3167
HRSTP,42.6667,18.1
HRSVJ,44.9333,14.9167
HRSVK,43.5333,16.45
HRTNO,43.8,15.65
HRTKN,43.9167,15.45
HRTRI,43.75,15.75
HRTRO,43.5,16.25
HRTRJ,43.0167,17.2667
HRTRK,42.9167,17.4167
HRTNR,44.9667,14.1
HRUBL,42.75,16.8333
HRUMG,45.4167,13.5167
HRUNJ,44.6333,14.2333
HRVLB,45.0333,14.5
HRVLK,42.95,16.7167
HRVLN,44.5167,14.5
HR9SA,45.7333,16.0167
HRVGN,42.9833,17.1
HRVIS,43.05,16.1667
HRVDC,43.7667,15.7667
HRVRA,43.5333,16.4667
HRVRK,45.0833,14.6833
HRVRS,43.1833,16.6833
HRVRG,43.8667,15.5
HRVRR,45.15,13.6
HRVUK,45.35,19.0
HRZAD,44.1167,15.2333
HRZGL,44.5833,14.95
HRZLR,43.7,15.8333
HRBRV,45.417,18.983
HRDAL,44.05,15.3
HRFIL,43.967,15.417
HRKAL,44.067,15.2
HRKUK,44.033,15.25
HRKZA,42.967,17.05
HRMIZ,44.033,15.133
HRNOV,44.55,14.883
HRPAS,43.95,15.383
HRSPL,43.367,16.6
HRSUT,43.383,16.483
HRTUR,43.967,15.4
HRUVM,43.883,15.15
HRVIZ,44.05,15.117
HRVRN,43.53333,16.46667
HRZUT,43.883,15.283
HUADY,47.1167,18.8667
HUAFU,47.7,18.2667
HUALS,46.9833,17.9833
HUASZ,48.0667,20.8833
HUAKT,47.8333,20.4167
HUBRS,46.8,17.5333
HUBZO,46.8333,17.8333
HUBDA,48.1667,18.1333
HUBZE,46.2,17.15
HUBUD,47.5,19.0833
HUCPE,47.4167,19.0667
HUCMR,47.55,19.2333
HUDPA,46.6167,18.9833
HUDRE,47.8833,17.4333
HUDUU,46.9667,18.9333
HUDVE,46.9167,18.9667
HUERD,48.2667,21.3667
HUOOD,47.7,19.1333
HUGNY,47.7333,17.8333
HUGYO,47.6833,17.6333
HUHAL,47.3667,18.9833
HUHRT,46.6833,19.0167
HUHYF,47.35,16.8833
HUJKZ,47.6333,19.9667
HUKCO,46.5167,19.0
HUKAR,47.3,20.9167
HUKKU,46.85,17.5667
HUKIA,48.2167,22.0667
HUKOM,47.7333,18.1167
HUKOR,47.0167,16.6
HULAB,47.75,18.5167
HULMY,47.4667,19.05
HUMTY,46.4833,20.2167
HUMKN,46.2167,18.4667
HUMOH,46.0,18.6833
HUNZA,46.6167,17.1167
HUNSZ,47.7167,18.35
HUPAL,46.6333,19.9333
HURSP,48.3167,21.5667
HUSZD,47.7,19.05
HUPES,47.2667,18.9833
HUSZM,47.35,19.05
HUTAC,47.0833,18.4
HUTHT,47.75,19.1
HUTOJ,48.1167,21.4167
HUUPS,47.5667,19.0833
HUVIG,47.8,18.9667
HUZTK,48.1167,17.4167
HUZSI,47.4333,16.6667
HUDOG,47.71667,18.73333
HUEBS,47.467,21.5
HUFVS,47.467,19.083
HUNGB,46.3957444,17.5092762
IEARD,51.95,-7.7167
IEBBG,53.6167,-6.1833
IEBLL,54.1167,-9.1667
IEBNA,52.8,-8.4333
IEBNG,54.1333,-9.7333
IEBYT,51.6833,-9.45
IEBHT,53.3833,-6.3667
IEBUR,54.9833,-8.4333
IECHE,51.95,-10.2167
IECRS,52.3333,-7.4
IECFI,54.8,-7.6
IECTB,51.65,-9.9167
IECLC,52.8167,-8.95
IECLG,53.7833,-6.2333
IEFGY,53.3833,-6.1833
IEDMF,53.7167,-6.3333
IEDPP,53.7210961,-6.3212355
IEDFT,53.3167,-6.2333
IEDFA,53.3167,-6.1833
IEDFB,53.3167,-6.2
IEDFC,53.3167,-6.2333
IEMTL,53.3333,-6.2333
IEDLG,53.3,-6.1333
IEDCN,52.2167,-6.9833
IEDFY,55.1833,-7.9667
IEDGV,52.5833,-7.0833
IEEKY,54.2833,-8.9667
IEDWE,52.9333,-9.2833
IEESB,53.3333,-6.1833
IEFEN,52.2667,-9.8667
IEFTD,52.2,-6.8333
IEFIN,54.5,-7.3167
IEFPD,53.7167,-6.35
IEFRW,51.8833,-8.4333
IEGGA,51.75,-9.55
IEGRT,55.1167,-8.1333
IEGRE,55.2,-6.9833
IERRR,52.2333,-8.4167
IEMRT,55.1333,-8.1667
IEMAR,52.3833,-6.95
IEMOV,55.1833,-7.0333
IENRS,52.3833,-6.9333
IENRR,52.3833,-6.95
IENET,53.8833,-9.5333
IENAY,54.65,-5.9333
IEPAW,51.8667,-8.35
IERTN,55.0333,-7.6333
IERAT,55.1,-7.5333
IERIN,51.8333,-8.3167
IERDT,51.8333,-8.3167
IERPT,51.8333,-8.3167
IERSM,53.2667,-9.55
IERUS,51.85,-8.3167
IESNN,52.7,-8.85
IESKL,51.5167,-9.5333
IESNR,52.35,-6.9833
IETOB,53.3667,-7.65
IETRP,53.7167,-6.3
IETQY,53.717856,-6.3560985
IEWAT,52.25,-7.1
IEWCQ,52.25,-7.1
IEWGI,52.2667,-6.9833
IEACL,53.95,-9.88333
IEAGH,54.26667,-8.76667
IEALQ,53.343872,-6.2253059
IEARG,51.75,-9.88333
IEARI,53.08333,-9.56667
IEARR,55.0,-8.48333
IEATN,52.4,-8.3
IEBAR,53.25,-9.15
IEBAW,52.21667,-6.78333
IEBCE,54.28333,-9.36667
IEBCR,52.43333,-6.31667
IEBCV,51.71667,-9.95
IEBCY,53.43333,-10.08333
IEBDF,52.45,-9.66667
IEBEG,54.83333,-8.46667
IEBEL,54.23333,-10.0
IEBGC,55.3,-7.15
IEBGS,54.23333,-9.31667
IEBGY,53.567,-7.533
IEBHE,52.38333,-9.83333
IEBHK,52.25,-6.96667
IEBLD,52.55,-9.48333
IEBMW,51.68333,-8.51667
IEBOF,53.61667,-10.2
IEBTH,51.683,-9.45
IEBTM,51.4843274,-9.3661093
IEBUD,54.48333,-8.28333
IECAH,52.56667,-6.2
IECAO,53.26667,-9.61667
IECAZ,52.2,-6.35
IECBG,53.23333,-8.88333
IECGG,53.55,-10.11667
IECGY,52.26667,-10.01667
IECHN,51.8,-8.3
IECIL,53.33333,-9.83333
IECIS,53.8,-10.05
IECLD,51.75,-9.93333
IECMY,51.63333,-8.71667
IECNA,53.31667,-9.83333
IECNS,54.25,-8.43333
IECOU,52.63333,-6.21667
IECRG,52.6,-9.7
IECRM,52.11667,-9.93333
IECSW,51.65,-9.91667
IECTD,51.53333,-9.16667
IEDBR,52.13333,-7.3
IEDGN,52.08333,-7.63333
IEDKY,54.61667,-8.36667
IEDMS,51.51667,-9.75
IEDRW,54.25,-8.9
IEDRY,51.76667,-10.13333
IEDUB,53.3498053,-6.2603097
IEDWN,55.18333,-7.85
IEEFY,51.86667,-8.2
IEENS,54.21667,-9.1
IEFAN,55.28333,-7.65
IEFHR,52.2833333,-9.85
IEGAR,51.68333,-10.0
IEGGD,55.31667,-7.18333
IEGGF,51.75,-9.55
IEGLY,53.98333,-6.2
IEGOL,51.46667,-9.73333
IEGOW,52.6290523,-7.0665112
IEGWY,53.2666,-9.05
IEGYL,53.98333,-6.25
IEHEL,52.05,-7.55
IEINI,55.2,-7.3333333
IEINN,54.28333,-9.21667
IEINR,54.65,-8.28333
IEINT,53.71667,-10.08333
IEKBA,52.56667,-9.86667
IEKCH,55.03333,-8.4
IEKCN,52.23333,-10.11667
IEKDN,51.86667,-7.95
IEKKE,52.68333,-9.65
IEKLM,51.78333,-9.8
IEKLZ,53.61667,-9.83333
IELAC,52.15,-7.81667
IELBG,53.76667,-9.81667
IELET,53.23333,-9.71667
IELGY,53.55,-6.08333
IELHB,51.6,-10.03333
IELIS,52.93333,-9.38333
IELMK,52.6666,-8.6166
IEMBG,54.66667,-8.78333
IEMCH,54.65,-8.2
IEMHD,55.38333,-7.38333
IEMLG,54.46667,-8.46667
IEMMR,54.66667,-8.78333
IEMOR,53.71667,-6.28333
IEMRK,53.78333,-9.63333
IEMYG,54.41667,-8.5
IENQY,53.15,-9.08333
IEOME,54.08333,-6.26667
IEORK,51.8985143,-8.4756035
IEOYH,51.7,-8.45
IEPAS,52.23333,-6.96667
IEPON,51.65,-9.85
IEPOV,54.25,-8.73333
IEPOY,54.31667,-9.71667
IEQUI,52.81667,-9.45
IERAG,51.88333,-9.55
IERDM,52.917,-6.233
IERED,52.58333,-7.33333
IEREE,51.88333,-9.65
IEREN,51.9,-10.03333
IERMR,53.83333,-9.61667
IEROS,52.2666,-6.3833
IERSH,53.51667,-6.08333
IERST,53.4,-9.91667
IESAJ,52.7117822,-8.8783365
IESLI,54.2766103,-8.4760888
IESTH,54.38333,-8.56667
IESUU,52.35,-7.41667
IETEE,54.63333,-8.63333
IETLY,53.6,-9.96667
IEUNI,51.55,-9.15
IEURR,55.26667,-7.41667
IEVAL,51.91667,-10.35
IEWIC,53.0811,-6.39
IMCTN,54.0833,-4.65
IMDGS,54.1667,-4.4833
IMPEL,54.2167,-4.7667
IMPSM,54.0667,-4.7333
IMRAM,54.3167,-4.3833
ISASS,65.9333,-18.3667
ISBAK,66.0333,-14.8
ISBOL,66.1333,-23.25
ISBRJ,65.5333,-23.2
ISBUD,65.1167,-21.7667
ISDAL,65.9667,-18.5333
ISDJU,64.65,-14.2833
ISFEY,65.3667,-22.9333
ISGRB,64.0907747,-21.9285133
ISGRE,65.95,-18.1833
ISGRI,63.8333,-22.4333
ISHNR,63.9167,-22.6833
ISHEL,64.0333,-22.55
ISHFN,64.25,-15.2167
ISHOF,65.9,-19.4333
ISKOV,64.1,-21.9167
ISLAN,63.5308305,-20.1170353
ISLSA,64.4,-21.45
ISMOS,64.1667,-21.7167
ISOLV,64.8833,-23.7167
ISOSP,65.45,-21.4333
ISRAU,66.45,-15.95
ISRHA,65.45,-22.2
ISREY,64.15,-21.95
ISSKA,65.8333,-20.3167
ISVOG,63.9833,-22.3833
ISVPN,65.75,-14.8333
ISAKU,65.6825509,-18.0906859
ISBIL,65.6863784,-23.6006172
ISGRT,64.3603796,-21.7758052
ISHAF,64.066667,-21.933333
ISHUS,66.0449706,-17.3383442
ISISA,66.074878,-23.1250684
ISMJH,64.917,-13.95
ISRFJ,65.0354339,-14.2159929
ISSAU,65.7409444,-19.6404746
ISSTR,64.01503,-22.12969
ITAOL,40.1833,15.0167
ITACL,37.55,15.1333
ITACT,37.5667,15.1667
ITAGP,40.35,14.9833
ITALS,44.0,8.1667
ITAHO,40.55,8.3167
ITAMA,40.6333,14.6
ITAMT,39.1333,16.0667
ITAOI,43.6333,13.5
ITADA,43.95,8.15
ITGZS,42.0833,12.2667
ITANZ,41.45,12.6167
ITATX,39.9333,9.7
ITAZA,44.4,8.6833
ITATA,43.8167,7.85
ITAUG,37.2167,15.2167
ITAVO,36.9,15.1333
ITBCB,38.2833,15.8
ITBLN,40.8,14.1667
ITBAI,40.8167,14.0667
ITB8D,45.8333,8.7
ITBRI,41.1333,16.85
ITBLT,41.3167,16.2833
ITBLA,44.15,12.4667
ITBMT,39.6167,15.85
ITBNC,38.0833,16.15
ITBCE,41.2333,16.5
ITBGH,43.7667,7.6667
ITBOA,40.3,8.5
ITBVM,37.9333,15.9167
ITBMA,38.15,16.1667
ITBDS,40.6333,17.9333
ITNNE,40.3,9.6333
ITCLS,39.05,8.3667
ITGLJ,44.35,9.15
ITAOR,45.6,12.8833
ITCOQ,38.1667,14.75
ITCPA,43.05,9.8333
ITPRJ,40.55,14.2333
ITCRT,39.5,16.95
ITCML,40.75,13.8833
ITAEL,41.3333,13.9333
ITCTR,38.0167,12.8833
ITCAS,40.7,14.4833
ITCTK,40.9167,8.7167
ITATI,43.4,10.4
ITCEQ,42.7667,10.8833
ITCRQ,39.9833,18.4
ITCTA,37.5,15.1
ITCCL,43.9667,12.7333
ITCVX,42.85,10.4167
ITCEC,43.3167,10.5167
ITCFU,38.0333,14.0167
ITCEV,44.2667,12.3667
ITCNT,44.2,12.4167
ITTAA,40.65,14.7
ITCCQ,39.5167,15.9333
ITCHX,44.3167,9.3167
ITCHI,45.2333,12.2833
ITMRM,39.3667,17.1333
ITCVV,42.1,11.8
ITCPN,38.7667,16.55
ITCGC,39.6,16.5167
ITCRV,39.0833,17.1333
ITCPM,43.0167,13.85
ITDIA,39.6833,15.8167
ITDNO,45.7667,13.5833
ITFAO,43.8333,13.0167
ITFAV,37.9333,12.3333
ITFNL,44.1667,8.3333
ITFCO,41.7667,12.2333
ITFCV,41.9167,15.8
ITFOL,42.9167,10.75
ITFRD,40.7333,13.85
ITFOM,41.25,13.6167
ITFGE,41.85,12.2
ITFSA,45.4167,12.2333
ITGMA,43.9667,12.7667
ITGAE,41.2,13.5833
ITGAL,40.05,17.9833
ITGEA,37.0667,14.25
ITGOA,44.4167,8.95
ITGIA,37.8167,15.2667
ITGIT,38.4167,15.9
ITGVZ,41.1833,16.6667
ITGUI,42.75,13.9667
ITGAI,41.0,9.6167
ITGOO,44.85,12.3
ITGRD,45.6833,13.3833
ITJLO,45.5333,12.65
ITIMP,43.8833,8.05
ITISH,40.7333,13.95
ITIDG,42.3667,10.9
ITIDF,38.2,13.25
ITTMT,42.1167,15.4833
ITMDA,41.2167,9.4
ITSPE,44.1167,9.8333
ITLAE,40.75,13.9
ITLAD,41.9333,12.0833
ITLMP,35.5,12.6
ITLAW,44.3,9.3333
ITLER,44.0667,9.9167
ITLES,41.8667,15.35
ITLEC,39.8,18.35
ITLEN,44.1667,9.6333
ITLEV,37.9833,12.3333
ITLIC,37.1,13.9333
ITLSD,45.7,13.15
ITLIP,38.45,14.95
ITLIV,43.55,10.3167
ITLOA,44.1333,8.25
ITIOI,40.65,14.6333
ITMFR,41.6333,15.9167
ITMAJ,45.7667,13.1667
ITTEA,39.9833,15.7167
ITMAM,42.8,10.2
ITPMA,45.45,12.2167
ITMDW,41.3667,16.15
ITMLB,40.6,14.3333
ITMIT,40.0,15.3667
ITMRP,42.7333,10.2333
ITAAS,38.6667,16.55
ITMAH,40.4167,16.8833
ITMSD,42.7167,10.9833
ITQMM,44.0,10.1
ITMPA,43.6667,10.2667
ITMSB,40.1,15.2333
ITM2R,36.7833,14.55
ITMGE,40.55,14.25
ITMNU,37.5833,12.7833
ITRTT,43.7667,13.1333
ITMRA,37.8,12.4333
ITMLU,40.6,14.3333
ITMAZ,37.65,12.5833
ITMPS,37.9167,15.7833
ITMTH,40.65,14.4
ITMIM,38.1167,15.5167
ITMIS,43.9667,12.7
ITODB,41.0667,17.0833
ITMND,38.2,13.3333
ITODG,41.1167,13.8833
ITMLS,42.35,11.6167
ITRSM,44.15,9.65
ITUGG,45.6,13.7667
ITNAP,40.8333,14.25
ITNTT,41.4667,12.6833
ITNLI,44.2,8.4333
ITNSR,40.15,16.5333
ITNUM,43.5167,13.6167
ITOGN,36.9833,15.25
ITOLB,40.9167,9.5167
ITOBT,42.45,11.2167
ITPMO,38.1167,13.3667
ITPLN,40.0333,15.2833
ITPMM,38.35,15.85
ITAOA,39.35,16.0333
ITPTI,38.1333,14.9667
ITPED,43.1,13.8333
ITPES,43.9,12.9167
ITPSR,42.4667,14.2333
ITPRR,40.6333,14.3833
ITPIA,42.5667,10.0667
ITISB,37.1167,15.25
ITPIZ,38.7333,16.1667
ITZQQ,41.0,17.2167
ITPOM,41.6667,12.5
ITPNZ,40.9,12.9667
ITORL,38.1,13.5333
ITPTC,40.8167,14.3333
ITPGL,38.2333,16.2167
ITPCN,40.6,8.2
ITPTH,42.3833,11.2
ITPFX,39.05,9.0
ITPVT,45.05,12.3667
ITPPF,37.5667,12.9
ITPRF,43.4333,13.6667
ITSIG,43.1833,13.8
ITPPT,44.9333,12.3667
ITPOQ,45.05,12.25
ITPPL,36.6833,15.1333
ITPRW,44.05,9.85
ITPZL,36.7167,14.85
ITOZI,37.65,15.1833
ITPIM,39.9,15.7833
ITPRL,37.15,15.1833
ITRPO,44.35,9.2333
ITREC,44.3667,9.15
ITREG,38.1,15.65
ITRCE,43.9833,12.65
ITRMI,44.0667,12.5833
ITRMG,44.1,9.7333
ITRPT,37.7333,15.2
ITRTS,44.2667,9.4167
ITROC,38.3167,16.4
ITGSV,43.3833,10.4333
ITSLC,37.95,15.7
ITSDB,42.95,13.8833
ITSFE,41.2333,13.0833
ITSFM,40.2667,18.3333
ITSMK,40.2833,14.95
ITAMN,39.9833,9.6833
ITSLA,38.5667,14.8667
ITSMA,42.0333,11.85
ITSPA,37.1,15.25
ITSTE,41.2333,9.1833
ITNTA,39.0667,8.45
ITSSF,43.8333,7.8833
ITTEF,38.0167,14.35
ITPRH,40.0667,15.6333
ITLLT,40.8667,17.4167
ITSVN,44.2833,8.5
ITLEA,39.8167,15.7833
ITSRH,40.05,15.4833
ITURI,41.25,13.7
ITSCK,37.5167,13.05
ITSLL,38.25,15.7167
ITSCO,36.8833,14.4333
ITSEG,43.7167,13.2167
ITNTE,44.2667,9.4
ITRRV,38.2,13.2333
ITSID,38.2667,16.3
ITSLV,42.5667,14.0833
ITSOO,38.6833,16.55
ITNGA,41.25,13.4333
ITRNS,44.2333,8.4167
ITTTN,40.9333,8.2167
ITTAO,37.85,15.2833
ITTAR,40.4833,17.2333
ITTRI,37.9833,13.7
ITSNR,38.15,13.0833
ITTCS,40.0333,18.45
ITTRH,38.25,15.6333
ITTGV,40.8167,14.05
ITTRU,39.9167,18.15
ITICA,41.6333,12.4667
ITTVC,45.8167,13.2667
ITTPS,38.0167,12.4833
ITTCC,39.8667,16.5333
ITVDL,44.2667,8.45
ITVCE,45.4333,12.3333
ITVEN,43.7833,7.6
ITVZN,44.1333,9.6833
ITVSG,38.2167,15.6333
ITVT3,38.235485,15.4328209
ITVTI,44.4333,8.75
ITULE,45.6,13.8
ITTRS,45.6523603,13.6483738
ITAAL,44.63333,8.78333
ITCCB,39.1,9.517
ITCLQ,40.61667,9.75
ITCSJ,42.83333,13.31667
ITCXZ,39.83333,18.33333
ITFAL,43.6166734,13.3637398
ITFME,42.417,14.283
ITFOR,37.983,12.417
ITIOA,43.3,13.733
ITISN,41.05,8.267
ITMDC,44.05,10.05
ITMLZ,38.2207102,15.2419327
ITMNF,45.8050468,13.5331727
ITMNP,40.9525166,17.2985559
ITMSN,38.1666,15.55
ITOTN,42.3522441,14.4028113
ITOTO,40.1438978,18.4911678
ITPCH,41.9468998,16.0127759
ITPNG,45.7558,13.2286
ITPTZ,40.26667,17.9
ITPUC,37.217,15.2
ITRAN,44.4183598,12.2035294
ITRIN,38.533,14.833
ITSAL,40.6824408,14.7680961
ITSCW,39.65,16.55
ITSIR,37.0754739,15.2865861
ITSMJ,37.61667,15.16667
ITSTR,38.803377,15.2326454
ITTLY,44.433,12.233
ITTNI,41.2774857,16.4178334
ITVIA,43.8657267,10.2513103
ITVIE,41.8824764,16.1767489
ITVVA,38.6757774,16.0983488
JESAB,49.1833,-2.1667
JESCJ,49.1667,-2.0667
JESTH,49.1833,-2.1
LTBOT,55.169438,23.881275
LTMLM,55.7167,21.1167
LTMOM,55.7167,21.1
LTPLM,55.7167,21.0833
LTKLJ,55.7032948,21.1442795
LUBKM,49.5333,6.35
LUEZT,49.5,5.9833
LUZXC,49.8333,6.3167
LUHDK,50.15,6.0
LUMRT,49.7,6.4833
LUWLG,49.6,6.4
LVAIN,57.8667,24.3667
LVAIZ,56.6,25.2167
LVB9G,56.7333,24.3833
LVEGE,57.1667,23.2167
LVJPS,56.4833,25.85
LVUTY,56.7833,27.6667
LVLMS,57.0,23.5167
LVLPX,56.5167,21.0167
LVBNH,56.55,27.7167
LVZVT,56.9,24.0333
LVMRX,57.3333,23.1
LVORE,56.8,24.6167
LVROP,56.9667,24.6333
LVRUM,56.8667,24.25
LVSAL,57.75,24.35
LVSKU,57.3167,24.4333
LVSTO,56.9333,24.3833
LVXRT,56.8667,24.0667
LVLM8,57.7667,24.8
LVJUR,56.3,20.98333
LVKLK,57.73333,22.58333
LVKVZ,57.78333,24.35
LVPAV,56.88333,21.16667
LVPVT,56.883,21.183
LVRIX,56.9496487,24.1051865
LVROJ,57.5,22.8
LVVNT,57.4,21.5333
LVZJA,56.95,23.75
MCMCM,43.7333,7.4167
MDGIU,45.4667,28.1833
MEBAR,42.0833,19.0833
MEBIJ,42.45,18.6667
MEBUD,42.2833,18.8333
MEHNO,42.45,18.5333
MEIGL,42.4667,18.5167
MEKOT,42.4167,18.7667
MEPVC,42.2,18.9333
METIV,42.4333,18.7
MEULC,41.9167,19.2
MEZEL,42.45,18.5833
MERSN,42.517,18.7
MKDKJ,41.4,22.2333
MKSNI,41.85,21.9333
MKNOD,41.217,22.7
MKRAD,41.65,22.5
MTBAL,35.9,14.45
MTBZE,35.8333,14.5333
MTDMP,35.8167,14.55
MTFLO,35.8833,14.5
MTGZI,35.9,14.4833
MTKIR,35.8333,14.4833
MTDIS,35.8333,14.5333
MTMSA,35.8667,14.4833
MTMSX,35.9,14.5
MTMSS,35.8667,14.55
MTMAR,35.8333,14.5333
MTMGZ,36.0167,14.2833
MTSPB,35.9333,14.3833
MTSLM,35.9,14.5
MTTAR,35.85,14.5
MTMLA,35.8833,14.5
MTMRF,35.98333,14.33333
MTMSC,35.86667,14.56667
NLARI,51.5,5.6333
NLAWD,51.85,4.4167
NLALK,52.6333,4.75
NLALM,52.35,6.6667
NLAER,52.3667,5.2167
NLAPN,52.1333,4.6667
NLAMR,52.0,5.4667
NLAME,52.15,5.3833
NLAMS,52.4,4.8167
NLANP,52.8667,4.8667
NLAPP,53.3167,6.8667
NLARC,51.4833,6.1833
NLBSL,51.2667,6.0333
NLBFD,51.3167,6.1167
NLBEM,51.9,5.9
NLBZM,51.5,4.3
NLBST,51.5,5.4
NLBNN,51.8667,5.7833
NLBOG,52.0833,4.75
NLBON,51.0333,5.8167
NLBOR,51.4167,3.7167
NLBOT,51.8833,4.2833
NLBRD,51.5667,4.8
NLBRS,51.3833,3.5667
NLBHS,51.6833,3.75
NLSSO,52.2,6.1333
NLCPD,52.75,4.65
NLCDP,53.15,4.8833
NLDST,51.8833,5.6667
NLDEL,52.2667,6.7167
NLDZL,52.5167,6.9333
NLDHR,52.95,4.7667
NLDWA,51.9167,5.65
NLDBR,51.5667,3.5
NLDOR,51.7833,4.6333
NLND5,51.6833,3.9833
NLDUM,51.85,5.4333
NLEIN,51.45,5.4667
NLEKK,51.5,5.4667
NLQCU,51.9167,5.85
NLANK,51.4,3.75
NLGSS,52.9863205,6.8460424
NLGET,51.8833,5.9667
NLGUN,51.9,4.9
NLGRK,52.1333,4.5667
NLHFN,51.8167,5.2167
NLHAN,51.4333,4.0
NLHGS,51.8167,4.8667
NLHXG,51.8167,4.8333
NLHAR,53.1833,5.4333
NLHSK,52.1333,5.75
NLHZK,51.5,4.7333
NLHLM,51.4833,5.6667
NLHVK,51.4833,5.1333
NLHVH,51.9667,4.1167
NLHLW,53.3833,5.8833
NLHKK,53.2167,6.5
NLIJM,52.4667,4.6
NLISM,52.5667,5.9167
NLSL7,51.4833,5.9
NLKNT,51.7,5.7
NLKRD,51.7667,5.3333
NLKLZ,52.7333,7.0
NLIJK,51.4333,4.1167
NLKAI,51.9167,4.6
NLTTE,52.2833,6.2667
NLLEN,52.1622894,5.9887781
NLLIJ,52.35,4.7667
NLLTO,51.8,5.4667
NLMAK,53.05,5.4
NLGE7,51.8667,5.2833
NLMDI,52.5481066,4.9109338
NLMIE,51.4333,5.6167
NLMOE,51.6833,4.5667
NLMOL,51.7667,5.8667
NLNST,51.7667,5.75
NLNDB,52.2667,5.05
NLNTJ,51.6331438,3.7007154
NLNIU,51.4667,3.7333
NLNIE,51.9667,4.6167
NLN8W,51.7,3.9
NLNGV,52.2833,5.0333
NLNZ8,51.9,4.95
NLNWJ,51.7167,3.8
NLNDL,52.25,4.4333
NLOOS,51.65,4.8833
NLOMH,53.3833,6.1667
NLOSS,51.7667,5.5333
NLA2Z,51.85,4.7
NLOGA,53.0,5.55
NLPHL,51.1833,5.8667
NLPER,51.8833,4.3833
NLPTG,51.8667,4.4
NLRIJ,52.8667,5.5
NLRSH,52.25,4.7167
NLROC,51.8667,4.0667
NLRTM,51.9167,4.5
NLSVG,51.2333,3.8
NLSCH,52.7833,4.7833
NLSRD,51.7333,3.85
NLZE5,51.55,4.1
NLSCE,52.1,4.25
NLSMO,53.4833,6.1667
NLSRL,52.7333,4.6333
NLGRA,51.7833,4.6167
NLGRZ,52.0,4.1667
NLHTB,51.7,5.3167
NLSMG,51.6333,5.35
NLANC,52.6667,4.7833
NLSWK,51.8167,4.95
NLSLD,51.8167,4.7667
NLSLU,51.2833,3.8333
NLSON,51.5,5.5
NLSCA,51.6667,5.05
NLSAT,51.7333,4.25
NLSVN,51.5833,4.0
NLSDN,52.0667,6.1833
NLSPT,52.6167,4.8167
NLSRE,51.9,4.75
NLSRT,52.9333,4.9833
NLTHD,52.0333,4.1667
NLTMZ,53.3,7.0333
NLTNZ,51.4667,3.8167
NLTUL,51.8167,5.2333
NLNPZ,53.4333,6.55
NLVKS,51.5,3.5
NLNEV,51.7833,5.1167
NLVER,51.55,3.6667
NLVEN,51.3667,6.1667
NLVVL,53.2167,6.4833
NLVWD,53.0333,7.1167
NLVLI,51.45,3.7
NLVKR,51.6667,4.2833
NLWSO,51.3833,4.0333
NLWAS,51.5333,6.0833
NLWHZ,53.1833,6.65
NLWBO,52.15,5.1333
NLWBK,52.85,6.6
NLWIG,52.3167,6.0167
NLMKM,53.05,5.3833
NLWKU,52.9833,5.45
NLWMO,52.5,4.8167
NLWCM,51.8167,5.0
NLZEW,52.35,5.55
NLZVG,51.7333,5.5667
NLZOU,52.1167,4.5
NLAAL,51.95,5.533
NLAAM,52.2621639,4.7619222
NLABL,51.8703366,4.6702024
NLAHO,52.05,4.983
NLAKL,52.5609159,4.7338008
NLAMB,52.267,4.75
NLBAN,52.767,5.75
NLBDA,53.3,5.883
NLBDR,52.217,4.717
NLBEG,52.6610417,4.6318186
NLBEV,52.486963,4.65746
NLBGE,52.25,4.983
NLBGO,52.783,4.85
NLBGW,53.3,7.017
NLBHM,53.283,5.833
NLBIT,51.517,5.15
NLBLE,51.367,6.167
NLBLU,51.667,5.383
NLBNE,50.883,5.733
NLBNH,53.083,5.817
NLBNU,51.233,5.983
NLBNZ,52.45,5.7
NLBRA,51.4,3.867
NLBRI,51.902582,4.1636846
NLBRR,51.8515088,4.5485809
NLBSH,51.567,6.083
NLBTA,53.017,7.2
NLBTS,52.583,4.967
NLBVG,52.75,4.683
NLBVI,52.983,6.483
NLBWE,53.083,5.55
NLBWW,52.95,5.75
NLBZW,52.883,5.567
NLCOE,52.6613567,6.7410616
NLCPI,51.9301505,4.5777053
NLCRI,52.767,5.667
NLCZD,51.367,3.4
NLDEV,52.2660751,6.1552165
NLDHE,51.617,4.267
NLDHK,52.883,4.933
NLDHO,52.717,6.783
NLDKO,52.917,4.8
NLDMK,52.2,4.933
NLDRL,51.967,5.817
NLDRP,52.567,4.85
NLDSI,53.4,6.667
NLDSM,53.3,6.05
NLDSO,52.783,4.9
NLDUG,51.817,5.8
NLDVB,52.85,6.333
NLDVT,52.333,4.917
NLEEM,53.4475,6.801389
NLEFE,52.167,6.233
NLEHU,52.867,5.817
NLELX,51.217,5.8
NLEPL,51.733,5.333
NLERA,52.717,6.933
NLEUR,51.9436775,4.1379495
NLEWK,51.867,5.733
NLEWO,53.133,5.933
NLEXZ,53.067,5.467
NLFAR,53.3230048,6.92796
NLFKP,53.333,6.633
NLGBG,52.617,6.683
NLGDO,52.167,6.367
NLGHO,52.733,6.067
NLGKN,53.25,6.317
NLGLL,50.917,5.733
NLGRW,51.983,4.6
NLGWD,51.517,5.617
NLGWO,53.25,6.65
NLGWU,52.867,6.367
NLHAA,52.3873878,4.6462194
NLHBK,52.483,4.833
NLHGM,52.167,4.583
NLHKM,52.933,6.433
NLHKO,52.017,4.817
NLHLR,52.383,4.683
NLHME,52.617,6.7
NLHMI,52.9,6.4
NLHNZ,51.35,4.0
NLHOT,52.533,6.333
NLHOU,52.0278426,5.1630019
NLHPE,53.183,5.833
NLHPL,51.367,3.65
NLHRD,52.3422025,5.6367423
NLHRE,53.167,6.6
NLHRV,52.9605613,5.9205217
NLHSL,51.8318632,4.13181
NLHSO,52.717,6.8
NLHST,51.5,5.217
NLHSW,51.65,5.467
NLHTM,52.467,6.067
NLHUK,51.867,5.067
NLHUM,51.767,5.85
NLHUN,51.183,5.817
NLHVE,52.767,6.25
NLITR,50.9,5.7
NLKAM,52.55818,5.913891
NLKAT,51.567,3.867
NLKHO,53.25,6.017
NLKHR,52.8,4.883
NLKHV,52.583,5.75
NLKLM,53.283,6.15
NLKLV,53.0,6.517
NLKPE,51.217,5.833
NLKRE,52.8,4.867
NLKRI,52.65,4.85
NLKTN,53.367,6.633
NLKTV,52.5,6.067
NLKWR,52.2,4.417
NLKZV,51.717,4.9
NLLDD,52.1509854,4.5281733
NLLEO,53.117,5.467
NLLES,53.367,6.383
NLLEY,52.518755,5.471217
NLLGD,53.233,6.717
NLLGI,52.85,5.85
NLLID,52.1601144,4.4970097
NLLME,50.867,5.7
NLLNO,52.233,5.0
NLLRU,52.233,4.667
NLLWE,53.283,7.0
NLLWG,51.65,4.667
NLLWO,52.967,5.65
NLLZA,51.717,4.733
NLMAR,52.2318971,6.5000676
NLMDG,52.333,5.117
NLMDU,53.35,6.65
NLMEW,51.513572,6.085318
NLMGT,53.05,4.65
NLMHU,53.35,6.5
NLMJA,52.567,5.917
NLMKE,52.85,5.883
NLMKN,52.467,5.1
NLMLA,51.733,5.917
NLMLR,51.867,6.05
NLMNH,51.8,4.483
NLMNU,53.217,5.667
NLMOK,51.75,5.883
NLMSB,51.1404101,5.888583
NLMSV,51.962398,4.0567997
NLMSW,53.35,6.467
NLMUD,52.333,5.067
NLMWD,53.2,7.0
NLNAM,52.717,6.867
NLNBG,52.083,4.817
NLNBU,52.367,4.667
NLNEC,52.517,4.917
NLNES,53.05,5.85
NLNKK,52.2224835,5.4835625
NLNRG,53.05,6.45
NLNSA,52.267,4.883
NLNSD,53.2,6.933
NLNSU,52.25,4.867
NLNSZ,53.233,7.2
NLNWO,53.25,6.983
NLNZJ,53.0,5.617
NLOBL,51.8189297,4.4272362
NLODL,51.65,5.7
NLODR,52.3,4.9
NLOGP,51.683,4.35
NLOHI,53.033,4.867
NLOHM,53.017,5.6
NLOHW,53.067,5.817
NLOHZ,52.567,5.0
NLOLS,53.133,5.65
NLOME,53.167,6.05
NLORJ,52.083,5.067
NLORL,52.633,4.833
NLOSG,51.533,3.8
NLOSK,53.283,6.783
NLOVG,52.033,5.5
NLOZL,52.8,5.917
NLOZU,52.133,5.067
NLPUM,52.5143815,4.9640611
NLPZI,53.283,6.267
NLQDG,52.2579303,4.5574834
NLQDS,52.3798566,6.2862366
NLRED,51.517,5.017
NLRHD,52.0057368,6.0279594
NLRID,51.870426,4.601732
NLRLA,51.417,4.183
NLROZ,51.904422,4.2471328
NLRST,51.083,5.817
NLRSW,52.2,4.667
NLRTG,52.633,4.883
NLRUT,52.8,5.7
NLSAR,51.8,5.35
NLSBS,53.317,5.967
NLSBU,52.8,4.767
NLSCI,51.9166,4.4
NLSDB,51.617,4.517
NLSDM,52.083,5.05
NLSDW,53.233,6.817
NLSHH,51.9525204,4.8432204
NLSHO,52.6,4.883
NLSKG,52.817,5.85
NLSKL,52.683,6.833
NLSKM,52.15,4.85
NLSKW,51.983,5.183
NLSLO,53.217,6.8
NLSLT,52.9,5.65
NLSMI,52.95,6.45
NLSMV,52.783,4.717
NLSMZ,53.183,6.95
NLSNN,51.6,4.1
NLSOP,52.817,4.717
NLSPI,51.855845,4.299208
NLSPV,52.8,4.717
NLSWL,53.333,6.45
NLSZL,52.817,5.8
NLTHE,53.0,4.783
NLTKM,51.85,6.1
NLTKW,53.05,5.5
NLTOK,52.683,5.683
NLTRO,53.033,5.783
NLTSL,53.4,5.35
NLTWA,53.217,6.933
NLUFE,52.783,6.283
NLUMO,51.0,5.767
NLUTG,52.533,4.717
NLUTR,52.3,5.083
NLVAR,52.517,6.383
NLVEL,52.4666,4.65
NLVIE,51.5964371,6.0071434
NLVLA,51.9120668,4.3494366
NLVNO,52.717,6.85
NLVRA,52.233,4.783
NLVSN,52.467,4.65
NLWAA,51.3878333,5.4432025
NLWDE,51.417,4.05
NLWEL,51.55,6.1
NLWEU,51.85,5.817
NLWGD,52.55,4.783
NLWGR,52.85,5.017
NLWHD,51.533,3.9
NLWHO,53.367,6.417
NLWHU,53.35,6.433
NLWKP,51.517,3.433
NLWLK,51.6878954,5.0574822
NLWNS,53.333,6.517
NLWOR,52.0798287,4.8627239
NLWRG,52.933,5.033
NLWRP,53.167,5.6
NLWSP,52.3080507,5.0406217
NLZBO,53.167,6.867
NLZDL,53.1,6.683
NLZHO,52.317,4.617
NLZLD,51.5,3.467
NLZPO,52.7,6.867
NLZPS,52.733,4.683
NLZUT,52.142736,6.1960584
NLZWI,51.8105978,4.6272719
NLZWN,52.733,6.683
NOAAA,67.8833,12.9833
NOABE,58.2333,6.6667
NOABV,64.7333,11.1833
NOAFT,58.1167,7.0333
NOAGO,60.4,5.0167
NOAGK,66.7167,13.4833
NOAKK,70.7833,23.45
NOAKM,59.25,5.1667
NOALE,58.2333,8.0167
NOAES,62.4667,6.15
NOALF,69.9667,23.2333
NOAAV,60.4167,6.4167
NOALV,62.4833,6.3833
NOAND,62.5667,7.7
NOADN,69.3167,16.1333
NOAFS,68.3333,15.4333
NOANS,63.6333,9.0
NOARH,59.15,6.1667
NOARD,61.2333,7.7
NOARE,58.45,8.7667
NOARF,61.0167,6.3833
NOARM,70.05,20.6333
NOATA,58.8667,9.35
NOATL,61.35,4.8833
NOAUK,62.8167,6.9
NOAUE,63.2667,8.5167
NOAUL,60.9,7.1833
NOASV,60.1,5.15
NOAVA,59.35,5.2667
NOAVE,63.05,7.6667
NOBLS,61.2,6.5333
NOBLL,68.3333,16.8333
NOBSD,68.0667,13.55
NOBAF,69.2333,19.2333
NOBAL,58.0333,7.15
NOBJF,70.6333,29.7167
NOBEL,69.7833,18.7667
NOBGO,60.3833,5.3167
NOBFJ,70.25,21.7833
NOBVG,70.85,29.1
NOBJY,68.9833,16.5333
NOBKV,68.55,17.55
NOBJD,61.0833,5.8333
NOBJX,59.7833,10.5
NOBJU,63.75,9.75
NOBLO,68.6,15.3833
NOBLV,60.5333,4.8833
NOBOO,67.2833,14.3667
NOBOG,68.5167,16.9833
NOBON,68.2167,16.0667
NOOYB,67.9,15.1833
NOBOK,59.2167,5.4333
NOBOM,59.6,5.2167
NOBOE,59.3667,5.2833
NOBOS,68.7667,16.1667
NOSBT,66.0,12.65
NOBTN,61.6167,5.0667
NOBTH,69.5167,17.9
NOBOV,60.7,4.9167
NOBRN,59.9,5.1
NOBSF,64.1833,10.35
NOBRV,62.6,6.4333
NOBVR,59.0833,5.9
NOBVB,70.5833,22.2833
NOBKS,63.6833,9.6833
NOBRH,69.6,18.0333
NOBTS,68.2333,14.8667
NOBVK,59.05,9.7
NOBNN,65.4667,12.2
NOBUG,69.9667,29.6333
NOBUF,69.9333,22.05
NOBUV,63.3117075,10.1863673
NOBYN,59.3,5.3
NOBYS,61.3833,5.6667
NOBYR,60.9,4.8333
NODFJ,69.9833,19.4
NODSF,61.3667,5.4167
NODIM,59.95,5.9833
NODIR,58.8333,6.1667
NODJU,69.75,20.5
NODOL,63.65,8.7833
NODRG,68.0333,16.0667
NODRM,59.7333,10.2333
NODRK,59.65,10.6167
NODUS,59.0,5.65
NODYL,69.0167,17.4333
NODYD,61.7667,5.1833
NODYR,63.7667,8.8333
NOEGE,58.45,6.0
NOEGG,62.3167,5.6333
NOEIF,59.0667,9.7
NOEDE,62.9,7.45
NOEDS,60.25,5.0667
NOEDT,68.7333,14.5833
NOEDF,60.4667,7.0667
NOEDD,62.2667,7.1667
NOEIL,60.7167,5.7833
NOEKF,60.7,5.55
NOEIK,61.5833,5.4667
NOELO,60.2333,5.75
NOEVV,60.9833,5.0833
NOELL,62.5,6.3333
NOELN,62.85,7.1333
NOENG,59.6833,10.5333
NOERF,59.3333,6.2167
NODDY,69.1167,17.75
NOESP,59.3167,5.6667
NOETN,59.65,5.9167
NOEVT,68.0167,16.0
NOEYD,58.4833,8.8667
NOFAX,59.9333,8.8
NOFAN,58.0833,6.8
NOFAU,67.25,15.3833
NOFED,60.7667,4.7
NOFSV,67.4333,14.7667
NOFND,67.25,15.4167
NOFIN,66.1833,13.7833
NOFNY,59.1667,5.8
NOFNE,69.2167,17.9667
NOFSK,62.1,5.55
NOFST,62.45,6.2833
NOFBL,68.4333,14.8167
NOFIT,59.9167,5.3167
NOFYS,61.4,6.7333
NOFJL,68.55,16.5
NOFSD,60.2167,5.9667
NOFLA,60.8667,7.1167
NOFLY,60.5333,5.25
NOFFD,58.2833,6.65
NOFLM,62.6833,6.2333
NOFRO,61.6,5.0167
NOFLO,60.4167,5.2333
NOFOL,63.9833,11.1
NOFDE,61.45,5.8333
NOFNS,68.8667,17.4667
NOFON,66.7333,13.5167
NOFOR,58.9,6.0833
NOFSL,70.7167,23.8167
NOFRS,58.8833,5.75
NOFOS,62.3333,5.6333
NOFOI,58.9333,9.4667
NOOLT,58.8333,6.3
NOFRK,59.2,10.9167
NOFKG,60.5167,5.2333
NOFOA,63.9833,9.0833
NOFUS,60.2,5.6167
NOGAM,71.05,28.25
NOGPN,61.4,7.3
NOGIK,59.3167,5.3833
NOROM,62.25,5.55
NOGJV,71.1,25.3833
NONZL,60.2,5.0333
NOGLO,66.8,13.9333
NOGOO,62.4667,6.0167
NOGRV,60.5167,6.7
NOGRD,68.1167,13.5
NOGTD,58.3333,8.5833
NOGRP,63.2167,7.6
NOGOT,68.9667,16.25
NOGRF,68.6833,17.1167
NOGRY,69.3667,17.0833
NOGRS,62.5333,6.3667
NOGUD,60.85,6.8167
NOGHV,61.5833,5.0
NOGUR,62.2333,5.5667
NOGUT,65.0833,11.8167
NOHAL,59.1,11.3667
NOHLS,63.05,8.2167
NOHSA,66.7333,13.5167
NOHAZ,59.8,5.7167
NOHAN,59.5833,10.6167
NONIA,63.6833,8.8
NOHFL,67.4,15.5333
NOHFT,70.65,23.6667
NOHOT,60.4333,5.1
NOHAE,69.9667,19.6167
NOHRI,62.3667,6.0333
NOHRS,62.8833,6.95
NOHRD,68.7833,16.5333
NOHVK,70.4667,22.15
NOHAU,59.4,5.25
NOHSV,58.0333,6.9833
NOHVI,59.3,5.3167
NOHAV,71.0,24.6667
NOHEK,68.4,16.8333
NOHLE,58.8667,6.15
NOHKR,58.9,9.4
NOHSY,62.0833,6.8667
NOHEL,58.4667,5.8667
NOHNE,66.2333,13.6333
NOHEN,68.15,14.2167
NOHEF,64.0,10.0333
NOHER,61.1833,6.8333
NOHRO,65.9833,12.3
NOHRY,59.1167,9.6167
NOHET,59.9167,5.7833
NOHRR,59.1,9.5667
NOHES,63.5667,9.2
NOHJL,59.2333,6.1833
NOHJJ,62.7833,7.4833
NOHJO,62.35,6.0667
NOHOF,59.55,10.0333
NOHOG,67.1333,15.0167
NOHOA,63.3167,9.15
NOHLL,58.0833,7.8167
NOHOL,59.4833,10.3
NOHOK,63.4,10.7667
NOHVG,70.9667,25.9667
NOHRV,60.5167,5.3
NOHOO,60.4333,5.1667
NOHOR,59.4,10.4833
NOHSL,60.2333,6.6167
NOHYR,61.2167,6.05
NOHLB,59.7833,5.8
NOHHA,60.1167,5.2
NOHMV,70.25,21.7833
NOHUD,62.3667,6.4167
NOHUS,59.8667,5.7667
NOHSO,59.3333,5.3
NOHSS,69.5333,17.6667
NOHOY,59.2333,10.45
NOHVS,59.0833,10.45
NOHYL,61.1667,5.2833
NOIGE,65.6833,12.1333
NOIGL,61.8333,4.9333
NOIKR,62.3833,6.55
NOISY,71.0833,24.0667
NOIDR,67.0333,14.0167
NOINN,67.9667,15.9167
NOINV,61.85,6.6167
NOJAN,69.7333,30.1
NOJOY,59.25,10.4667
NOJEL,59.3333,6.0167
NOJON,60.2667,6.2333
NOJOS,58.3167,6.35
NOJOV,69.6,19.8167
NOKAB,68.2167,14.4833
NOKDF,69.6833,18.7333
NOKVG,61.7667,4.8833
NOKAN,61.9333,5.45
NOKMO,59.4667,10.6833
NOKMN,70.55,23.15
NOKAR,59.2667,5.5167
NOKAH,69.4,18.15
NOKPG,61.1667,7.2333
NOKIL,66.7333,13.9
NOKIV,60.3667,6.7167
NOKIR,58.2333,6.5333
NOKKN,69.7167,30.0333
NOKJE,67.5167,14.7667
NOKJF,70.9333,27.3333
NOKMS,59.1667,10.3667
NOKJK,68.0833,16.35
NOKJB,58.9,9.4833
NOKLE,60.4167,5.2333
NOKRV,60.3667,5.15
NOKBV,68.7333,14.5333
NOKLD,63.45,10.4167
NOKGF,70.7167,29.3167
NOKOP,59.2833,5.3
NOKRA,58.8667,9.4
NOKRS,58.1333,7.9833
NOKSU,63.1,7.7333
NOKVL,70.1167,19.9833
NOKVF,58.0333,7.3
NOKVS,70.5,23.9667
NOKVV,67.3,14.3833
NOKDL,60.4833,6.6
NOKIA,63.5667,9.9
NOKSY,59.05,5.4167
NOKYR,63.2833,9.0833
NOLVG,60.3833,5.3
NOLAD,59.0,9.7333
NOLAG,59.6167,5.25
NOLAN,62.4333,6.2167
NOLAO,59.5,10.3833
NOLGS,63.55,10.8833
NOLRD,61.1,7.45
NOLRK,59.3333,10.65
NONZC,62.2167,5.6
NOLAR,59.0333,10.0167
NOLAV,68.75,17.7833
NOLNE,67.7333,14.7667
NOLEF,66.05,12.95
NOLEP,60.1542452,5.2006609
NOLRI,59.7667,5.5
NOLEA,61.1167,5.3333
NOLKN,68.15,13.6
NOLKV,63.6667,10.6167
NOLAS,69.8167,19.9833
NOLAY,69.8167,19.9833
NOLES,69.4333,18.15
NOLRE,65.3667,12.4833
NOLEV,63.75,11.2833
NOLIA,62.35,6.0667
NOLIL,58.2333,8.3667
NOLFF,61.1333,5.2
NOLIT,58.85,9.3
NOLOD,68.4167,15.9833
NOLOE,61.8667,6.8333
NOLON,60.5333,5.4833
NOLOV,66.3667,12.3833
NOLRA,58.8667,5.7333
NOLUR,66.4167,12.8333
NOLUS,61.4333,7.45
NOLUL,61.25,4.9667
NOLYD,69.5833,20.2167
NOLYS,59.9,10.6
NOLYF,59.05,6.6667
NOMLM,64.0667,11.2333
NOMAY,61.9333,5.1
NOMAN,58.0167,7.45
NOMAT,60.8833,5.5667
NOMAH,58.4667,5.9167
NOMAU,63.8667,8.6667
NOMEH,71.0333,27.8333
NOMEL,68.4833,14.8
NOMLS,63.2833,10.2667
NOMLK,70.6833,23.6
NOMEV,59.2167,10.3333
NOMEN,59.1667,9.6333
NOMID,62.6667,6.6667
NOMIT,67.45,14.7333
NOMVV,60.55,4.9833
NOMQN,66.3167,14.1333
NOMOL,62.7333,7.15
NOMLT,62.2833,5.6167
NOMOV,59.5167,5.2667
NOMON,60.8167,5.0167
NOMOB,60.8,5.0667
NOMOR,67.7,15.8333
NOMJF,65.8333,13.2
NOMSK,67.8833,13.0333
NOMSS,59.4167,10.65
NOMOS,59.7,5.3833
NOMRV,63.4333,10.8333
NOOSY,64.45,11.5
NONVK,68.4167,17.4167
NONSN,66.2,13.0167
NONEV,58.9667,9.8667
NONFD,61.9,5.9833
NONFO,63.95,10.1833
NONKB,69.2333,19.35
NONOL,69.9167,20.1667
NONOM,69.1333,15.6833
NONSF,63.7167,8.5667
NONHS,60.3667,6.1333
NOZNJ,68.0333,13.35
NONYE,70.0833,28.8667
NOODD,60.0667,6.5333
NOOKF,70.2333,22.3333
NOOLD,61.8333,6.8
NOOLL,69.6,20.5167
NOOLR,69.75,19.6833
NOOLN,59.6,5.8
NOOMA,60.2167,5.9667
NOOMB,59.2333,6.0167
NOORK,63.3167,9.8333
NOSVI,66.8667,13.7
NOORS,62.1833,6.0833
NOORV,61.1,6.1333
NOOOS,60.1667,5.4667
NOOSL,59.9,10.7333
NOOSE,59.5833,5.5667
NOT8N,69.2667,19.9
NOOTO,64.8667,11.2833
NOPOR,59.1333,9.6333
NORAF,59.1,9.5667
NORMB,68.0833,13.2167
NORAM,68.4833,16.5
NORDB,59.0,5.6333
NORBV,62.2667,7.05
NORSD,62.8333,8.1167
NORES,59.4333,5.75
NORFJ,70.1,21.6
NOREK,58.3333,6.25
NOREN,59.0833,5.6833
NOREP,70.45,24.2833
NORPV,70.75,25.6833
NORIV,58.9333,5.6
NORIS,58.7167,9.2333
NORSH,68.9667,15.6333
NORSS,63.5833,9.9667
NOROG,67.1,15.3833
NORVK,64.85,11.2333
NORET,67.5167,12.1333
NOROV,62.1833,5.75
NORUB,59.8,5.2667
NORUN,62.4,5.6667
NORTL,61.0667,5.2167
NORYF,70.6333,23.6667
NOSAL,68.8667,17.8167
NOSAC,68.9,17.7167
NOSBU,64.8,11.8667
NOSAT,67.3667,15.5833
NOSAX,59.4833,6.25
NOTRF,59.1167,10.2167
NOSAF,59.55,5.8333
NOSAS,58.85,5.7333
NOSSJ,66.0167,12.6333
NOSAY,68.95,16.6667
NOSDI,59.8833,10.5167
NOSAI,64.3167,10.45
NOANN,58.8833,9.2833
NOSPG,59.2667,11.1
NOSAU,59.6333,6.35
NOSID,60.1833,5.7667
NOSVL,59.2667,5.1833
NOSJE,62.0333,5.3333
NOSEJ,66.1333,13.5833
NOSEV,63.6167,9.7333
NOSJH,69.5,17.4833
NOSRD,68.6333,15.5333
NOSIH,63.7333,8.8333
NOSRV,58.5,5.7833
NOSSS,63.7167,8.8333
NOSJO,62.4667,6.8
NOSJV,68.8833,17.8333
NOSJU,59.8833,10.7667
NOSAA,69.45,17.3
NOSKV,60.3833,5.2333
NOSRH,60.4,5.2
NOSKZ,71.1,25.8167
NOSKB,69.3833,20.25
NOSKE,59.2,9.6
NOSKF,59.2833,6.1333
NOSPK,60.0667,5.6
NOSIP,60.85,5.0333
NOSKH,59.0167,11.0333
NOSKI,59.0,9.75
NOSKY,70.0333,20.9667
NOSLN,61.4833,7.5833
NOSKX,63.7,11.15
NOSRK,69.0667,16.8167
NOSKU,59.1333,5.2667
NOSLG,59.3167,10.5
NOSLM,59.7667,10.4833
NOSLV,60.85,5.0667
NOSMO,63.45,8.0
NOROY,59.8833,10.6167
NOSNF,70.8,24.5667
NOSNV,58.8667,9.3
NOSOG,61.2167,7.1
NOSNE,58.0833,7.8167
NOSLD,61.0667,4.8333
NOSOR,67.1333,13.9833
NOSOJ,69.8,20.9333
NOSRA,69.1333,18.1167
NOSLX,68.7,15.4167
NOSOV,62.4333,6.75
NODER,59.45,10.8
NOSPV,62.45,6.3333
NOSDT,62.1333,5.3167
NOSAK,69.95,19.6667
NOSUZ,68.1167,13.8333
NOSNL,62.2667,6.4333
NOSHT,60.55,5.7333
NOSTA,59.0333,9.7
NOSVG,58.9667,5.75
NOSTV,58.9833,10.0333
NOSVT,63.7,9.95
NOSTE,64.0167,11.4833
NOSTH,62.7833,6.4833
NOSTI,58.9667,6.0
NOSTY,70.3,22.7167
NOSTJ,63.4667,10.8833
NOSTX,69.0167,15.1333
NOSKK,64.0333,10.05
NOSTO,66.3333,13.0
NOSKN,68.5667,14.9
NOSRP,59.75,5.4833
NOSBA,59.75,5.4833
NOSDZ,62.3667,6.9833
NOSTB,60.1,5.2167
NOSRS,59.4167,5.2667
NOSRN,62.3,6.9333
NOSTZ,63.8,8.6833
NOUME,60.3167,5.2833
NOSGJ,62.3333,6.5833
NOSSO,68.7,14.4667
NOSRM,68.65,14.6333
NOSTR,61.8833,6.7
NOSTU,60.6167,4.8667
NOUND,59.3,5.2333
NOSIS,59.8333,5.7167
NOSUN,62.6667,8.55
NOSUR,62.9833,8.6333
NOSVB,59.0167,9.8333
NOSVO,59.55,5.35
NOSVE,61.7667,5.2833
NOSVV,59.6,10.4
NOSVJ,68.2167,14.55
NOSOS,68.2333,14.5333
NOSYK,62.4,6.5667
NOTAL,60.25,4.9833
NOTAE,58.9167,5.5833
NOTAU,59.05,5.9
NOTBO,63.4667,9.0
NOTJR,62.2833,5.7333
NOTJL,65.8167,12.4333
NOTOF,59.5333,10.5667
NOTOM,62.5833,6.9167
NOTNN,66.5167,13.0
NOTON,59.25,10.4167
NOTJU,62.9833,8.25
NOTOR,69.3333,17.1
NOTVA,70.25,19.5
NOTVI,62.3333,5.7333
NOTOV,68.6833,16.9
NOTRO,60.0333,10.0333
NONZY,69.65,19.0167
NOTOS,69.6667,18.9667
NOTMV,69.7833,18.4
NOTRD,63.4333,10.4
NOTUF,71.0,23.9
NOTVE,58.6167,8.9167
NOTSB,60.6167,5.5833
NOTSX,60.1167,6.55
NOTYT,69.6,19.9667
NOULL,60.3167,6.65
NOUBO,69.85,20.7
NOULS,62.3333,5.8333
NOUVK,60.5667,6.9167
NOUSD,59.9333,5.85
NOUTG,59.0833,10.8667
NOUTH,63.7167,9.6
NOUTN,60.4167,6.6
NOUTS,59.3,4.8833
NOUTV,64.6,10.95
NOVHM,61.2,5.8167
NOVDS,70.0667,29.7667
NOVOH,66.7167,13.2833
NOVVG,61.9333,5.05
NOVAK,60.4667,5.7333
NOVBE,58.8833,9.4167
NOVAG,59.7,5.4667
NOVAD,62.3,7.2667
NOVLS,63.85,9.75
NOVAL,59.2667,10.5
NOVAE,63.8167,9.6333
NOVNN,70.1167,19.9667
NOVAN,63.55,10.2333
NOVAO,70.3667,31.1
NOVEY,67.65,12.7
NOVTL,62.3,6.0667
NOVTS,59.4833,5.7333
NOVMD,59.2833,5.2333
NOVEG,65.65,12.0
NOVEO,69.8333,18.5833
NOVER,63.7833,11.4333
NOVST,62.6333,7.0667
NOVIS,61.0833,6.5833
NOIKA,67.2,14.55
NOVSM,63.3833,8.2
NOVIL,59.5,5.9167
NOVHN,66.2,12.9667
NOVKK,58.3667,8.6167
NOVNS,64.35,10.4667
NOVSN,62.95,7.4
NOVDA,62.1333,6.05
NOVLL,68.2,13.6833
NOSAG,59.35,5.3167
NOYTO,61.0833,4.6833
NOAHM,62.033,5.517
NOALS,65.943916,12.47405
NOAUS,66.183,13.233
NOBAR,59.920545,10.593765
NOBGN,69.25,19.35
NOBLK,69.267,15.95
NOFFB,69.217,18.083
NOFLR,61.6,5.033
NOFNN,60.817,4.967
NOGJD,62.533,6.133
NOGJM,62.9174878,7.7953429
NOHBT,70.083,25.033
NOHEM,62.483,6.7
NOHEV,67.4,13.53333
NOHEY,60.333,5.633
NOHGR,60.417,5.3
NOHON,58.55,7.78333
NOHOP,68.2,14.35
NOHVR,63.45,10.41667
NOIND,63.8779478,11.2334981
NOKOL,60.917,4.883
NOKON,60.567,4.817
NOKVR,68.767,16.167
NOLEI,60.96667,9.3
NOLID,68.33333,14.75
NOLSU,63.883,9.867
NOLVK,68.383,14.417
NOLYR,78.21667,15.65
NOMGR,60.633,5.0
NOMIS,67.117,14.983
NOMSD,62.317,5.667
NOMYR,68.91667,15.06667
NONYH,62.85,6.95
NOOLA,63.6695725,9.4919772
NOOLV,60.017,5.8
NOORN,66.86667,13.7
NOOST,60.5695,5.519579
NOOTA,64.85,11.283
NORAU,62.4695759,7.7655107
NOREE,59.483,10.367
NORMV,62.95,7.4
NOSAD,59.11667,10.21667
NOSGT,62.567,7.117
NOSLH,60.0,5.117
NOSNS,68.6,14.45
NOSOF,67.5121822,15.8494042
NOSOY,59.417,5.233
NOSRO,68.167,14.667
NOSTG,67.755765,14.8482838
NOSUS,59.283,5.467
NOTAV,60.117,5.167
NOTHA,63.31667,9.9
NOTOY,59.1,10.233
NOTRN,66.5,12.1
NOULE,62.367,5.817
NOVDL,62.717,7.933
NOVEA,59.3,5.23333
NOVIK,68.51667,17.06667
NOVNJ,63.2,8.983
PLBEK,52.9333,14.15
PLBRK,51.05,19.9
PLBZI,51.45,18.8333
PLBZG,53.15,18.0
PLCPL,52.1667,15.9333
PLCH3,50.7833,17.8167
PLZAA,50.0667,21.2667
PLCDB,54.35,17.55
PL6MA,51.6167,20.95
PLDAR,54.4167,16.4167
PLDCZ,52.3667,21.2833
PLZIC,52.2667,17.2667
PLDZN,54.0333,14.75
PLELB,54.1667,19.3833
PLFBK,54.35,19.6833
PLGDY,54.5,18.55
PLGKZ,54.3667,18.7667
PLZIN,53.4167,19.7667
PLHEL,54.6,18.8
PLIYC,50.0167,21.7667
PLLUU,51.3333,21.8833
PLJDZ,50.7333,16.3333
PLKAO,53.9667,14.7667
PLSJK,53.85,14.3
PLMA9,49.9833,20.3167
PLKOL,54.1833,15.5833
PLMK9,52.9167,20.3167
PLKZ4,49.6833,20.85
PLKLY,51.05,16.6167
PLKPW,52.3,16.6833
PLKOD,52.05,15.0833
PLKMR,54.3833,19.45
PLKRM,54.3833,19.45
PLLEA,54.75,17.55
PLLPN,53.0,14.9667
PLKUY,50.7833,17.5667
PLMID,53.9333,14.45
PLNXA,54.1167,15.8833
PLMKW,50.9833,16.65
PLMRE,54.15,15.3
PLNCH,54.1,15.0667
PLNWA,53.7333,14.3
PLNOW,54.4,18.6667
PLOLA,50.9333,17.3
PLOSD,52.85,14.15
PLPTN,53.1833,22.0833
PLIT5,52.2,20.5667
PLPNW,54.1,16.7
PLPZN,50.8667,16.55
PLRWL,54.0833,15.0167
PLROI,52.5167,16.7333
PLRUC,52.1833,16.35
PLSCA,51.0,21.3167
PLSKN,53.4833,14.6
PLSOP,54.45,18.5667
PLSY2,52.55,17.2833
PLSPA,53.65,14.6167
PLSWI,53.9,14.25
PLTBZ,53.65,14.5167
PLURD,52.2667,14.7
PLUST,54.5833,16.85
PLUMS,54.2167,15.75
PLWZO,53.5333,15.55
PLWIU,53.1268787,14.3906184
PLWLA,54.7833,18.4167
PLWOL,51.5,19.8333
PLWLI,53.85,14.6167
PLZNI,52.85,17.7167
PLGDN,54.35,18.65
PLBLZ,51.9,18.0
PLCHP,54.8,18.36667
PLCPY,54.25,15.98333
PLDEK,54.83333,18.13333
PLDKI,54.36667,16.3
PLJAL,54.53333,16.53333
PLJAN,54.33333,19.03333
PLJLT,54.41667,18.58333
PLKUZ,54.73333,18.56667
PLMEC,54.6,18.5
PLMKZ,54.33333,18.93333
PLMNN,52.9731367,17.0947488
PLNIC,54.1,15.08333
PLOBL,54.43333,19.58333
PLOKY,54.55,18.55
PLOSL,54.66667,18.46667
PLPAA,54.43333,19.76667
PLPII,54.41667,19.58333
PLPLC,53.5520416,14.5720608
PLSAB,54.25,15.95
PLSCD,53.38333,14.63333
PLSGN,54.35,19.1
PLSIS,53.95,14.68333
PLSJP,53.88333,14.36667
PLSTT,54.35,19.16667
PLSUZ,54.28333,19.43333
PLSZZ,53.4285438,14.5528116
PLUNI,54.26667,16.08333
PLWAP,53.86667,14.41667
PLWSG,54.35,18.78333
PLZGO,52.1683289,17.8948883
PTAGD,41.05,-8.65
PTABF,37.0833,-8.25
PTAGR,37.65,-8.8
PTADG,40.4833,-8.5333
PTANG,41.2667,-8.7167
PTADH,38.65,-27.2167
PTGER,41.5833,-7.3833
PTAVE,40.6333,-8.65
PTAZM,38.8333,-9.45
PTBAN,38.6667,-9.2
PTBNG,37.0833,-8.4333
PTBRG,37.0667,-8.7667
PTBUS,40.5,-8.6
PTCAC,38.7667,-9.3
PTCDP,38.5167,-28.3167
PTCAL,38.6,-28.0167
PTCES,41.1333,-7.8
PTCNL,32.7333,-16.7333
PTCRC,38.4833,-9.1
PTCAS,38.7,-9.4167
PTCNV,41.6333,-8.8
PTCNA,38.6,-9.05
PTCLS,37.7333,-8.4667
PTCAP,38.6333,-9.2167
PTDOU,39.8833,-8.2667
PTXZX,40.9333,-8.4167
PTEST,38.7,-9.4
PTFAE,41.5167,-8.7667
PTFAO,37.0167,-7.9333
PTFDF,40.15,-8.8667
PTFDT,38.5667,-9.1833
PTFOZ,39.4333,-9.2167
PTFNC,32.6333,-16.9
PTFUZ,37.05,-7.75
PTGUE,41.2,-8.6
PTHOR,38.5333,-28.6333
PTLOS,37.1,-8.6667
PTLDP,38.3833,-28.2667
PTLAJ,39.3833,-31.1667
PTLNS,41.05,-8.6667
PTLEP,41.2,-8.7
PTLEI,41.1833,-8.6833
PTLIS,38.7167,-9.1333
PTLDR,41.3667,-8.3833
PTLE2,39.6833,-8.8833
PTMAD,38.5333,-28.5333
PTMDM,32.6833,-17.1333
PTMAT,41.1833,-8.7
PTNAV,40.5333,-8.6
PTOEI,38.6833,-9.3167
PTOLH,37.0333,-7.8333
PTOLA,37.0833,-8.1833
PTPVH,38.6833,-8.6667
PTPEN,39.35,-9.3833
PTPFT,41.2167,-8.7
PTAVP,40.8667,-8.45
PTPDL,37.7333,-25.6667
PTPDS,39.25,-8.0167
PTPRM,37.1333,-8.5333
PTOPO,41.15,-8.6167
PTPXO,33.0667,-16.3333
PTPRG,39.05,-27.9667
PTPRV,38.7333,-27.0667
PTRPX,37.8,-25.5833
PTRQU,41.4,-8.4833
PTSAG,37.0,-8.9333
PTDFZ,41.0333,-8.5167
PTSCG,39.0833,-28.0167
PTSCF,39.45,-31.1167
PTSLZ,37.1,-7.65
PTSMS,41.05,-8.2833
PTSMT,38.65,-27.2667
PTAFR,41.1333,-8.6333
PTSHA,41.1833,-8.65
PTSET,38.5333,-8.9
PTSIE,37.95,-8.8667
PTTER,38.7167,-27.2167
PTTOA,40.75,-8.7
PTTRF,38.6667,-9.2333
PTVAG,40.55,-8.75
PTVAB,41.1333,-8.5667
PTNGV,41.1833,-8.5
PTVEL,38.6833,-28.2167
PTVDC,41.7,-8.8333
PTVLC,40.85,-8.3833
PTVFD,38.2167,-7.8167
PTVIC,41.35,-8.75
PTVDP,36.9333,-25.15
PTVFX,38.95,-8.9833
PTVNR,39.0333,-8.9333
PTVNC,39.6667,-31.1
PTVRE,37.2,-7.4167
PTZFM,32.6667,-16.75
PTARP,37.1,-8.35
PTBTR,41.183,-8.383
PTCML,32.633,-16.967
PTCPL,38.583,-28.783
PTCRB,38.5,-8.167
PTGIF,41.2,-8.667
PTMCH,32.7,-16.767
PTMDP,38.53333,-28.51667
PTNRD,37.833,-25.167
PTPCZ,32.767,-16.833
PTPMZ,32.85,-17.167
PTPOM,37.55,-7.533
PTPVC,37.75,-25.25
PTQRT,37.067,-8.1
PTSMO,39.517,-9.133
PTSSB,38.433,-9.1
PTTPO,38.55,-27.783
PTVAR,41.117,-8.467
PTVFC,37.717,-25.433
ROAGI,44.0833,28.6167
ROBAB,44.1667,28.3667
ROBZI,44.8,21.3833
ROBCT,43.7667,23.9333
ROBCN,46.3167,25.3
ROBEZ,45.15,25.5167
ROCAF,43.9833,22.9333
ROCAS,44.2,27.3333
ROCEV,44.35,28.0167
ROCND,44.1833,28.65
ROCOB,43.7667,24.5
ROCTS,46.2833,25.0333
RODTS,44.6333,22.65
ROEFS,44.05,28.6333
ROFET,44.3833,27.8333
ROGAL,45.4333,28.05
ROGRG,43.8833,25.95
ROGUU,44.7333,26.2333
RORVA,44.6833,27.95
ROHDC,46.7667,24.9167
ROISC,45.2667,28.4667
ROJRT,45.7833,27.0667
RO5LI,46.55,24.6333
ROMAG,43.8333,28.5833
ROMED,44.25,28.2667
ROMID,44.3333,28.6167
RONDI,44.3333,28.6167
ROOLT,44.0833,26.65
ROORV,44.7,22.4
ROPPC,47.6,26.35
RORNN,46.307025,23.129894
ROSUL,45.15,29.6667
ROTCE,45.1833,28.8
ROTR5,46.6167,23.7
ROTUM,43.75,24.8833
ROVTR,47.2,26.3167
ROZIC,43.65,25.35
ROCHL,45.4188767,29.2938362
ROCHN,45.183,27.933
ROHAU,45.767,25.55
ROLUM,44.25,28.617
ROMAC,45.25,28.167
ROMAH,45.133,29.133
ROMGU,45.067,25.733
ROOJD,45.983,26.25
ROOVI,44.267,28.567
ROPAL,44.217,28.4
ROPAU,45.0,25.983
ROPES,44.333,23.95
ROPSE,46.1,26.567
ROPTA,46.733,24.717
RORDE,46.9,27.583
ROTUT,45.117,26.633
RSAPT,45.6667,18.9833
RSBPA,45.25,19.3833
RSBZD,45.85,18.9167
RS4SN,43.8667,20.5833
RSDIM,43.0,22.7667
RSDOB,44.8167,20.2167
RSGNJ,42.4667,21.45
RSKMA,43.1333,21.2667
RSMSD,44.6,19.9167
RSPHO,44.2833,22.5833
RSSKA,45.2,19.9333
RSVGS,44.75,21.5
RSVS4,45.25,19.75
RSVRA,42.55,21.9
RUZCA,58.3667,31.8833
RUBNK,59.9167,29.6667
RUGSA,60.05,29.9667
RUKPA,62.2,34.2833
RUKMA,64.6833,30.8167
RUBRK,59.9,29.7333
RUOZK,69.7167,32.1167
RUPNY,54.95,20.2167
RURZV,56.25,34.3333
RULED,59.8833,30.25
RUSZZ,60.1,29.95
RUSSK,55.0667,21.8833
RUSTY,54.7,20.5
RUURA,69.2833,32.8
RUULU,59.6667,28.3167
RUVIT,67.0833,32.3333
RUVYS,60.6333,28.5667
RUYTS,55.0667,32.6667
RUBLT,54.6591222,19.9228947
RUKGD,54.7104264,20.4522144
RUMMK,68.9781,33.0563
RUSVE,58.422778,30.065556
SEAGB,57.7833,11.9833
SEAHU,55.9167,14.2833
SEALA,61.2167,17.15
SEAGN,57.95,12.1167
SEALN,59.3833,13.1833
SEAMA,59.05,12.7
SEAGE,62.5167,15.6167
SEARA,59.3833,15.85
SEBAA,59.5833,17.5
SEBBH,55.75,12.9
SEBGA,59.0833,18.15
SEBEA,56.3833,16.0833
SEBER,59.3167,18.1667
SEBJR,55.7167,13.0167
SEBOH,57.85,12.0
SEBOL,63.0,17.6833
SEBVK,58.6333,16.5333
SEBRO,58.35,11.3833
SEBRU,63.0833,14.8167
SEDJN,58.6333,16.35
SEDRT,59.3167,17.8833
SEELL,56.1667,14.75
SEELO,58.1833,11.4667
SEENK,59.6667,17.1
SEESS,62.3,17.3833
SEFAG,56.8833,12.5
SEFAR,56.65,16.45
SEFLI,57.55,16.5833
SEFOR,60.3667,18.15
SEGAM,57.9,16.4
SEGVX,60.6667,17.1667
SEGLM,56.9333,12.35
SEGOR,59.35,17.05
SEGOA,58.1167,12.1333
SEGOT,57.7167,11.9667
SEGKV,57.3333,17.1
SEGRH,60.1,18.8333
SEGNR,60.5167,17.7333
SEGRU,59.3333,13.1167
SEGUS,62.8333,17.8833
SEGKS,59.3167,18.3
SEHAC,62.9167,14.5167
SEHAK,60.05,18.6
SEHAD,56.6667,12.85
SEHMR,58.8167,14.95
SEHAN,60.1667,18.4667
SEHND,62.6333,17.9333
SEHBV,59.35,17.4833
SEHST,58.5167,11.2833
SEHOG,56.2,12.55
SEHON,58.6333,13.4167
SEHNF,63.6333,19.9
SEHUV,61.7333,17.1
SEHUS,63.3333,19.1667
SEIGG,61.6333,17.0667
SEJAR,59.4,17.8667
SEJNA,57.9833,11.8167
SEKGG,59.0833,17.7833
SEKLR,56.6667,16.3667
SEKAL,59.55,17.55
SEKVK,59.0667,11.1833
SEKPS,59.7167,19.0667
SEKPH,57.85,18.7833
SEKRH,56.95,16.9
SEKBK,60.5167,17.6167
SEKXV,58.5300853,14.5105655
SEKAN,56.1667,14.85
SEKAA,56.1667,15.5833
SEKSD,59.3667,13.5
SEKAS,60.6833,17.2667
SEKLD,57.95,11.5333
SEKGM,55.5333,12.9167
SEKLA,57.1333,15.1333
SEKLI,57.4,18.2
SEKOG,59.5167,15.9833
SEKMH,63.1667,18.5667
SEKRF,62.9333,17.7833
SEKHN,59.3333,14.1167
SEKUA,57.4833,12.0833
SEKUN,58.35,11.25
SEKGR,59.4333,16.1
SEKKS,58.0167,11.5167
SELAA,55.8667,12.8333
SELAV,57.6833,12.2
SELDK,58.5,13.5
SELED,58.1333,12.1333
SELIM,55.5833,12.95
SELIS,59.7667,19.1333
SELJP,57.5667,13.5833
SELJU,61.2167,17.1333
SELOD,55.7667,13.0167
SELDO,58.0333,12.1333
SELOT,59.4167,17.5833
SELUG,63.2833,18.7333
SELLA,65.5833,22.15
SELYS,58.2833,11.4333
SEMMA,55.6,13.0
SEMAD,58.7,13.8167
SEMSD,57.8833,13.5833
SEMAV,58.55,16.8333
SEMLE,56.2833,12.5
SEMON,57.0333,16.4333
SEMOR,56.5167,16.3833
SEMSK,58.9667,18.1167
SENOL,57.9167,12.0667
SENST,62.8667,18.0333
SENOG,63.6667,19.4167
SENRK,58.6,16.1833
SENOT,60.95,17.1333
SENOE,59.75,18.7167
SENYO,58.9167,17.1667
SENYN,58.9,17.95
SEOEN,59.4667,17.3833
SEOER,63.3,18.7167
SEORT,62.3833,17.35
SEOSK,57.2667,16.4333
SEOST,62.4667,17.3167
SEOTT,58.95,14.0333
SEOXE,58.6667,17.1
SEPHM,56.9167,16.4167
SEPIT,65.3333,21.5
SERIN,57.25,12.0833
SERNH,57.1667,18.4833
SERNG,57.9333,11.5833
SERNB,56.2,15.3
SERBY,56.1833,15.3
SERUV,63.5333,19.4333
SESAF,59.1333,12.9167
SESTR,57.6167,11.7667
SESGT,59.6167,17.7167
SESPP,57.4167,16.6667
SESIM,55.55,14.3333
SESGM,63.2167,19.0167
SESNR,55.4167,12.85
SESKM,57.9833,11.55
SESKT,59.4167,13.6333
SESFT,64.7667,20.95
SESKE,64.6833,21.2333
SESKO,59.3333,13.4333
SESSR,60.6333,17.4167
SESLI,57.7167,18.8
SESOE,59.2,17.6167
SESOL,56.05,14.55
SESOR,62.5,17.5
SESTJ,56.8333,13.8
SESTE,58.75,11.8167
SESTG,58.8,16.7833
SESTA,61.8833,17.3333
SESTO,59.3333,18.05
SESTK,62.3333,17.35
SESTV,58.9333,17.8
SESUS,57.75,18.8167
SESMN,65.1,17.1
SEKAF,57.8833,19.0167
SESTQ,59.3833,17.0333
SESMD,58.9333,11.1833
SESDS,58.7667,17.3833
SESTU,61.3,17.05
SESDK,62.45,17.35
SESDL,62.3833,17.3
SESUR,57.8167,12.0167
SESND,58.1333,11.8333
SETTD,57.1833,18.5333
SETOA,59.4167,16.45
SETSL,57.05,12.2667
SETRG,55.3667,13.1667
SETHN,58.2667,12.3
SETUN,62.4,17.3667
SEUDD,58.3667,11.9333
SEUME,63.8333,20.25
SEUND,59.2667,17.5333
SEUPP,59.8667,17.6333
SEVAA,59.4,13.1667
SEVAL,61.1833,17.1833
SEVAN,58.3667,12.3167
SEVRB,59.25,17.8667
SEVGN,58.3667,12.3667
SEVST,59.6167,16.55
SEVVK,57.75,16.6333
SEVXH,59.4,18.3333
SEVBY,57.6333,18.3
SEVGO,57.5667,11.7833
SEWAL,58.0167,11.7
SEYST,55.4167,13.8167
SEABB,55.4,13.6
SEAHO,57.95,11.56667
SEAKH,58.8,17.55
SEAKN,58.8,17.83333
SEALD,58.06667,11.7
SEALJ,57.16667,16.91667
SEALK,58.63333,16.98333
SEALL,56.96667,16.76667
SEALR,55.93333,12.78333
SEALX,57.55,16.68333
SEAND,56.36667,12.73333
SEANH,58.06667,11.5
SEANR,60.48333,18.06667
SEANS,57.18333,12.18333
SEAPO,56.11667,15.51667
SEARB,61.4722514,16.3783567
SEARO,61.7,17.38333
SEASJ,58.43333,16.96667
SEASN,58.75,17.4
SEASO,58.3,16.83333
SEASP,57.66667,11.8
SEASR,57.76667,16.76667
SEATL,57.93333,11.58333
SEAVA,63.5,19.35
SEAVN,58.03333,11.5
SEBAI,58.83333,17.28333
SEBAK,55.6,14.31667
SEBAN,62.63333,17.93333
SEBAO,61.71667,17.51667
SEBAV,64.18333,21.05
SEBAY,60.16667,18.76667
SEBEB,65.65,22.25
SEBEG,59.4,18.88333
SEBEK,58.73333,17.15
SEBEN,62.81667,18.25
SEBES,55.35,13.41667
SEBEV,59.21667,18.38333
SEBGD,59.51667,16.15
SEBGE,58.98333,11.15
SEBGN,61.81667,17.4
SEBHN,62.88333,18.45
SEBIN,60.65,17.5
SEBIO,59.1,18.71667
SEBJB,64.46667,21.58333
SEBJH,58.05,11.51667
SEBJO,58.1,16.85
SEBJS,60.3,18.55
SEBKA,58.3,11.53333
SEBKK,56.15,15.16667
SEBKO,59.36667,18.98333
SEBKV,62.25,17.51667
SEBLI,56.61667,16.7
SEBLT,57.95,11.56667
SEBML,58.35,11.35
SEBNM,62.5,17.7
SEBNN,60.73333,17.31667
SEBNT,55.51667,14.35
SEBOA,61.55,17.06667
SEBOB,57.73333,11.68333
SEBOE,55.35,13.31667
SEBOK,58.1,16.83333
SEBOM,56.8802297,16.6562355
SEBOU,55.9,12.8
SEBRB,56.3,16.0
SEBRI,58.48333,11.31667
SEBRK,62.18333,17.68333
SEBRL,58.08333,11.5
SEBRN,57.65,11.76667
SEBRR,57.81667,11.66667
SEBRV,63.55,19.56667
SEBSD,58.0,11.75
SEBSE,57.9,18.85
SEBSO,56.11667,15.68333
SEBSV,62.5,17.81667
SEBTT,57.91667,11.73333
SEBTV,64.95,21.3
SEBUA,57.23333,12.11667
SEBUD,57.51667,11.93333
SEBUS,57.8,19.08333
SEBVL,57.58333,18.8
SEBYA,64.06667,20.85
SEBYE,64.95,21.23333
SEBYH,59.9,18.98333
SEDAB,58.58333,16.31667
SEDAV,58.91667,11.16667
SEDEO,58.7000963,15.15074
SEDGT,57.31667,16.56667
SEDJE,61.71667,17.16667
SEDJK,57.3,18.15
SEDJO,59.31667,18.7
SEDJR,56.43333,16.11667
SEDJS,56.06667,14.71667
SEDJV,61.28333,17.16667
SEDJY,57.25,18.7
SEDOS,56.11667,12.6
SEDYO,58.58333,11.21667
SEDYR,57.93333,11.61667
SEEDK,58.71667,11.23333
SEEDL,58.1,11.46667
SEEGP,58.65,17.01667
SEEKA,56.51667,16.18333
SEEKK,56.15,14.98333
SEEKN,56.13333,15.73333
SEEKO,57.81667,16.78333
SEEKV,57.96667,19.25
SEENG,60.73333,17.28333
SEERB,58.78333,17.46667
SEERD,60.33333,18.53333
SEESK,60.8,17.3
SEESO,56.1,15.63333
SEFAH,62.9,18.33333
SEFAL,56.03333,14.56667
SEFAO,58.18333,16.93333
SEFAT,60.6,17.93333
SEFAU,57.0,18.4
SEFEJ,59.73333,19.16667
SEFGH,62.1,17.46667
SEFGL,56.23333,16.01667
SEFGV,56.28333,12.5
SEFIG,57.3755731,16.560002
SEFIL,59.7139973,14.1698445
SEFIT,58.35,11.26667
SEFJE,61.51667,17.1
SEFJG,59.03333,18.51667
SEFLA,57.61667,16.66667
SEFLN,58.21667,11.51667
SEFLO,60.21667,18.65
SEFLP,57.98333,16.81667
SEFLU,57.1,18.4
SEFOT,57.66667,11.65
SEFRA,62.90968,17.81645
SEFRT,55.95,12.75
SEFSK,55.4,12.95
SEFUD,59.66667,18.91667
SEFUN,57.28333,16.61667
SEFUR,56.1,14.7
SEFUV,60.65,17.35
SEFYR,58.2,16.85
SEGAB,56.6,16.65
SEGAH,61.0,17.25
SEGAK,57.01667,12.33333
SEGAN,56.15,15.08333
SEGAO,58.23333,11.41667
SEGAT,62.76667,17.95
SEGAV,62.6,18.03333
SEGDD,59.76667,19.03333
SEGDK,60.63333,17.61667
SEGDL,56.78333,16.73333
SEGDN,57.11667,18.2
SEGDV,64.3,21.31667
SEGEA,58.66667,16.3
SEGEG,58.48333,11.33333
SEGEN,57.11667,12.23333
SEGER,58.01667,11.8
SEGHN,64.21667,21.08333
SEGHO,56.1,15.48333
SEGIE,59.11667,18.65
SEGIL,55.35,13.23333
SEGLL,59.38333,18.68333
SEGLN,56.93333,12.35
SEGLT,58.81667,11.21667
SEGNG,56.26667,16.4
SEGNI,57.5,18.11667
SEGOH,55.85,14.23333
SEGON,60.71667,17.26667
SEGOO,57.7,11.68333
SEGOX,56.13333,15.31667
SEGRG,56.31667,16.53333
SEGRR,57.88333,16.68333
SEGSH,56.83333,12.55
SEGSM,58.28333,16.98333
SEGSN,56.78333,16.41667
SEGSR,59.28333,19.03333
SEGSS,63.18333,18.9
SEGTT,57.38333,12.01667
SEGUA,64.4,21.48333
SEGUE,60.5,18.01667
SEGUH,58.9,11.16667
SEGUL,58.18333,11.4
SEGVK,56.63333,12.78333
SEGYO,56.15,15.06667
SEHAE,62.0,17.4
SEHAM,57.56667,16.66667
SEHAO,56.01667,14.83333
SEHAP,57.68333,16.75
SEHAT,58.71667,17.48333
SEHAU,58.61667,16.98333
SEHAY,56.58333,16.23333
SEHBG,58.5527998,11.2713546
SEHBK,58.4,11.56667
SEHBO,58.55,11.26667
SEHDH,57.16667,18.33333
SEHEK,57.41667,18.91667
SEHEL,56.0464674,12.6945121
SEHEN,58.25,11.68333
SEHEO,62.71667,18.06667
SEHGO,58.75,17.3
SEHGV,62.9,18.3
SEHHE,57.7,11.66667
SEHHO,56.11667,15.45
SEHHS,57.45,12.06667
SEHHU,57.91667,18.75
SEHIO,65.58333,22.6
SEHJK,59.38333,19.01667
SEHJL,58.11667,11.65
SEHJR,56.23333,12.73333
SEHJT,58.6,11.25
SEHJU,57.71667,11.71667
SEHKL,57.68333,11.65
SEHKO,58.25,16.91667
SEHKS,60.76667,17.31667
SEHLB,58.05,11.53333
SEHLE,56.1,15.46667
SEHLK,55.41667,12.93333
SEHLM,63.8,20.86667
SEHLV,56.01667,14.7
SEHMA,61.93333,17.21667
SEHOM,58.38333,11.56667
SEHOS,57.38333,16.55
SEHOT,55.38333,13.55
SEHRL,57.95,16.78333
SEHSA,58.25,17.0
SEHSH,56.08333,15.76667
SEHSL,57.83333,16.75
SEHSO,57.73333,11.66667
SEHSS,60.53333,17.73333
SEHTE,57.21667,18.6
SEHTV,58.58333,11.21667
SEHUK,58.63333,17.03333
SEHUL,57.83333,19.03333
SEHUM,61.33333,17.18333
SEHVK,56.05,14.76667
SEHVN,58.03333,11.76667
SEHVS,58.11667,11.45
SEHVT,58.36667,11.3
SEIDO,57.71667,16.76667
SEIGN,60.88333,17.28333
SEIGO,60.86667,17.28333
SEINN,56.05,15.76667
SEINO,59.48333,18.75
SEINR,58.38333,11.43333
SEIVA,63.85,20.68333
SEJAA,58.83333,17.91667
SEJAB,63.43333,19.68333
SEJAD,58.63333,16.45
SEJAN,58.61667,13.01667
SEJAS,60.13333,18.51667
SEJBD,62.23333,17.61667
SEJNK,65.45,22.4
SEJOD,56.16667,15.41667
SEJOG,56.13333,14.98333
SEJOS,58.51667,16.83333
SEJSO,57.58333,16.66667
SEJUS,62.3,17.46667
SEJUT,59.11667,18.41667
SEKAB,55.38333,14.06667
SEKAH,57.11667,16.28333
SEKAP,55.4,12.98333
SEKAR,58.11667,11.36667
SEKAU,56.81667,16.83333
SEKAV,64.33333,21.36667
SEKBN,65.8,23.3
SEKDD,58.53333,11.25
SEKKA,55.68333,14.26667
SEKKD,59.0,11.45
SEKKN,57.75,11.65
SEKKR,59.5,19.16667
SEKKT,56.16667,15.56667
SEKLC,61.36667,17.23333
SEKLG,57.58333,11.93333
SEKLK,64.33333,21.36667
SEKLM,56.66667,16.36667
SEKLN,61.1,17.26667
SEKLS,58.05,16.81667
SEKLT,58.76667,11.21667
SEKLU,60.53333,18.0
SEKNG,65.85,22.36667
SEKNI,57.75,11.65
SEKNO,56.16667,15.66667
SEKOD,56.53333,16.21667
SEKOH,58.9,11.05
SEKOV,56.88333,16.71667
SEKPK,58.65,11.28333
SEKRA,61.56667,17.33333
SEKRE,63.5,19.75
SEKRL,56.25,16.06667
SEKRM,58.21667,16.91667
SEKRS,56.05,14.76667
SEKSH,57.68333,11.71667
SEKSM,63.75,20.38333
SEKSO,58.36667,16.88333
SEKSS,58.7,11.21667
SEKTO,58.2,16.88333
SEKUG,56.15,15.38333
SEKUL,60.61667,17.43333
SEKUO,61.7,17.51667
SEKUS,58.23333,11.58333
SEKUV,57.869754,11.9740317
SEKVE,56.15,14.78333
SEKVO,58.63333,16.63333
SEKVR,57.3,16.51667
SEKVS,57.71667,11.68333
SEKXN,65.8,23.18333
SEKYL,55.43333,14.23333
SEKYV,55.9,12.68333
SELAB,61.75,17.38333
SELAC,58.75,17.56667
SELAD,60.65,17.55
SELAG,57.85,11.63333
SELAK,59.45,18.91667
SELAP,64.88333,21.21667
SELAS,58.63333,11.28333
SELAT,58.75,17.86667
SELAU,57.95,19.08333
SELDD,62.23333,17.65
SELEI,56.33333,12.75
SELEL,57.45,11.91667
SELET,56.18333,12.55
SELEV,57.78333,18.98333
SELGD,57.66667,11.85
SELGG,59.08333,18.28333
SELGV,57.65,16.65
SELHA,55.43333,12.95
SELHU,58.43333,16.76667
SELIC,57.83333,18.51667
SELIH,58.88333,11.13333
SELJE,58.21667,11.91667
SELJN,57.31667,18.71667
SELKD,56.1,14.71667
SELKO,58.3,11.36667
SELNE,59.05,11.16667
SELNF,61.93333,17.33333
SELNN,61.95,17.3
SELNO,65.53333,22.55
SELNS,59.4,19.2
SELOA,59.41667,18.9
SELOG,63.55,19.4
SELOH,64.3,21.25
SELOO,59.56667,18.7
SELOR,56.06667,14.7
SELOS,61.2213499,17.1890622
SELOV,65.7555485,22.8028526
SELRN,60.33333,18.58333
SELSO,58.95,17.76667
SELTT,57.16667,17.0
SELUK,58.85,17.55
SELUN,59.3140221,18.022111
SELVI,65.41667,21.85
SELVN,58.18333,11.41667
SELVO,56.98333,16.46667
SELXV,56.6,12.93333
SELYE,58.28333,11.53333
SELYK,58.21667,11.9
SELYR,58.1,11.53333
SEMAB,60.25,18.53333
SEMAK,61.15,17.15
SEMAM,55.76667,14.15
SEMAO,57.65,16.7
SEMAS,56.3,12.8
SEMEN,61.95,17.35
SEMHN,65.76667,23.2
SEMJN,58.06667,11.66667
SEMJV,62.98333,18.41667
SEMKO,59.0,17.66667
SEMLA,58.35,16.73333
SEMLM,57.81667,16.68333
SEMOD,58.93333,11.13333
SEMOS,55.41667,13.61667
SEMSO,58.71667,17.16667
SEMTT,63.21667,18.95
SEMUN,65.28459,21.52439
SEMUS,58.63333,11.25
SENAD,57.35,17.08333
SENAE,63.15,18.53333
SENAO,59.2,18.7
SENAR,57.23333,18.66667
SENAT,57.61667,11.9
SENBY,63.56667,19.81667
SENDA,56.11667,15.65
SENFI,58.33333,16.85
SENFJ,62.06667,17.43333
SENFN,63.86667,20.73333
SENGR,58.3,11.41667
SENIA,65.8,23.93333
SENIN,57.3,11.9
SENLO,59.35,18.4
SENMA,57.65,16.7
SENNS,57.13333,12.21667
SENOB,56.45,12.68333
SENOD,56.0,14.73333
SENOF,65.4,21.51667
SENOH,60.03333,18.85
SENOK,58.9,11.01667
SENON,62.98333,18.53333
SENOR,63.55272,19.87607
SENRJ,56.11667,14.66667
SENRR,58.933,17.967
SENVL,57.66667,16.68333
SENVS,57.98333,11.55
SENYE,56.25,12.53333
SENYS,58.8,17.38333
SEODD,58.91667,11.13333
SEOEO,57.61667,16.71667
SEOKO,57.01667,16.5
SEOLA,59.55,18.8
SEONN,57.63333,11.86667
SEORH,55.45,14.26667
SEORI,58.38333,11.36667
SEORM,60.26667,18.65
SEORN,58.38333,11.31667
SEORO,59.05,18.43333
SEORX,57.56667,16.76667
SEOSN,56.13333,15.76667
SEOTN,63.81667,20.7
SEOTO,58.65,11.23333
SEOTP,55.35,13.35
SEOTR,56.0,14.65
SEOVA,60.61667,17.45
SEOXN,62.46667,17.66667
SEOXV,58.26667,11.5
SEPAD,56.96667,16.36667
SEPAL,65.8,22.9
SEPIS,65.23333,21.51667
SEPRG,61.35,17.33333
SEPRH,62.71667,18.13333
SERAB,58.26667,11.83333
SERAE,65.83333,22.3
SERAH,58.85,11.18333
SERAK,58.2,11.45
SERAO,57.38333,11.93333
SERAS,59.75,19.08333
SEREA,59.43333,18.33333
SEREK,56.23333,12.66667
SEREN,65.01667,21.38333
SEREO,65.33333,21.63333
SERES,58.8,11.16667
SERGO,58.73333,17.3
SERIB,64.51667,21.38333
SERIG,65.8,23.25
SERIO,58.73333,17.45
SERIS,58.4,16.88333
SEROA,59.6,19.16667
SEROD,59.6,19.16667
SEROH,57.36667,11.98333
SEROK,65.8,22.6
SEROO,57.76667,11.61667
SERRV,57.18333,12.2
SERSD,58.06667,11.65
SERSM,59.43333,18.91667
SERSO,58.83333,11.06667
SERSS,58.85,11.18333
SERTN,58.23333,11.86667
SERUO,57.16667,16.53333
SERVG,63.73333,20.53333
SERYS,56.8,16.35
SESAB,57.28333,12.13333
SESAD,57.16667,17.05
SESAG,65.85,23.5
SESAH,56.1,15.86667
SESAI,65.83333,23.66667
SESAM,57.36667,12.0
SESAO,59.35,18.6
SESAT,58.88333,11.13333
SESAU,58.76667,17.48333
SESAV,58.66667,16.4
SESAX,56.16667,15.23333
SESBA,59.56667,18.78333
SESBB,59.32505,18.26394
SESBE,64.58333,21.3
SESCA,61.9,17.35
SESCK,57.96667,11.55
SESDD,58.01667,14.18333
SESDG,60.31667,18.53333
SESDM,59.28333,18.91667
SESDN,59.2878703,18.9108304
SESDO,57.81667,16.76667
SESDV,57.06667,16.85
SESEA,55.5089084,13.2371097
SESEL,58.96667,11.13333
SESEN,56.13333,15.75
SESEO,56.8,12.61667
SESER,57.8,11.75
SESFO,58.3,16.86667
SESGH,58.0,16.73333
SESGI,57.9,16.8
SESGK,61.85,17.3
SESGN,56.78333,16.45
SESGR,58.28333,11.68333
SESHN,57.86667,16.81667
SESHO,55.4,13.46667
SESIA,60.58333,17.81667
SESIL,63.76667,20.45
SESIO,60.18333,18.75
SESIS,65.85,22.68333
SESIV,60.66667,17.28333
SESJN,61.16667,17.33333
SESJU,57.36667,18.8
SESKD,58.08333,11.71667
SESKP,63.2,19.01667
SESLA,60.26667,18.61667
SESLD,56.26667,12.85
SESLE,55.46667,14.28333
SESLH,57.66667,11.85
SESLK,56.68333,12.68333
SESLO,58.53333,11.28333
SESLS,57.7,18.35
SESLU,58.26667,11.76667
SESLV,57.3,16.5
SESMH,57.43333,11.91667
SESMR,57.46667,16.7
SESMV,57.41667,16.65
SESMY,55.33333,13.36667
SESNH,55.65,14.28333
SESNO,56.65,16.33333
SESNS,58.63333,16.58333
SESNV,62.36667,17.4
SESOB,60.45,18.38333
SESOC,61.53333,17.2
SESOF,62.03333,17.43333
SESOG,58.4759013,16.3234307
SESOH,62.56667,17.95
SESOS,58.8,11.15
SESPB,59.7,18.86667
SESPI,62.36667,17.53333
SESPO,56.16667,15.21667
SESPV,63.8,20.58333
SESRE,55.38333,13.05
SESRK,58.3,11.38333
SESRL,56.75,12.65
SESRN,60.28333,18.63333
SESRO,65.73333,23.08333
SESRP,56.55,12.95
SESRR,56.75,16.53333
SESRS,61.38333,17.11667
SESRT,56.26667,12.61667
SESRV,56.41667,16.58333
SESSK,57.98333,16.75
SESSN,59.58333,18.96667
SESST,59.35,18.95
SESTB,65.51667,22.51667
SESTF,56.91667,12.43333
SESTH,59.36667,17.21667
SESTM,65.55,22.23333
SESTT,58.21667,11.48333
SESTX,56.15,15.16667
SESTY,58.9,11.11667
SESUG,59.3670471,17.9663093
SESUK,58.85,17.55
SESVH,56.11667,15.9
SESVL,56.25,12.66667
SESVN,62.95,17.76667
SESVT,57.08333,16.56667
SESVU,59.4,18.78333
SESVZ,58.81667,17.08333
SESYE,57.38333,18.88333
SESYK,58.86667,11.03333
SESYV,56.13333,15.36667
SETAF,63.83333,20.48333
SETAL,61.28333,17.23333
SETAR,60.55,17.76667
SETCK,59.75,19.13333
SETDS,62.43333,17.68333
SETGL,58.53333,11.26667
SETGN,57.61667,11.76667
SETGT,59.36667,18.98333
SETJA,58.86667,11.15
SETJK,57.93333,11.56667
SETJR,56.11667,15.61667
SETJU,57.9,11.71667
SETKT,57.43333,12.1
SETMM,56.96667,16.45
SETNN,58.4,16.73333
SETOH,56.1,15.83333
SETOL,58.3,11.71667
SETOO,58.35,16.78333
SETRH,61.1,17.2
SETRM,56.16667,14.96667
SETRN,56.11667,14.98333
SETRO,56.15,15.18333
SETRU,65.38333,21.76667
SETRV,57.05,12.26667
SETRY,63.13333,18.78333
SETSD,58.66667,11.26667
SETST,59.45,18.8
SETUH,57.73333,11.73333
SETYA,58.85,17.23333
SETYD,62.43333,17.63333
SETYT,58.31667,16.9
SEULH,63.01667,18.66667
SEULK,57.4,12.1
SEULT,63.26667,19.08333
SEUNR,56.05,15.8
SEUPB,60.61667,17.4
SEUTL,56.03333,15.78333
SEUTN,55.95,15.7
SEUTO,58.96667,18.33333
SEUTS,56.1,15.7
SEUTV,60.75,17.35
SEVAB,58.76667,11.2
SEVAE,56.06667,14.53333
SEVAG,57.107118,12.2520907
SEVAS,56.9,16.88333
SEVAV,57.18333,16.46667
SEVDB,56.95,18.31667
SEVDH,57.83333,11.7
SEVDK,57.95,16.81667
SEVDT,63.6,19.85
SEVEH,56.21667,12.78333
SEVEJ,56.31667,12.76667
SEVEN,58.75,11.16667
SEVEO,57.58333,16.7
SEVHT,61.21667,17.21667
SEVIB,58.36667,11.45
SEVID,57.25,12.11667
SEVIE,59.08333,18.6
SEVIH,55.73333,12.96667
SEVJE,56.05,14.55
SEVJR,58.38333,11.26667
SEVKA,56.16667,15.63333
SEVKL,56.05,14.88333
SEVLL,57.48333,11.93333
SEVLO,57.11667,16.6
SEVNK,58.9,11.01667
SEVNN,56.48333,16.15
SEVNO,57.51667,16.68333
SEVRN,57.56667,11.78333
SEVRO,58.4,16.85
SEVSN,56.03333,14.58333
SEVSO,58.35,16.88333
SEVSR,57.45,18.15
SEVTM,55.7,14.21667
SEVTN,59.7,18.96667
SEVTO,59.81667,18.95
SEVTS,59.05,18.16667
SEYTB,57.96667,16.8
SEYTK,64.66667,21.11667
SEYTO,56.1,15.78333
SEYXN,59.61667,18.86667
SEYXO,58.95,18.01667
SIDBO,45.9974545,13.5270951
SIJCE,46.4167,14.0667
SISLV,46.1696293,14.6907259
SISML,46.5167,16.05
SIROG,46.8,16.0333
SISEC,45.4667,13.6167
SIS8L,46.2167,14.2
SITOL,46.1667,13.7167
SILU6,46.1833,14.8667
SIVOJ,46.2833,15.3
SIVRA,46.2333,14.95
SIVB9,45.65,14.0167
SIVUH,46.5833,15.2333
SIZAB,46.1833,14.3167
SIZBU,46.05,15.3667
SIZ42,46.1333,15.0
SIZAG,45.85,14.8333
SIZAV,46.3833,16.0333
SIZDO,45.9667,15.5333
SIZET,46.2667,15.7833
SIZGB,46.2667,14.2833
SIZGK,46.5167,15.75
SIZGL,46.3333,15.65
SIZGP,46.4167,15.6
SIZGV,46.6667,15.7667
SIZ95,46.3833,14.4667
SIXZA,46.6333,15.75
SIZ35,46.3167,15.9333
SIZID,46.0833,15.1667
SIZIR,46.4,14.1333
SIZUZ,45.8333,14.9167
SIKOP,46.1919247,13.7797783
SJBAR,78.0667,14.2
SJLYR,78.2167,15.6333
SJNYA,78.9333,11.95
SJSVE,77.85,16.65
SKDVO,48.3559471,17.7969033
SKGLT,48.2,17.7167
SKKAO,47.9,17.9833
SKKVE,48.05,17.35
SKXCV,48.45,21.6833
SKMAT,47.85,18.1167
SKHIL,48.2167,18.0667
SKPOP,49.05,20.3
SKPLB,48.3667,19.5167
SKK87,48.7,21.3333
SKSLK,48.3667,17.75
SKDF4,49.0,20.3667
SKTEP,49.2333,18.8
SKTLM,48.2833,18.5333
SKTNA,48.3667,17.5833
SKTUT,48.8667,18.8667
SKDXZ,48.8167,19.5833
SKVZK,48.2,19.45
SKZIA,48.5833,18.8667
SKBAB,48.130556,17.145
SKMOD,48.333,17.317
SMAQ8,43.95,12.4
UAERD,46.75,36.7667
UABGD,46.1833,30.3667
UAILK,46.3167,30.6667
UAIZM,45.3167,28.85
UAKHE,46.6167,32.6167
UAKIA,45.4333,29.2667
UAMPW,47.05,37.5
UANLV,46.9333,32.0
UAODS,46.5,30.75
UAOCT,46.8333,31.95
UAYUZ,46.6,31.0167
UARNI,45.4167,28.2833
UASKD,46.1,32.9
UADSK,49.05,33.2333
UAUDY,45.4667,29.7
UAZPR,47.8167,35.1667
UAOCH,46.6,31.567
UAVYL,45.4,29.583
GIGIB,36.140751,-5.353585
AOBDT,-16.6,11.7333
AOGIM,-7.5333,12.1667
AOGIR,-7.6333,11.6833
AOGPO,-7.8333,12.1167
AONQI,-5.85,13.4333
AOBAB,-14.833,12.233
AOBDD,-8.4162307,13.7289167
AOCAB,-5.5775197,12.1927103
AOCPO,-7.983,13.167
AOCUI,-12.983,12.983
AODAL,-7.683,11.783
AODGR,-12.9498166,13.0990809
AOETN,-6.333,12.167
AOFBY,-12.617,13.2
AOFLT,-5.45,12.183
AOKOT,-5.433,11.483
AOLAA,-5.2380661,12.1461203
AOLAD,-8.8146556,13.2301756
AOLBT,-6.983,12.35
AOLOB,-12.3757287,13.5610451
AOLUC,-13.8655608,12.5269347
AOMSZ,-15.1978317,12.1575544
AONTO,-7.267,12.85
AOPBN,-10.7330115,13.7694692
AOPSA,-15.133,12.133
AORSN,-14.25,12.333
AOSTL,-6.083,12.383
AOSZA,-6.1410265,12.3521148
BFOB2,12.5833,-1.3
BICBK,-2.9107321,29.1262613
BJPTN,6.4833,2.6167
BJCOO,6.3702928,2.3912362
BWDUK,-20.5833,26.5333
BWMAH,-23.1,26.8333
CDBOA,-5.8396417,13.0702646
CDMAT,-5.8508719,13.4627375
CGMOS,-1.2167,16.8
CGPNR,-4.8,11.85
CIABJ,5.3333,-4.0167
CIASS,5.1167,-3.2833
CIBAO,4.95,-4.55
CIDAB,5.3167,-4.3667
CIFRE,5.0833,-5.5667
CIGBA,5.4667,-5.5833
CIGLU,5.1333,-5.0167
CIJAC,5.2,-4.4167
CIPBT,5.25,-3.9667
CISPY,4.7333,-6.6167
CIESP,5.067,-4.383
CMGOU,9.3,13.4
CMKUM,4.6333,9.4333
CMLIM,4.0167,9.2167
CMDLA,4.0510564,9.7678687
CMKBI,2.9405941,9.9101915
CVMIN,16.8833,-25.0
CVGRA,16.8667,-25.0
CVRAI,14.93305,-23.5133267
DJPOD,11.5833,43.1333
DJDCT,11.5975178,43.1051567
DZALG,36.75,3.05
DZAZW,35.8667,-0.3167
DZBSF,35.2833,-1.3833
DZBHA,35.8,-0.2667
DZCHE,36.6,2.2
DZCOL,37.0167,6.55
DZDEL,36.9167,3.8833
DZGHA,32.4833,3.6667
DZGHZ,35.1,-1.85
DZKHE,36.4833,5.2667
DZ2ON,35.6833,-0.6333
DZROU,36.7333,3.2833
DZTEN,36.5167,1.3167
DZTLM,34.8667,-1.3
DZAAE,36.9264582,7.7525352
DZBJA,36.7508896,5.0567333
DZDJE,36.8221505,5.8855146
DZMOS,36.0131235,0.1401381
DZORN,35.6970697,-0.6307988
DZSKI,36.8715199,6.9101806
DZSKK,36.867,6.9
DZTBS,35.4,8.117
EGAZA,29.05,33.1
EGADA,29.8667,32.4667
EGAGZ,30.0,31.2167
EGAQU,26.1,34.2833
EGSUZ,29.9667,32.5167
EGAST,27.1833,31.1833
EGBGB,29.9274548,32.4014193
EGDAM,31.4167,31.8167
EGALY,31.1833,29.9167
EGCAI,30.05,31.25
EGTOR,28.2333,33.6167
EGGUA,27.3833,33.6667
EGFAD,30.3167,32.3167
EGMUH,31.3667,27.2333
EGQAH,30.05,31.3667
EGCA7,30.0333,31.4333
EGNUW,28.9667,34.65
EGPSE,31.2167,32.35
EGQUB,30.1667,31.2
EGPRA,31.4,30.4
EGSSH,27.8667,34.2833
EGSCN,30.5666722406,32.4465671144
EGAIS,29.6325617,32.3300171
EGBEH,31.083,30.467
EGBEN,29.067,31.083
EGDMT,31.41667,31.8
EGEDK,31.123045,29.8178676
EGEEG,26.820553,30.802498
EGHAL,22.22043,36.641239
EGHAM,26.2086111,34.0375
EGHRG,27.2578957,33.8116067
EGIKU,31.3,30.3
EGMIN,29.733,31.283
EGPSD,31.2652893,32.3018661
EGPSW,31.25,32.28333
EGRAB,28.933,33.117
EGRSU,29.6,32.667
EGSIN,29.5,34.0
EGSKR,31.3,31.133
EGSOK,29.65,32.35
ERASA,13.0,42.7333
ERMSW,15.6,39.45
GALBV,0.4161976,9.4672676
GAPOG,-0.7351026,8.7591311
GMSUK,13.4,-16.7
GMBJL,13.4548761,-16.5790323
GNPMT,10.75,-14.55
GNBRP,10.5167,-14.7167
GNKMR,10.65,-14.6167
GNBEL,10.233,-14.467
GNBFA,10.183,-14.033
GNCKY,9.6411855,-13.5784012
GNDKA,9.783,-13.5
GNDPL,10.85,-14.5
GNKMC,10.667,-14.583
GQPET,3.7833,8.7167
GQBSG,1.8533177,9.7790227
GQLUB,3.4590145,8.5528746
GQSSG,3.7549606,8.7821344
GWOXB,11.85,-15.5833
GWBOL,11.5833,-15.4667
GWBQE,11.2833,-15.8333
GWCAC,12.2667,-16.15
GWCJA,12.3833,-15.35
GWFAR,12.4833,-15.2167
KESMN,-4.65,39.3833
KESIA,0.0667,34.2833
KEMBA,-4.05,39.64
KMAJN,-12.25,44.4167
KMMUT,-12.15,44.3833
KMYVA,-11.7172157,43.2473146
LRHAR,4.3667,-7.7167
LRMLW,6.3,-10.8
LRRVC,5.4667,-9.5833
LRROX,6.75,-11.366667
LYKHO,32.65,14.2667
LYESI,30.6333,18.3667
LYZAW,32.75,12.7167
LYBAR,31.7667,25.1
LYELK,32.65,14.2667
LYBEN,32.1194242,20.0867909
LYDNF,32.76667,22.63333
LYDRX,32.767,22.633
LYLMQ,30.41,19.57
LYMEL,32.6,15.35
LYMRA,32.3255884,15.0992556
LYTIP,32.8872094,13.1913383
LYTOB,32.0681759,23.941751
MASMD,30.3333,-9.4833
MAAHU,35.25,-3.9333
MAANZ,30.45,-9.65
MAD2V,33.5167,-6.6
MABJD,33.3667,-7.9833
MACAS,33.5833,-7.6
MAELJ,33.25,-8.5
MAESS,31.4167,-9.5
MANPS,32.1667,-9.2667
MAREM,35.1167,-2.4
MARNA,33.6,-7.5667
MASAL,34.0333,-6.8
MA6KN,34.6667,-5.9667
MATNG,35.7833,-5.8167
MATTU,35.5667,-5.3833
MAAGA,30.4277547,-9.5981072
MABUJ,26.133,-14.483
MANDR,35.1686165,-2.9275836
MAPTM,35.7190842,-5.718547
MAZSB,33.85,-7.033
MGEHL,-25.0667,46.95
MGNOS,-13.3333,48.25
MGDIE,-12.3231349,49.2942833
MGHLV,-13.3970988,48.2667279
MGMJN,-15.6921494,46.3336857
MGTLE,-23.3516191,43.6854936
MGTMM,-18.1442811,49.3957836
MGTOA,-18.1442811,49.3957836
MRNDB,20.9425179,-17.0362272
MRNKC,18.0735299,-15.9582372
MUABN,-20.2,57.4
MUPMA,-19.6833,63.4167
MUTAM,-20.3167,57.3667
MUPLU,-20.1608912,57.5012222
MWCPK,-14.0,34.5167
MWTHY,-16.0667,35.1333
MZMZB,-11.3333,40.35
MZBEW,-19.8315949,34.8370183
MZMNC,-14.5656065,40.6854309
MZMPM,-25.969248,32.5731746
MZPOL,-12.9732026,40.5178014
MZUEL,-17.8502636,36.9218584
NALUD,-26.65,15.1667
NGANB,7.2667,7.4
NGANT,9.081999,8.675277
NGANA,4.2167,8.3167
NGFLM,6.45,3.4333
NGIMA,4.2167,7.3833
NGKT7,12.9833,7.5833
NGKIR,4.3333,6.25
NGONN,4.7167,7.15
NGSOT,6.7,3.2333
NGABM,3.517,5.517
NGAPP,6.4446406,3.3640841
NGEAT,4.783,5.283
NGERT,5.35,4.35
NGLKK,6.433,4.0
NGLOS,6.5243793,3.3792057
NGOKN,4.017,7.283
NGOKW,3.85,6.967
NGOSO,2.833,8.0
NGOYO,5.383,4.583
NGPHC,4.815554,7.0498442
NGTIN,6.4327968,3.3451886
NGWAR,5.5543995,5.7932008
RELPT,-20.9333,55.2833
REPOS,-20.9333,55.3333
RESSZ,-20.9,55.6
REPDG,-20.9239278,55.2882602
REREU,-20.88333,55.53333
RERSE,-21.1281127,55.7934301
RERUN,-20.9,55.517
RESPL,-20.983,55.267
RWNSA,-1.2833,30.3167
RWRW4,-1.9535133,30.4386437
SCVIC,-4.6167,55.45
SCMAW,-4.6826693,55.480396
SCPOV,-4.619143,55.4513149
SHASC,-7.95,-14.35
SHRPT,-15.9167,-5.7
SLKSY,8.4667,-13.1833
SLFNA,8.4656765,-13.2317225
SNXLS,16.0333,-16.5
SNDKR,14.716677,-17.4676861
SOGHR,2.7667,45.5167
SOBBO,10.4347941,45.0139904
SOKMU,-0.3560455,42.5460573
SOMGQ,2.0469343,45.3181623
SZMAL,-26.5667,31.1833
SZNHL,-27.1167,31.2
SZ7DS,-26.6167,31.45
TGANE,6.2333,1.6
TGLFW,6.1256261,1.2254183
TNHMM,36.4,10.6167
TNTZE,36.8833,10.3333
TNARI,36.85,10.1833
TNBJC,36.7,10.4
TNCHB,35.2333,11.1
TNGAE,33.8833,10.1167
TNKEB,33.7,8.9667
TNKEM,35.6667,10.8333
TNMAD,35.5,11.05
TNRDS,36.7667,10.2667
TNSLN,36.6833,10.4833
TNZRZ,33.5,11.1167
TNBIZ,37.2767579,9.8641609
TNDID,36.8345384,10.1622747
TNLGN,36.8200203,10.3020843
TNOUD,36.267,11.65
TNRAD,36.76667,10.28333
TNSFA,34.739822,10.7600196
TNSUS,35.8245029,10.634584
TNTAT,36.6,11.683
TNTUN,36.8064948,10.1815316
TZDAR,-6.8,39.2833
TZIKW,-7.9833,39.0167
TZKAG,-1.3001115,31.2626366
TZMWZ,-2.5167,32.9
TZTGT,-5.0888751,39.1023228
TZZNZ,-6.1357295,39.3621196
UGMKN,1.3,32.8667
YTDZA,-12.8,45.2833
YTLON,-12.7167,45.1667
YTMAM,-12.7833,45.2333
YTKNK,-12.95,45.1
ZA8GT,-33.1333,18.1
ZACPT,-33.9167,18.4167
ZADRU,-33.4833,22.5333
ZADUR,-29.85,31.0167
ZACTP,-32.2833,26.4167
ZAEBY,-32.3,18.3167
ZAGSF,-25.7833,28.2833
ZA3WC,-34.6,19.3167
ZAIVI,-29.8833,31.0333
ZAJTP,-26.1667,28.2333
ZAKOS,-33.6667,26.65
ZA2WC,-33.7,18.7
ZAKKN,-31.2167,18.05
ZAKOM,-34.1333,18.3167
ZAMD3,-32.95,27.7667
ZANGG,-29.8,30.8833
ZANNL,-29.35,30.0
ZAPNL,-33.9167,18.4667
ZAPEN,-30.3833,30.7
ZAPED,-31.05,30.2167
ZANGQ,-33.7667,25.6667
ZAJOH,-31.6333,29.5333
ZARWC,-33.35,18.8667
ZA7WC,-34.15,19.9
ZASHM,-26.245369,28.0154995
ZAZE4,-30.4167,30.6833
ZASMN,-34.1833,18.4333
ZASNL,-30.9167,30.3167
ZASTD,-34.1167,18.8333
ZAWWC,-33.8667,19.0333
ZAJNB,-26.2,28.08333333
ZABWA,-22.328474,24.684866
ZADWK,-33.9,18.417
ZAELS,-33.0291582,27.8545867
ZAGTP,-25.7,28.21667
ZAKUU,-4.567,30.1
ZAPLZ,-33.9608369,25.6022423
ZARCB,-28.7807276,32.0382856
ZAZBA,-33.76667,25.66667
ZMSIA,-16.5333,28.7167
ZWFLU,-20.5333,29.2833
ZWGWA,-20.9333,29.0
ZWRSP,-18.5333,32.1167
ZWZMZ,-19.015438,29.154857
ZWCHE,-18.133,30.15
GHTEM,5.62967,0.010285
GHTKD,4.9015794,-1.7830973
NEIBF,6.75,3.41667
SDMBH,12.862807,30.217636
SDPZU,19.5903471,37.1901616
STTMS,0.2602568,6.6210611
ARGEO,-33.1167,-68.8833
ARACF,-34.0833,-60.1167
ARBHI,-38.7167,-62.2833
ARBUE,-34.5833,-58.6667
ARCLC,-45.7484597,-67.3776343
ARCMP,-34.15,-58.95
ARCHO,-29.1667,-67.5
ARCBS,-31.4833,-68.5333
ARCOL,-32.2167,-58.1333
ARCOU,-32.4833,-58.2333
ARIQO,-32.9667,-68.75
ARDSU,-34.65,-58.3333
ARGHU,-33.0167,-58.5167
ARIBY,-33.7333,-59.1667
ARBUI,-33.35,-60.1333
ARINW,-38.7833,-62.2667
ARLPM,-33.4667,-67.55
ARLPG,-34.85,-57.8833
ARLPS,-34.0167,-59.1167
ARLAV,-28.2,-65.1333
ARLUJ,-34.5667,-59.1
ARLCU,-33.05,-68.8667
ARLZG,-32.95,-68.8167
ARMDQ,-38.05,-57.5333
ARNOS,-25.4167,-66.3167
AROVI,-36.8833,-60.3333
ARPP9,-34.6,-58.5167
ARPRA,-31.7333,-60.5333
ARPMY,-42.75,-65.0333
ARPRS,-38.9333,-62.0667
ARPCO,-41.7,-65.0
ARQBR,-32.65,-60.7167
ARQQN,-38.5333,-58.7
ARRWO,-43.3,-65.1
ARRGL,-51.6333,-69.2167
ARRGA,-53.7833,-67.7
ARRIV,-33.1833,-68.4667
ARROS,-32.95,-60.65
ARRFO,-25.8,-64.9667
ARSCA,-33.7667,-69.0333
ARULA,-49.3,-67.7167
ARSMR,-33.0667,-68.4667
ARSNS,-33.3333,-60.2333
ARSPD,-33.6833,-59.1667
ARSSJ,-24.1833,-65.3
ARSSN,-53.3,-68.4667
ARRZA,-50.0167,-68.4167
ARSFN,-31.6,-60.6833
ARSTA,-33.25,-68.15
AROYO,-38.3833,-60.2833
ARTUC,-26.8167,-65.2167
ARTUN,-33.5667,-69.0167
ARUSH,-54.8,-68.3
ARVLO,-34.5167,-58.4833
ARVCN,-33.2333,-60.3333
ARZAE,-34.1,-59.0333
ARASO,-33.133,-60.433
ARBQS,-27.4822998,-58.9334106
ARBVC,-28.5,-59.05
ARCDL,-27.45,-55.75
ARCHL,-39.2879906,-65.6653976
ARCRY,-31.0336304,-64.083252
ARCSA,-36.033,-56.567
ARCUA,-38.7025528,-62.3983345
ARDGU,-33.9,-58.867
ARDME,-32.0697098,-60.6378708
ARJLS,-34.529389,-58.5734048
ARPAL,-32.65,-60.75
ARPBG,-38.8904419,-62.0980415
ARPCY,-25.3272942,-58.0982046
ARPEL,-26.35,-54.683
ARPGV,-38.778492,-62.3007698
ARPLA,-29.017,-59.183
ARPLO,-51.6191398,-69.0068739
ARPME,-36.833,-56.667
ARPQU,-50.1178962,-68.4139341
ARPWA,-25.967,-54.6
ARRAM,-33.4864578,-60.0049095
ARRIC,-52.8777163933,-68.7181378627
ARROC,-34.85,-57.933
ARRSF,-32.65,-60.733
ARSAE,-40.8,-64.733
ARSAL,-34.2934341,-60.2504234
ARSAN,-27.333,-55.583
ARSFE,-34.4430618,-58.5579643
ARSIG,-27.267,-55.567
ARSLO,-27.9166698,-64.4833298
ARSMA,-32.717,-60.733
ARURD,-32.683,-58.883
ARVHE,-31.233,-59.983
ARVMD,-33.6754417,-65.4580688
ARVTT,-30.7038841,-64.0653076
ARXPD,-33.682003,-59.6651649
BOCPB,-16.15,-69.0833
BOGUQ,-16.5833,-68.8667
BOHTJ,-16.1667,-68.7333
BOPBU,-20.0333,-57.9667
BOPPR,-16.2667,-68.6333
BOQJR,-17.7833,-57.7667
BOPUR,-16.290154,-63.588653
BOPSZ,-18.95,-57.8
BORIB,-10.9833,-66.1
BORBQ,-14.4667,-67.5667
BOTDD,-14.8333,-64.9
BOPTC,-15.75,-69.067
BRABT,-19.15,-45.45
BRATB,-1.7,-48.9
BRADL,-26.5667,-52.3333
BRACX,-21.8333,-41.0
BRAGS,-12.1333,-38.4167
BRALH,-7.4333,-34.9
BRALP,-20.8667,-46.3833
BRALU,-2.6667,-44.35
BRADR,-23.0,-44.3
BRARE,-4.95,-37.1333
BRBUN,-5.0833,-37.6167
BRRCH,-19.85,-40.05
BRBAR,-10.9,-37.05
BRBEL,-1.45,-48.5
BRBVS,-1.6667,-50.4833
BRCDO,-6.9667,-34.8333
BRCDM,-22.4833,-42.65
BRCBU,-26.9833,-48.6333
BRCPI,-23.0167,-47.5167
BRCAV,-9.3833,-41.1667
BRCEA,-5.6333,-35.4167
BRCDA,-3.8333,-62.0833
BRCUA,-8.9833,-39.9
BRDIA,-12.6167,-38.3
BRESA,-22.8542299,-46.3189034
BRFEN,-3.85,-32.4167
BRFLN,-27.5833,-48.5667
BRFNO,-22.9667,-42.0333
BRGUA,-5.1,-36.3167
BRGTB,-25.9167,-48.5833
BRIPO,-8.4,-35.05
BRIRO,-20.25,-43.8
BRIAR,-3.1333,-58.4333
BRSPB,-22.8667,-43.7833
BRITZ,-21.0167,-40.8333
BRIOA,-26.1167,-48.6
BRIQI,-2.6,-44.35
BRJRV,-24.25,-49.7
BRJPA,-7.1167,-34.8667
BRJUR,-2.1667,-56.0833
BRLDF,-12.9167,-38.35
BRMAI,-5.85,-35.35
BRMCZ,-9.6667,-35.7167
BRMGU,-0.9,-52.4167
BRNVT,-26.9,-48.65
BRHAR,-29.5667,-50.9
BRNVU,-19.6833,-43.5667
BROUT,-1.25,-48.4333
BRPNN,-12.55,-47.85
BRPNG,-25.5167,-48.5
BRPHB,-2.9167,-41.7667
BRPEC,-3.5333,-38.8667
BRPEN,-12.85,-62.9
BRPOM,-26.75,-49.1667
BRPMA,-2.55,-44.3667
BRPOU,-20.7833,-40.5833
BRPOI,-22.8333,-45.25
BRREL,-19.6333,-39.8167
BRQRZ,-22.4667,-44.45
BRRIO,-22.8833,-43.2333
BRSAL,-22.95,-49.9667
BRSLV,-0.7667,-48.5167
BRMCP,-0.05,-51.1667
BRSTA,-21.5667,-42.1833
BRSSZ,-23.95,-46.3333
BRSLZ,-2.5,-44.3
BRSBJ,-18.7167,-39.85
BRSOM,-22.8667,-51.1333
BRSVT,-23.95,-46.3833
BRSTS,-9.7167,-41.2833
BRTPR,-13.5167,-39.1
BRTMO,-26.85,-49.2833
BRTRM,-29.9667,-50.1333
BRROA,-29.5333,-50.8
BRTFO,-29.95,-51.7167
BRTUB,-20.2833,-40.2333
BRTUT,-2.75,-42.2667
BRVZC,-12.95,-38.6
BRVDC,-1.5333,-48.7333
BRVIX,-20.3167,-40.3333
BRMAO,-3.133333333,-60.0
BRAAR,-1.95,-48.2
BRABZ,-22.75,-41.883
BRACT,-2.4,-44.417
BRAFU,-0.15,-50.383
BRAJU,-10.9,-37.033
BRALT,-1.95,-54.733
BRAMM,-1.517,-52.567
BRANA,-1.367,-48.367
BRANH,-22.783,-48.117
BRANS,-5.65,-48.117
BRANT,-25.417,-48.7
BRARB,-12.7736539,-38.4986495
BRARU,-21.2,-50.433
BRAUN,-14.9,-51.067
BRAUS,-3.567,-59.133
BRBAC,-26.983,-48.633
BRBAZ,-0.967,-62.917
BRBCE,-2.983,-44.3
BRBCT,-4.367,-70.017
BRBEA,-2.783,-57.067
BRBEI,-3.883,-61.367
BRBIR,-22.067,-48.733
BRBLE,-15.85,-38.867
BRBOB,-4.383,-59.583
BRBQQ,-11.083,-43.133
BRBSS,-7.517,-46.033
BRBVI,-1.35,-48.233
BRBVR,-2.967,-57.583
BRCAN,-29.917,-51.167
BRCAR,-4.083,-63.133
BRCCS,-23.0,-48.0
BRCCX,-16.067,-57.667
BRCCY,1.8,-61.133
BRCGA,-8.25,-49.25
BRCGZ,-21.75,-41.317
BRCHE,-0.15,-49.983
BRCHI,-1.0,-48.95
BRCLN,-7.317,-47.467
BRCMA,-2.233,-49.483
BRCMG,-19.0,-57.633
BRCPR,-1.75,-46.533
BRCQD,-29.95,-51.617
BRCRL,-17.733,-39.25
BRCRY,-4.867,-66.883
BRCSL,-30.033,-52.883
BRCTM,-6.517,-64.383
BRCUO,-23.883,-46.417
BRCVZ,-3.183,-59.817
BRCXB,-17.1,-39.18333
BRCZS,-7.617,-72.667
BRDCS,-22.783,-43.3
BRERN,-6.667,-69.85
BRETA,-29.5,-51.967
BRFBA,-2.5,-66.083
BRFOR,-3.717,-38.583
BRGIA,-24.083,-54.233
BRGIB,-30.1,-51.3
BRGJR,-7.533,-72.567
BRGNS,-5.083,-36.267
BRGRP,-1.4,-51.633
BRGUJ,-23.983,-46.233
BRHMA,-7.5,-63.017
BRIBB,-28.233,-48.667
BRIBE,-23.783,-45.35
BRIBT,-12.183,-43.217
BRIGU,-25.533,-54.583
BRIIM,-21.0,-40.833
BRIMP,-5.517,-47.467
BRIOS,-14.783,-39.033
BRIPG,-2.733,-58.033
BRIRB,-3.267,-60.183
BRISA,-20.417,-51.333
BRITJ,-26.9,-48.65
BRITQ,-29.117,-56.55
BRIXA,-7.05,-71.683
BRJAG,-32.55,-53.367
BRJAU,-22.283,-48.55
BRJZO,-9.4,-40.5
BRLDR,-19.0,-57.6
BRLJI,-0.85,-52.533
BRLNH,-19.38333,-40.05
BRLRS,-19.383,-40.05
BRMAB,-5.35,-49.133
BRMAR,-12.767,-38.917
BRMAS,-3.383,-57.7
BRMCU,-5.1,-36.633
BRMDD,-12.733,-38.6
BRMEA,-22.367,-41.767
BRMGT,-22.95,-44.033
BRMNV,-23.933,-54.267
BRMNX,-5.8,-61.283
BRMOS,-5.183,-37.35
BRMOU,-1.883,-48.767
BRMPR,-3.283,-60.617
BRMQR,-3.417,-60.45
BRMRC,-22.917,-42.817
BRNAA,-2.183,-56.717
BRNAO,-2.617,-60.933
BRNAT,-5.75,-35.25
BRNON,-3.883,-59.083
BRNOR,-5.383,-47.8
BRNTR,-22.883,-43.067
BRNVP,-5.117,-60.367
BROSX,-22.9,-43.13333
BRPBD,-24.617,-54.217
BRPBO,-27.133,-48.6
BRPDM,-1.733,-52.233
BRPEO,-21.767,-52.1
BRPET,-31.717,-52.333
BRPFX,-25.45,-48.66667
BRPIN,-2.617,-56.733
BRPIP,-17.333,-44.95
BRPKY,-21.1,-41.05
BRPMH,-21.7,-57.883
BRPNS,-22.35,-48.767
BRPNX,-21.35,-51.85
BRPNZ,-9.383,-40.483
BRPOA,-30.017,-51.217
BRPOL,-1.933,-50.817
BRPPN,-25.583,-48.433
BRPRH,-1.8,-53.467
BRPRM,-20.3,-40.217
BRPRU,-3.4,-39.017
BRPVH,-8.767,-63.817
BRPWA,-9.6,-67.533
BRPWR,-8.25,-72.733
BRQFS,-26.28333,-48.63333
BRREC,-8.05,-34.883
BRRGC,-8.8,-49.55
BRRIG,-32.05,-52.083
BRRPO,-29.983,-52.367
BRSEF,-2.583,-51.95
BRSER,-20.15,-40.267
BRSFS,-26.233,-48.633
BRSGM,-1.617,-47.467
BRSGO,-22.817,-43.017
BRSIR,-0.417,-65.017
BRSMS,-18.717,-39.85
BRSNH,-24.85,-54.333
BRSPD,-22.533,-47.9
BRSPV,-3.45,-68.933
BRSSA,-13.0,-38.483
BRSSB,-2.567,-57.867
BRSSI,-18.983,-50.533
BRSSO,-23.8,-45.4
BRSSR,-22.567,-48.15
BRSTU,-25.433,-54.383
BRSUA,-8.4,-34.967
BRSUE,-0.717,-48.5
BRSVP,-33.517,-53.367
BRTAQ,-29.8,-51.85
BRTBT,-4.217,-69.933
BRTFF,-3.333,-64.7
BRTLD,-2.933,-48.95
BRTLG,-20.783,-51.7
BRTNS,-2.85,-67.767
BRTPW,-5.617,-63.183
BRTRO,-24.167,-54.083
BRTST,-2.1,-56.483
BRTTE,-20.28333,-40.23333
BRUBT,-23.433,-45.067
BRURT,-3.133,-58.15
BRVDX,-2.883,-52.0
BRVGR,-15.65,-56.133
BRVIE,-15.0,-59.95
BRVLC,-1.53333,-48.75
BRVVE,-20.333,-40.283
BRXAA,-6.4,-48.517
BRXQI,-10.817,-42.717
BRYTR,-6.433,-68.233
CLZUD,-41.85,-73.8333
CLANF,-23.6333,-70.3833
CLARI,-18.4833,-70.3167
CLBAG,-52.6167,-70.1333
CLBAR,-26.35,-70.6333
CLCNX,-52.9667,-70.85
CLCBC,-41.75,-73.1333
CLCLD,-27.0333,-70.8
CLCLR,-52.8833,-70.1
CLCOL,-23.75,-70.4667
CLWCA,-42.4667,-73.7667
CLCHB,-45.4833,-72.8167
CLWCH,-42.9167,-72.7
CLCNR,-26.35,-70.6167
CLCCP,-36.8167,-73.05
CLCPO,-27.35,-70.3333
CLCQQ,-29.9667,-71.3333
CLCNL,-37.0167,-73.15
CLCRR,-39.8667,-73.4333
CLCGR,-29.45,-71.3
CLDCH,-42.3833,-73.6667
CLGYC,-29.9833,-71.3667
CLHSO,-28.45,-71.2167
CLIQQ,-20.2167,-70.1333
CLIPC,-27.15,-109.4167
CLISG,-52.6667,-73.6833
CLLSC,-29.8833,-71.2333
CLLEB,-37.6,-73.65
CLLQN,-36.7,-72.9833
CLLIA,-41.25,-73.0
CLLVT,-24.6833,-69.7667
CLLOS,-31.9,-71.5
CLLTA,-37.0833,-73.15
CLMJS,-23.1,-70.45
CLNAL,-36.65,-72.45
CLZOS,-40.5667,-73.15
CLOVL,-30.5833,-71.2
CLLOH,-48.8667,-72.6667
CLPTI,-20.75,-70.1833
CLPCK,-52.95,-71.1833
CLPEO,-36.7167,-72.9833
CLPIS,-19.6,-70.2
CLWPA,-45.3833,-72.7
CLPAG,-23.0833,-70.45
CLPCH,-45.4833,-72.8333
CLEDE,-49.15,-74.45
CLPMC,-41.4667,-72.95
CLPNT,-51.7167,-72.5
CLPAT,-20.8,-70.2
CLPPY,-52.9,-70.2667
CLWPU,-54.9167,-67.6167
CLPUQ,-53.1333,-70.9333
CLPTC,-31.8667,-71.5
CLPTE,-43.1,-73.6167
CLQUV,-43.1333,-73.6667
CLQMC,-42.1333,-73.4833
CLQTV,-32.7667,-71.5333
CLSAI,-33.6,-71.6
CLSVE,-36.7,-73.1333
CLTLX,-35.4167,-71.65
CLTAL,-36.7333,-73.1167
CLTTC,-25.4,-70.4667
CLTOQ,-22.0833,-70.1833
CLTOM,-36.6,-72.95
CLZAL,-39.8167,-73.2167
CLVAP,-33.0333,-71.6333
CLVNT,-32.7333,-71.4833
CLKNA,-32.9833,-71.55
CLACH,-42.45,-73.517
CLARA,-37.25,-73.317
CLAYA,-42.3,-72.783
CLBLR,-52.967,-70.8
CLCAA,-27.083,-70.85
CLCAL,-20.75,-70.2
CLCCA,-41.833,-73.533
CLCDV,-42.433,-73.567
CLCHI,-36.917,-73.017
CLCHO,-42.6,-73.8
CLCHR,-55.1225102,-69.4067496
CLCIS,-44.733,-72.7
CLCRH,-43.0,-73.55
CLCST,-35.333,-72.417
CLGUA,-43.733,-73.9
CLGUR,-52.66667,-73.68333
CLHUH,-42.017,-72.683
CLJFZ,-33.6613889,-78.9277778
CLLLI,-37.2,-73.567
CLMIC,-22.733,-70.267
CLMLI,-43.867,-73.75
CLMLL,-41.617,-73.583
CLOHI,-48.467,-72.567
CLPAN,-39.633,-72.333
CLPGA,-41.8,-73.433
CLPOC,-40.967,-72.9
CLPOS,-29.9,-70.067
CLPQD,-42.583,-73.633
CLPVS,-41.317,-72.983
CLQCO,-42.517,-73.4
CLQLN,-42.867,-73.467
CLRAF,-42.533,-73.783
CLSAA,-38.783,-73.4
CLTON,-30.25,-71.483
CLTOR,-47.833,-73.567
CLTPT,-53.117,-70.883
CLVIL,-39.267,-72.217
COACM,-2.1167,-71.7333
COBAL,2.0333,-77.2167
COCOV,9.5,-75.7333
COLET,-4.2167,-69.9333
COMAM,10.3167,-75.5
COMAU,11.7667,-72.4333
COPUU,0.5167,-76.5
COPBO,10.6833,-74.7333
COPYA,5.9756767,-74.5922391
COPCR,6.1833,-67.4833
COPUC,11.0,-74.95
COPUL,9.3833,-76.1833
COPNM,1.05,-76.5
CORCO,8.9167,-76.3667
COTLU,9.5333,-75.5833
COTRB,8.0833,-76.7167
COYMB,3.5833,-76.4667
COBUN,3.883333333,-77.08333333
COCTG,10.43333333,-75.55
COBAQ,11.0041072,-74.8069813
COCNR,10.383,-75.517
COMIN,11.2,-73.4
COSMR,11.2403547,-74.2110227
COSPC,10.4,-75.533
ECBHA,-0.55,-80.5
ECDUN,-2.2,-79.8333
ECESM,0.9833,-79.7
ECGYE,-2.1667,-79.9
ECGUA,-1.9574839,-79.9192702
ECLLD,-2.2333,-80.9
ECLPT,-2.15,-79.8667
ECMEC,-0.95,-80.7333
ECPSJ,-2.7,-80.25
ECAYO,-0.75,-90.3167
ECPBG,-2.9,-79.8333
ECBAQ,-0.9,-89.6
ECPBO,-3.2667,-79.9833
ECVIL,-0.9333,-91.0167
ECPUN,-2.7333,-79.9167
ECSNC,-2.2167,-80.9667
ECSLR,1.25,-78.8333
ECSYM,-0.4167,-90.2833
ECBLI,-0.283,-90.55
ECESP,-1.383,-89.683
ECFLO,-1.3,-90.433
ECOCC,-0.483,-76.967
ECPEG,-0.233,-90.85
ECPEV,-2.217,-79.917
ECRAB,-0.417,-90.7
ECZTL,-2.317,-80.533
GFCAY,4.9333,-52.3333
GFQKR,3.933889,-53.125782
GFSLM,5.5,-54.0333
GFCCY,5.683,-53.933
GFLCY,4.217,-51.667
GFOYP,3.9,-51.8
GYLDN,6.0,-58.2833
GYGEO,6.8012793,-58.1551255
PEANC,-11.7667,-77.1667
PEPUB,-5.85,-81.0667
PECON,-6.4167,-78.6667
PELOO,-4.1833,-81.1167
PEPMC,-13.3,-77.7833
PEPLO,-10.0833,-78.1833
PEBAR,-12.3833,-76.7833
PETDM,-13.4667,-76.2
PETAG,-4.9263073,-80.3411126
PECLL,-12.05,-77.16666667
PEILQ,-17.6680839,-71.3468091
PELAG,-4.6681951,-75.9927652
PEMLQ,-17.0206337,-72.0171862
PEMRI,-17.0054057,-72.1001434
PEPAI,-5.0938488,-81.0962172
PEPIO,-13.766,-76.2
PYASU,-25.2667,-57.6667
PYBCM,-25.2167,-57.55
PYCAA,-25.3833,-57.1333
PYCAC,-23.442503,-58.443832
PYMRA,-25.1667,-57.55
PYCNP,-23.4,-57.4333
PYENO,-27.3333,-55.9
PYFUO,-21.05,-57.8667
PYPAN,-24.0833,-57.2
PYPGU,-21.3,-57.9167
PYPCJ,-22.2833,-57.9333
PYPSA,-25.4333,-57.5333
PYTER,-25.3833,-57.6333
PYSAN,-25.4200064,-57.5476145
PYVLL,-25.5070168,-57.5589382
SRLLW,5.7,-55.2333
SRPBM,5.8520355,-55.2038278
UYJLC,-34.4333,-57.45
UYPIR,-34.8667,-55.2667
UYCPP,-32.522779,-55.765835
UYMVD,-34.9011127,-56.1645314
VECAR,10.1333,-63.0333
VECBL,8.1167,-63.55
VEGUA,11.7,-70.15
VEJOT,10.1,-64.85
VEPCT,10.2667,-66.95
VEPCO,10.4833,-64.1667
VECMR,11.4833,-69.35
VEPPZ,6.2167,-67.45
VEPCN,11.65,-70.2167
VEPFI,11.6833,-70.1833
VEYUR,7.9167,-72.45
VEAMY,11.776897,-70.2423207
VEEGU,10.8958956,-64.0665046
VEELC,10.25,-64.617
VEGUB,11.67126,-70.2138832
VEGUT,10.2343685,-64.591805
VELAG,10.6024787,-66.9313444
VEMAR,10.642707,-71.6125366
VEMOR,10.483,-68.2
VEPBL,10.4697685,-68.0298654
VEPRC,11.617,-70.233
VEPSU,10.4612133,-64.1903411
VEPTZ,10.15,-64.85
VESLV,10.642707,-71.6125366
ASPPG,-14.2732727,-170.7030577
AUABP,-19.9,148.0833
AUALP,-20.2667,148.7167
AUADL,-34.9167,138.5833
AUAIR,-20.2734789,148.716904
AUALD,-35.0167,138.7333
AUAMR,-12.9167,141.6167
AUANN,-33.8833,151.1667
AUAPP,-32.0167,115.8333
AUAUA,-32.15,116.0
AUDLP,-33.7833,150.8667
AUASB,-21.6833,115.0
AUASH,-34.9333,138.7333
AUP6D,-38.0333,145.1
AUATT,-32.0167,115.7833
AUAGS,-34.3167,115.1667
AUALI,-33.2833,115.7167
AUBAE,-32.4,150.4833
AUBAA,-34.9833,138.8333
AUBAL,-38.3667,145.1333
AUBNN,-38.05,144.1667
AUBBL,-34.2667,146.1
AUBE9,-33.7333,151.2167
AUBVD,-35.3,138.9333
AUBFD,-32.8,151.65
AUBKE,-33.35,151.4333
AUBRR,-38.4167,146.0667
AUBIC,-41.8667,148.2833
AUBLP,-11.15,132.15
AUTTS,-42.9833,147.3167
AUBNY,-33.5333,149.25
AUBOB,-31.7167,152.2833
AUBDY,-34.85,150.6167
AUBOO,-10.6,141.9167
AUBOD,-27.3333,153.05
AUBOT,-36.1167,143.7167
AUBOU,-34.7,143.15
AUBOY,-42.8333,147.3
AUBBY,-34.3833,119.3667
AUBOL,-36.6,143.95
AUBPO,-41.0,147.4
AUBSA,-33.95,151.15
AUBNE,-27.4667,153.0167
AUNSB,-32.75,151.1
AUBUL,-34.3,150.9167
AUBLL,-31.6667,116.0
AUBWI,-27.0667,153.3667
AUBUC,-17.7333,139.5333
AUBYY,-37.8667,147.0333
AUCMB,-42.8333,147.45
AUCMP,-33.8833,151.1667
AUCAP,-27.5167,153.1833
AUDON,-11.3167,131.75
AUCBO,-36.6333,146.55
AUCAR,-27.5,153.0833
AUCLF,-33.7833,151.05
AUCVS,-31.8833,115.9667
AUCHE,-27.3833,153.1667
AUCN6,-28.2333,153.55
AUCHT,-31.4833,116.1
AUSCL,-33.8333,138.6
AUCLM,-31.9833,115.7833
AUCDN,-35.1167,138.6333
AUCVN,-27.5333,153.2667
AUCVL,-33.9,151.25
AUCST,-37.7167,145.3667
AUCMO,-34.0,151.0667
AUCDE,-26.9333,150.1333
AUCOU,-26.55,153.0833
AUCOO,-27.8833,153.3
AUCNW,-37.3,140.8167
AUCPR,-27.5,153.05
AUCRL,-23.1333,113.7667
AUCRS,-19.0833,150.9
AUCBA,-38.1167,144.4333
AUCRV,-35.05,138.6167
AUCTE,-32.0,115.7667
AUCTT,-37.6333,145.2167
AUDIL,-34.9167,138.55
AUCOW,-33.8667,115.0833
AUCRF,-35.0,138.7
AUCRE,-27.6833,153.0833
AUC8R,-34.7667,139.0
AUCRU,-34.05,151.15
AUDIT,-9.6,143.3
AUDAL,-34.7167,149.1833
AUDAR,-33.4,115.75
AUDRW,-12.45,130.8333
AUDHI,-12.25,135.0833
AUDIA,-37.6667,145.15
AUDRY,-38.1667,144.5667
AUEDE,-34.65,139.1
AUELB,-11.9,136.55
AUELT,-37.7333,145.15
AUEVL,-12.6667,141.85
AUFIN,-34.9,138.5333
AUFLN,-38.1667,146.6833
AUFLD,-34.3667,114.0667
AUFWT,-33.7667,151.2833
AUGBT,-19.2667,146.7667
AUGEM,-37.95,145.55
AUGOA,-35.5,138.7833
AUGOR,-37.5833,144.1
AUGOH,-12.2167,136.6667
AUGTH,-27.5833,152.2
AUGRB,-41.3,146.9667
AUGTW,-37.15,142.85
AUGRK,-34.4667,138.9167
AUGRU,-37.7333,145.45
AUGUM,-34.8333,138.8833
AUHAH,-35.0333,138.8
AUHTT,-35.0667,138.5
AUHAM,-38.3333,145.25
AUHWD,-34.3333,146.0333
AUHPP,-35.0833,138.5333
AUHAS,-38.3,145.25
AUHTH,-36.9167,144.7167
AUHBE,-32.7833,151.7333
AUHFR,-32.1667,115.7667
AUHNK,-18.3833,146.2833
AUHBA,-42.8667,147.3
AUHDD,-37.8333,145.5833
AUIGF,-34.8333,138.6333
AUIRY,-34.25,142.1667
AUJAR,-32.35,116.0667
AUKAN,-35.15,138.65
AUKRB,-17.4833,140.8333
AUKAY,-41.1833,146.8833
AUKEI,-36.1,140.35
AUKEY,-34.5667,139.1333
AULMQ,-33.0667,151.6
AULEN,-37.8833,147.9833
AULAN,-12.0833,135.35
AULYD,-37.75,145.3667
AULOW,-33.3833,151.3667
AULUB,-33.6833,136.9167
AUMKY,-21.15,149.2
AUMQI,-54.4833,158.9333
AUMRK,-33.7667,151.1167
AUMBY,-37.7833,144.8833
AUMAR,-33.9167,151.1667
AUSAD,-37.5,143.75
AUKLL,-38.9167,145.6
AUMEL,-37.8167,144.9667
AUMLI,-11.55,130.9333
AUMLL,-26.6833,153.1333
AUMOK,-34.2833,140.35
AUMDC,-38.0167,145.0833
AUMGE,-27.5333,153.0833
AUMHW,-31.9167,115.8333
AUMOW,-41.3833,147.1333
AUMWA,-36.0,146.0
AUNEQ,-34.2,146.0333
AUNLK,-42.7833,147.0667
AUVIC,-37.7,143.65
AUNIV,-22.6896945,113.6983041
AUNB2,-33.8,151.2167
AUOKF,-34.55,150.8167
AUONS,-21.65,115.1
AUPAG,-33.8833,151.2167
AUDSW,-33.95,151.0333
AUPAL,-12.4667,130.8333
AUPEN,-33.8,150.95
AUPER,-31.95,115.85
AUPIS,-38.4833,145.2333
AUPYT,-21.15,149.0167
AUPHP,-38.1167,144.4333
AUPDI,-29.2667,114.9333
AUFRY,-38.3667,142.2333
AUT3P,-34.0667,151.1333
AUPOR,-37.8333,144.9333
AUPBN,-27.3833,153.1667
AUPTW,-35.2667,138.45
AUPHR,-37.85,145.0
AUPYE,-37.0833,143.4833
AUPYR,-33.8667,151.1833
AURAF,-11.2667,132.3833
AUREV,-33.95,151.0
AURLL,-36.1,138.5333
AURDS,-33.8333,151.0833
AUROB,-37.1833,139.75
AURNB,-23.1667,150.7833
AUROZ,-33.85,151.1667
AUSGT,-32.8667,151.7
AUSCY,-37.9,145.2167
AU5CI,-37.9167,145.3833
AUSMR,-27.55,152.95
AUSKA,-11.75,142.0167
AUSBN,-27.4667,153.0167
AUSTR,-23.9,151.2833
AUSPO,-41.2167,146.35
AUSUH,-33.8833,151.2167
AUSYD,-33.85,151.2
AUSYL,-34.0167,151.1
AUDGA,-32.6667,152.15
AUGUR,-38.3667,145.55
AUCTH,-21.45,114.9833
AUTRD,-38.2167,145.3833
AUTOR,-33.0,151.6
AUTRI,-13.75,126.1333
AUTHS,-28.2,153.5333
AUDA5,-34.6,138.5
AUULA,-35.35,150.4167
AUUMB,-13.85,136.8
AUWSN,-32.9667,151.65
AUWTW,-38.0,145.1167
AUWTN,-28.75,114.6167
AUKJH,-34.9,138.5333
AUWHL,-38.6667,146.4333
AUWWP,-33.8333,151.0667
AUWRB,-37.9,144.65
AUWNB,-20.5833,116.7833
AUWOO,-33.8667,151.2167
AUYRR,-37.7833,145.6167
AUFRE,-32.05,115.7333333
AUALH,-35.033,117.8833
AUARD,-34.4230702,137.9174283
AUBAH,-35.7719206,137.7828158
AUBAR,-38.7,146.383
AUBCH,-37.4805929,140.0125011
AUBDB,-24.766,152.3833
AUBEL,-41.1337325,146.8579201
AUBMW,-37.6832693,144.9199591
AUBTB,-33.992675,151.175225
AUBUS,-33.6979869,115.3074646
AUBUV,-12.3783401,130.9032151
AUBWT,-41.0528583,145.9052168
AUBYP,-41.149102,146.8183598
AUCAL,-26.8042574,153.1244868
AUCCU,-24.239679,113.393501
AUCHA,-33.796076,151.1831019
AUCHB,-33.1477884,151.6284924
AUCLN,-34.3534566,115.1474134
AUCLR,-29.3857771,153.3122414
AUCLT,-20.5833333,117.1666667
AUCPN,-20.85,116.2
AUCQP,-14.9666667,145.35
AUCTI,-33.8470558,151.1716362
AUCUN,-37.8726442,145.0247002
AUDAA,-27.5661737,152.9523014
AUDAM,-20.666,116.7
AUDFE,-35.0467726,138.726931
AUDPO,-41.1770585,146.3451775
AUEDB,-35.084683,137.745704
AUELE,-43.0552954,147.2600733
AUFIS,-30.1374527,114.9424167
AUGEX,-38.1499181,144.3617186
AUGLL,-33.8666667,151.1833333
AUGLT,-23.8415948,151.2497708
AUGOI,-10.5625567,142.1607088
AUGRH,-30.067475,114.9679453
AUGTY,-33.9212714,151.2270202
AUHOT,-33.9448185,120.1263495
AUHPT,-21.3055785,149.2921629
AUHYI,-12.2885392,136.053937
AUIPS,-27.6140934,152.7584716
AUJML,-31.65,152.8
AUKNG,-35.533,139.1
AULST,-41.431743,147.144354
AUMID,-31.8918569,116.0134727
AUMIL,-33.9379619,150.9889526
AUNHU,-12.183,136.783
AUNTL,-32.9282712,151.7816802
AUNWS,-32.0,147.0
AUPHE,-20.3106621,118.5878223
AUPIC,-34.183,150.6
AUPKL,-34.485392,150.8995794
AUPKY,-33.167,134.683
AURYP,-33.5,123.983
AUSOL,-34.517,138.817
AUTIS,-10.583,142.2166
AUTOL,-27.4,153.05
AUTSV,-19.2589635,146.8169483
AUWIH,-31.867,152.367
AUWLY,-37.88333,145.13333
AUWSI,-20.25,149.017
FJDEN,-17.7667,177.3833
FJELL,-17.35,178.2167
FJLBS,-16.4167,179.3833
FJLTK,-17.6167,177.45
FJMAL,-16.3667,179.3833
FJMOM,-17.9167,177.2833
FJNAM,-16.9833,178.7
FJSIN,-18.1667,177.5167
FJSUV,-18.1333,178.45
FJVAT,-17.4,177.7667
FJVUD,-17.6,177.5
FJWAI,-16.8075135,179.9918393
FJLEV,-17.6817232,178.8323025
GUBRR,13.4667,144.7833
GUGUM,13.444304,144.793731
KIBIR,-3.5833,-171.5167
KIEBI,-3.15,-171.083
KIHUL,-4.517,-172.183
KIMCK,-3.583,-174.117
KINIK,-4.683,-174.517
KISYI,-4.467,-171.25
KITRW,1.4518171,172.9716617
MHMAJ,7.1,171.3833
NCDUS,-22.2333,166.45
NCMTD,-22.2833,166.5833
NCNAK,-21.55,166.0333
NCNEP,-21.3167,165.0
NCNOU,-22.2667,166.45
NCPOR,-21.3,165.7167
NCPNY,-22.3167,166.8167
NCTUD,-20.7667,164.4
NCVAV,-21.0,164.6667
NCWAL,-20.904305,165.618042
NCKOU,-21.4,165.833
NCLIF,-20.967,167.233
NCMEE,-21.5,167.983
NCPAA,-20.483,164.2
NRINU,-0.55,166.9167
NUALO,-19.05,-169.9167
NUIUE,-19.0737811,-169.8520818
NZAKA,-43.8,172.95
NZAKL,-36.8333,174.8
NZBLU,-46.6,168.3167
NZBUW,-41.3,174.8
NZCSA,-36.8167,174.7167
NZDPC,-45.45,167.15
NZDEV,-36.8333,174.7833
NZGIS,-38.6667,178.0333
NZGLE,-44.9167,171.1
NZGMN,-42.4333,171.2
NZKBZ,-42.4167,173.7
NZKAU,-36.8167,174.6833
NZLYT,-43.6,172.7167
NZMAP,-35.8333,174.5
NZMAB,-36.7667,174.9667
NZMFN,-44.6667,167.9167
NZNPE,-39.4667,176.9
NZNSN,-41.25,173.2667
NZNPL,-39.05,174.0167
NZONE,-37.0,174.6667
NZOPX,-35.3167,174.1167
NZORR,-45.8,170.6167
NZOTT,-44.6167,170.2667
NZPCN,-41.2833,174.0
NZPOE,-45.8167,170.6
NZRAV,-45.8667,170.55
NZOLT,-43.5833,172.3833
NZRUS,-35.2667,174.1167
NZSEA,-44.3967509,171.2421265
NZSHB,-41.2833,174.8167
NZTHH,-38.15,174.7333
NZTAK,-36.7833,174.7667
NZHMB,-36.8833,174.9
NZTKH,-40.8333,172.8833
NZTRG,-37.6833,176.1667
NZTIU,-44.3833,171.25
NZTWI,-46.5833,168.35
NZTRY,-36.3,175.4833
NZWTG,-35.25,174.0833
NZWAG,-39.9333,174.9833
NZWLG,-41.2667,174.7833
NZWSZ,-41.7333,171.5833
NZWHN,-36.2333,175.3833
NZWRE,-35.8333,174.4833
NZWHR,-35.0333,173.75
NZPON,-41.267,173.267
NZWKE,-36.8,175.1
PFAHU,-27.6167,-144.35
PFAUT,-22.4833,-151.3333
PFBOB,-16.45,-151.75
PFFAT,-10.4833,-138.65
PFHEU,-8.8284308,-140.082819
PFHHT,-19.8667,-145.0
PFIKI,-17.8333,-140.85
PFMOE,-22.45,-151.35
PFTUP,-16.1167,-146.3667
PFOTP,-18.1167,-140.9
PFPPT,-17.55,-149.6167
PFRVV,-23.8833,-147.6667
PFTAI,-8.9118982,-140.098379
PFUTU,-16.7333,-151.45
PFNHV,-8.867,-140.133
PGAIA,-7.35,141.2667
PGAMI,-6.1167,150.75
PGCAU,-9.3333,146.9333
PGKAI,-8.4167,151.1
PGKRX,-4.6333,145.9667
PGLDT,-3.0667,152.6167
PGMAG,-5.2167,145.7833
PGMTK,-9.4333,147.1
PGPDO,-4.5667,151.6167
PGSQT,-10.6333,150.6333
PGWAT,-6.0833,145.2167
PGYEN,-4.1333,143.25
PGALC,-9.567,152.45
PGBOI,-9.267,142.217
PGBUA,-5.4236673,154.671794
PGCFG,-10.783,151.8
PGDBL,-10.783,152.4
PGGAW,-8.967,151.983
PGGUR,-10.316,150.45
PGKIM,-5.5511652,150.1387297
PGLAE,-6.7155252,146.999905
PGLAK,-2.883,151.25
PGLAM,-4.8,152.833
PGLLA,-9.283,153.667
PGLOM,-2.033,147.367
PGNAP,-9.45,147.117
PGPOM,-9.4438004,147.1802671
PGRAB,-4.1999648,152.1644612
PGROR,-8.9,148.4833
PGTMI,-6.767,147.9
PGULA,-5.0,151.25
PGWWK,-3.5800229,143.6583166
SBCHY,-6.7,156.4333
SBGZO,-8.1,156.85
SBLEV,-8.0167,157.6
SBRIN,-8.1167,157.1167
SBSHH,-7.0833,155.8667
SBXYA,-9.1167,159.2167
SBHIR,-9.4456381,159.9728999
SBNOR,-8.2409868,157.199876
TKAFU,-8.5333,-172.5167
TKFKO,-9.3667,-171.25
TKNKU,-9.1667,-171.85
TOTBU,-21.1333,-175.2
TONEI,-18.6476779,-173.9836854
VULUG,-15.5333,167.1667
VUSAN,-15.3003549,166.9182097
VUVLI,-17.7332512,168.3273245
WFMAU,-13.2833,-176.1833
WFSIG,-14.2833,-178.1667
CKAIT,-18.8579523,-159.7852843
CKRAR,-21.2292371,-159.7763491
FMEAU,6.7,143.067
FMGAF,9.233,145.383
FMIFA,7.233,144.45
FMKSA,5.3095618,162.9814877
FMLUK,5.517,153.767
FMPLW,7.35,149.183
FMPNI,6.8541254,158.2623822
FMPUL,7.583,149.417
FMSAT,7.35,147.033
FMSOR,8.133,140.383
FMTKK,7.1386759,151.5593065
FMWOL,7.35,143.867
FMYAP,9.5556503,138.1399232
MPSPN,15.1850483,145.7467259
NFNLK,-29.040835,167.954712
PWROR,7.3375646,134.4889469
TVFUN,-8.5211471,179.1961926
WSAPW,-13.8506958,-171.7513551
